school_id,school_name,district,block,total_enrolled_students,school_type,medium,attendance_records,average_attendance_rate,perfect_attendance_records,proxy_attendance_records,invalid_attendance_records,perfect_attendance_rate,proxy_attendance_rate,invalid_attendance_rate,test_records,score_records_available,average_test_score,score_conversion_rate,mdm_records,total_grain_quantity_kg,total_mdm_cost,paid_records,pending_records,due_records,payment_status_available,paid_percentage,infrastructure_records,electricity_available,drinking_water_available,functional_toilet_available,boundary_wall_available,playground_available,average_facility_count,all_core_facilities_count,attendance_risk,proxy_risk,score_risk,infrastructure_risk,retention_risk_indicator
SCH0050,Govt. Senior Secondary School Tank,Moga,Moga-I,424,Secondary,Punjabi,39,81.64,4,2,1,10.26,5.13,2.56,19,12,76.51,63.16,22,565.5,63490.0,9,13,0,22,40.91,5.0,100.0,80.0,40.0,50.0,0.0,2.4,0.0,18.36,5.13,23.49,52.0,24.74
SCH0583,Govt. Middle School Dara,Ferozepur,Makhu,436,Higher Secondary,Punjabi,30,78.0,2,2,1,6.67,6.67,3.33,16,13,63.52,81.25,29,781.1,84481.0,10,13,2,25,40.0,6.0,50.0,100.0,66.66666666666666,40.0,80.0,2.83,0.0,22.0,6.67,36.48,43.33,27.12
SCH0083,Govt. Primary School Dutta,Bathinda,Talwandi Sabo,196,Primary,Hindi,37,79.2,0,0,1,0.0,0.0,2.7,14,11,69.36,78.57,25,755.0,71682.0,5,12,5,22,22.73,5.0,80.0,100.0,100.0,40.0,80.0,3.4,0.0,20.8,0.0,30.64,32.0,20.86
SCH0306,Govt. Elementary School Bhardwaj,Patiala,Unknown,375,Primary,Hindi,32,83.96,3,2,3,9.38,6.25,9.38,17,13,72.16,76.47,18,350.5,30779.0,8,3,3,14,57.14,6.0,66.66666666666666,80.0,66.66666666666666,25.0,50.0,2.5,0.0,16.04,6.25,27.84,50.0,25.03
SCH0110,Govt. Primary School Goswami,Moga,Bagha Purana,398,Higher Secondary,Punjabi,38,79.33,1,1,2,2.63,2.63,5.26,10,7,58.19,70.0,23,757.9,51080.0,10,7,3,20,50.0,2.0,50.0,100.0,50.0,100.0,50.0,3.0,1.0,20.67,2.63,41.81,40.0,26.28
SCH0011,Govt. Senior Secondary School Munshi,Patiala,Samana,422,Higher Secondary,Punjabi,34,83.11,3,2,2,8.82,5.88,5.88,14,8,83.4,57.14,16,489.6,45730.0,9,4,2,15,60.0,3.0,100.0,100.0,100.0,33.33333333333333,33.33333333333333,3.33,0.0,16.89,5.88,16.6,33.33,18.18
SCH0269,Govt. Middle School Narayanan,Amritsar,Amritsar-Ii,332,Higher Secondary,Punjabi,27,79.73,2,1,0,7.41,3.7,0.0,11,6,77.02,54.55,21,586.5,48819.0,9,6,5,20,45.0,6.0,50.0,83.33333333333334,80.0,66.66666666666666,20.0,2.67,0.0,20.27,3.7,22.98,46.67,23.41
SCH0354,Govt. Senior Secondary School Kakar,Moga,Moga-Ii,402,Secondary,English,36,85.89,3,2,3,8.33,5.56,8.33,13,13,66.18,100.0,27,716.7,51172.0,12,8,4,24,50.0,7.0,66.66666666666666,80.0,100.0,57.14285714285714,33.33333333333333,3.0,1.0,14.11,5.56,33.82,40.0,23.37
SCH0329,Govt. Elementary School Modi,Sangrur,Unknown,415,Upper Primary,Hindi,38,81.27,2,1,3,5.26,2.63,7.89,14,10,64.96,71.43,17,413.0,28150.0,9,4,2,15,60.0,7.0,100.0,100.0,71.42857142857143,71.42857142857143,50.0,3.43,1.0,18.73,2.63,35.04,31.43,21.96
SCH0534,Govt. Elementary School Pau,Ferozepur,Makhu,410,Primary,Hindi,44,79.79,5,3,0,11.36,6.82,0.0,13,9,76.46,69.23,20,534.0,49070.0,11,2,6,19,57.89,11.0,81.81818181818183,54.54545454545454,62.5,77.77777777777779,30.0,2.73,0.0,20.21,6.82,23.54,45.45,24.01
SCH0282,Govt. Primary School Palan,Sangrur,Unknown,203,Primary,English,30,81.12,3,3,1,10.0,10.0,3.33,12,10,59.92,83.33,16,239.3,24354.0,8,2,2,12,66.67,7.0,71.42857142857143,71.42857142857143,85.71428571428571,80.0,100.0,3.71,1.0,18.88,10.0,40.08,25.71,23.67
SCH0488,Govt. Primary School Nayak,Bathinda,Maur,57,Upper Primary,Punjabi,34,85.68,7,7,2,20.59,20.59,5.88,16,11,61.74,68.75,15,360.4,36234.0,8,2,2,12,66.67,6.0,66.66666666666666,100.0,83.33333333333334,40.0,40.0,2.83,0.0,14.32,20.59,38.26,43.33,29.13
SCH0235,Govt. Senior Secondary School Balan,Amritsar,Amritsar-Ii,315,Upper Primary,Punjabi,44,83.89,6,4,3,13.64,9.09,6.82,16,12,71.53,75.0,17,325.9,28461.0,12,4,1,17,70.59,6.0,100.0,75.0,80.0,66.66666666666666,50.0,3.33,0.0,16.11,9.09,28.47,33.33,21.75
SCH0132,Govt. Primary School Rajagopal,Amritsar,Tarn Taran,89,Secondary,Hindi,36,83.06,2,2,2,5.56,5.56,5.56,14,11,70.88,78.57,17,346.0,34791.0,7,3,3,13,53.85,11.0,90.0,75.0,85.71428571428571,50.0,70.0,2.91,0.0,16.94,5.56,29.12,41.82,23.36
SCH0003,Govt. Senior Secondary School Chopra,Ferozepur,Zira,269,Primary,English,32,80.75,1,1,1,3.12,3.12,3.12,12,10,72.77,83.33,16,356.7,28912.0,5,5,3,13,38.46,6.0,100.0,100.0,80.0,60.0,66.66666666666666,3.5,0.0,19.25,3.12,27.23,30.0,19.9
SCH0228,Govt. Elementary School Sankar,Sangrur,Sunam,272,Secondary,Hindi,30,76.24,2,1,0,6.67,3.33,0.0,21,17,65.67,80.95,20,363.2,57354.0,5,9,2,16,31.25,7.0,100.0,85.71428571428571,83.33333333333334,71.42857142857143,57.14285714285714,3.71,2.0,23.76,3.33,34.33,25.71,21.78
SCH0577,Govt. Elementary School Magar,Ludhiana,Doraha,80,Higher Secondary,English,22,85.03,2,2,1,9.09,9.09,4.55,11,6,64.7,54.55,20,370.3,37506.0,6,8,6,20,30.0,4.0,75.0,100.0,100.0,100.0,75.0,4.0,2.0,14.97,9.09,35.3,20.0,19.84
SCH0427,Govt. Elementary School Mangat,Jalandhar,Phillaur,42,Primary,Punjabi,23,78.84,2,0,1,8.7,0.0,4.35,10,9,65.5,90.0,20,696.0,55102.0,11,2,5,18,61.11,5.0,100.0,100.0,100.0,66.66666666666666,50.0,3.6,1.0,21.16,0.0,34.5,28.0,20.91
SCH0185,Govt. Elementary School Tata,Sangrur,Sunam,102,Primary,English,37,81.55,2,2,3,5.41,5.41,8.11,11,7,62.93,63.64,21,481.1,62930.0,8,7,1,16,50.0,4.0,100.0,100.0,100.0,50.0,100.0,4.25,2.0,18.45,5.41,37.07,15.0,18.98
SCH0399,Govt. Middle School Konda,Patiala,Samana,199,Higher Secondary,Punjabi,30,84.22,4,1,0,13.33,3.33,0.0,15,10,72.14,66.67,23,456.0,56900.0,14,5,1,20,70.0,2.0,50.0,100.0,0.0,50.0,50.0,2.0,0.0,15.78,3.33,27.86,60.0,26.74
SCH0375,Govt. Primary School Karan,Ferozepur,Ferozepur,242,Secondary,English,33,82.99,2,1,2,6.06,3.03,6.06,9,4,66.38,44.44,21,539.0,45843.0,10,3,2,15,66.67,5.0,100.0,100.0,66.66666666666666,60.0,40.0,3.2,1.0,17.01,3.03,33.62,36.0,22.42
SCH0079,Govt. Primary School Dash,Bathinda,Maur,366,Higher Secondary,Punjabi,32,82.25,2,2,1,6.25,6.25,3.12,9,7,66.16,77.78,23,442.8,48452.0,9,4,7,20,45.0,3.0,100.0,100.0,100.0,100.0,100.0,4.0,1.0,17.75,6.25,33.84,20.0,19.46
SCH0248,Govt. Elementary School Grover,Ferozepur,Mamdot,313,Secondary,Punjabi,35,77.62,2,1,0,5.71,2.86,0.0,9,9,73.37,100.0,25,614.1,47381.0,12,4,7,23,52.17,5.0,80.0,100.0,60.0,60.0,40.0,3.4,0.0,22.38,2.86,26.63,32.0,20.97
SCH0056,Govt. Primary School Nagar,Sangrur,Sangrur,405,Secondary,Hindi,26,83.05,2,2,1,7.69,7.69,3.85,14,10,70.65,71.43,20,561.2,48454.0,9,6,4,19,47.37,6.0,83.33333333333334,100.0,100.0,60.0,66.66666666666666,3.5,2.0,16.95,7.69,29.35,30.0,21.0
SCH0221,Govt. Middle School Butala,Bathinda,Bathinda,44,Primary,Hindi,35,77.43,2,1,1,5.71,2.86,2.86,12,10,67.74,83.33,21,437.4,59389.0,14,4,2,20,70.0,10.0,70.0,71.42857142857143,100.0,55.55555555555556,50.0,3.2,2.0,22.57,2.86,32.26,36.0,23.42
SCH0524,Govt. Primary School Sabharwal,Ludhiana,Ludhiana-Ii,92,Upper Primary,Hindi,34,82.43,1,1,1,2.94,2.94,2.94,16,13,62.72,81.25,16,365.0,43816.0,10,4,2,16,62.5,8.0,62.5,85.71428571428571,75.0,50.0,50.0,3.0,0.0,17.57,2.94,37.28,40.0,24.45
SCH0249,Govt. Senior Secondary School Toor,Moga,Moga-Ii,229,Primary,Punjabi,35,83.02,6,5,0,17.14,14.29,0.0,16,13,67.05,81.25,17,484.6,43548.0,6,6,3,15,40.0,5.0,80.0,75.0,100.0,40.0,40.0,3.2,0.0,16.98,14.29,32.95,36.0,25.06
SCH0383,Govt. Senior Secondary School Sama,Ludhiana,Ludhiana-Ii,332,Upper Primary,English,27,81.67,3,1,1,11.11,3.7,3.7,15,8,62.59,53.33,21,435.7,37027.0,8,5,3,16,50.0,3.0,66.66666666666666,100.0,100.0,50.0,33.33333333333333,3.33,1.0,18.33,3.7,37.41,33.33,23.19
SCH0500,Govt. Elementary School Kala,Bathinda,Talwandi Sabo,153,Upper Primary,Hindi,27,83.89,3,2,2,11.11,7.41,7.41,11,6,63.62,54.55,28,784.3,64607.0,10,7,4,21,47.62,4.0,75.0,100.0,100.0,33.33333333333333,100.0,3.75,0.0,16.11,7.41,36.38,25.0,21.22
SCH0553,Govt. Elementary School Brar,Ludhiana,Machhiwara,80,Secondary,Punjabi,24,85.19,5,3,1,20.83,12.5,4.17,14,9,65.54,64.29,30,804.7,69153.0,13,10,2,25,52.0,6.0,60.0,80.0,50.0,66.66666666666666,50.0,2.83,0.0,14.81,12.5,34.46,43.33,26.27
SCH0040,Govt. Primary School Gole,Jalandhar,Nakodar,440,Upper Primary,Punjabi,38,79.74,5,4,0,13.16,10.53,0.0,7,5,62.16,71.43,21,500.1,54219.0,12,3,2,17,70.59,6.0,50.0,83.33333333333334,83.33333333333334,83.33333333333334,60.0,3.5,0.0,20.26,10.53,37.84,30.0,24.66
SCH0146,Govt. Primary School Sundaram,Bathinda,Rampura Phul,153,Upper Primary,Hindi,42,83.99,3,3,2,7.14,7.14,4.76,16,15,72.69,93.75,21,545.7,58453.0,8,3,4,15,53.33,4.0,75.0,75.0,66.66666666666666,75.0,66.66666666666666,3.25,0.0,16.01,7.14,27.31,35.0,21.37
SCH0378,Govt. Middle School Mitter,Amritsar,Amritsar-Ii,266,Higher Secondary,Hindi,43,80.15,1,1,2,2.33,2.33,4.65,14,12,58.99,85.71,20,626.0,53634.0,10,7,1,18,55.56,3.0,50.0,100.0,50.0,0.0,33.33333333333333,2.0,0.0,19.85,2.33,41.01,60.0,30.8
SCH0078,Govt. Senior Secondary School Bhavsar,Bathinda,Maur,224,Primary,Punjabi,38,83.06,4,4,2,10.53,10.53,5.26,21,17,71.29,80.95,16,405.6,51132.0,7,7,0,14,50.0,10.0,66.66666666666666,70.0,77.77777777777779,37.5,60.0,2.9,1.0,16.94,10.53,28.71,42.0,24.55
SCH0119,Govt. Middle School Sur,Ferozepur,Unknown,252,Higher Secondary,English,36,84.19,4,3,1,11.11,8.33,2.78,14,11,63.94,78.57,20,549.5,69234.0,9,6,2,17,52.94,6.0,60.0,100.0,80.0,75.0,66.66666666666666,3.17,1.0,15.81,8.33,36.06,36.67,24.22
SCH0401,Govt. Senior Secondary School Sunder,Moga,Moga-Ii,124,Higher Secondary,Hindi,28,79.64,1,1,0,3.57,3.57,0.0,15,14,66.01,93.33,22,663.7,57670.0,10,6,2,18,55.56,4.0,75.0,66.66666666666666,75.0,66.66666666666666,25.0,2.75,0.0,20.36,3.57,33.99,45.0,25.73
SCH0149,Govt. Middle School Uppal,Moga,Bagha Purana,117,Higher Secondary,Hindi,30,84.04,6,3,0,20.0,10.0,0.0,23,20,70.44,86.96,24,600.8,64516.0,12,6,4,22,54.55,2.0,50.0,100.0,50.0,50.0,100.0,3.0,0.0,15.96,10.0,29.56,40.0,23.88
SCH0332,Govt. Senior Secondary School Lad,Ferozepur,Makhu,274,Primary,Punjabi,37,86.07,4,3,2,10.81,8.11,5.41,12,9,72.98,75.0,28,500.9,58362.0,12,9,4,25,48.0,4.0,75.0,100.0,100.0,75.0,50.0,4.0,1.0,13.93,8.11,27.02,20.0,17.27
SCH0133,Govt. Primary School Thakur,Moga,Moga-I,250,Higher Secondary,Hindi,25,79.89,0,0,1,0.0,0.0,4.0,15,13,62.71,86.67,21,469.3,59245.0,10,6,2,18,55.56,7.0,83.33333333333334,66.66666666666666,100.0,80.0,50.0,3.29,1.0,20.11,0.0,37.29,34.29,22.92
SCH0216,Govt. Senior Secondary School Oommen,Patiala,Nabha,315,Secondary,Hindi,40,84.98,3,2,3,7.5,5.0,7.5,11,9,76.4,81.82,20,583.7,54381.0,9,7,1,17,52.94,3.0,33.33333333333333,66.66666666666666,66.66666666666666,50.0,66.66666666666666,2.67,0.0,15.02,5.0,23.6,46.67,22.57
SCH0585,Govt. Primary School Bala,Sangrur,Sangrur,131,Upper Primary,Hindi,42,83.06,5,2,0,11.9,4.76,0.0,18,17,63.0,94.44,23,617.6,48904.0,11,5,5,21,52.38,3.0,66.66666666666666,66.66666666666666,66.66666666666666,100.0,100.0,4.0,2.0,16.94,4.76,37.0,20.0,19.68
SCH0438,Govt. Senior Secondary School Chacko,Bathinda,Talwandi Sabo,130,Primary,Punjabi,33,82.15,4,3,2,12.12,9.09,6.06,17,13,62.92,76.47,14,400.7,37071.0,9,2,2,13,69.23,7.0,100.0,83.33333333333334,100.0,85.71428571428571,42.857142857142854,3.71,2.0,17.85,9.09,37.08,25.71,22.44
SCH0087,Govt. Elementary School Grewal,Ludhiana,Ludhiana-Ii,445,Secondary,Punjabi,27,79.52,1,1,1,3.7,3.7,3.7,13,10,72.4,76.92,20,637.8,49434.0,11,5,3,19,57.89,2.0,100.0,100.0,100.0,100.0,100.0,4.5,1.0,20.48,3.7,27.6,10.0,15.45
SCH0322,Govt. Primary School Tak,Moga,Nihal Singh Wala,179,Secondary,Hindi,27,83.72,3,1,1,11.11,3.7,3.7,10,6,56.3,60.0,20,402.9,46439.0,10,6,2,18,55.56,10.0,66.66666666666666,100.0,87.5,33.33333333333333,62.5,2.9,0.0,16.28,3.7,43.7,42.0,26.42
SCH0337,Govt. Elementary School Bora,Ludhiana,Ludhiana-Ii,207,Upper Primary,English,47,77.59,3,2,2,6.38,4.26,4.26,11,9,76.27,81.82,25,486.3,50542.0,9,10,5,24,37.5,3.0,100.0,100.0,100.0,33.33333333333333,0.0,3.33,0.0,22.41,4.26,23.73,33.33,20.93
SCH0077,Govt. Middle School Buch,Amritsar,Amritsar-Ii,138,Higher Secondary,Hindi,34,78.92,1,1,1,2.94,2.94,2.94,12,4,62.85,33.33,22,603.0,44123.0,9,9,3,21,42.86,4.0,100.0,33.33333333333333,75.0,25.0,66.66666666666666,2.5,0.0,21.08,2.94,37.15,50.0,27.79
SCH0236,Govt. Senior Secondary School Palan,Bathinda,Talwandi Sabo,384,Higher Secondary,English,35,77.47,1,0,0,2.86,0.0,0.0,14,10,70.84,71.43,16,297.9,35869.0,10,5,0,15,66.67,7.0,80.0,85.71428571428571,85.71428571428571,40.0,14.285714285714285,2.71,0.0,22.53,0.0,29.16,45.71,24.35
SCH0486,Govt. Primary School Johal,Ferozepur,Ferozepur,72,Secondary,Punjabi,41,81.71,3,2,0,7.32,4.88,0.0,14,8,68.11,57.14,24,518.2,49390.0,9,9,3,21,42.86,5.0,80.0,75.0,0.0,25.0,25.0,1.8,0.0,18.29,4.88,31.89,64.0,29.76
SCH0278,Govt. Primary School Kamdar,Amritsar,Amritsar-I,433,Secondary,Punjabi,37,80.21,4,2,0,10.81,5.41,0.0,14,10,66.37,71.43,13,355.0,15560.0,6,2,3,11,54.55,6.0,80.0,100.0,40.0,80.0,33.33333333333333,3.0,0.0,19.79,5.41,33.63,40.0,24.71
SCH0209,Govt. Elementary School Mane,Ferozepur,Zira,388,Primary,Hindi,22,82.35,1,1,3,4.55,4.55,13.64,13,13,63.98,100.0,15,526.0,28804.0,8,3,2,13,61.54,9.0,77.77777777777779,83.33333333333334,77.77777777777779,50.0,44.44444444444444,3.0,1.0,17.65,4.55,36.02,40.0,24.55
SCH0466,Govt. Middle School Chand,Ferozepur,Mamdot,272,Primary,Hindi,34,83.49,2,1,3,5.88,2.94,8.82,17,16,67.62,94.12,19,650.6,36620.0,2,8,6,16,12.5,10.0,80.0,77.77777777777779,75.0,50.0,37.5,2.8,1.0,16.51,2.94,32.38,44.0,23.96
SCH0394,Govt. Senior Secondary School Bala,Bathinda,Talwandi Sabo,67,Upper Primary,Hindi,48,81.51,4,3,0,8.33,6.25,0.0,18,10,67.73,55.56,20,463.2,51646.0,8,6,4,18,44.44,3.0,100.0,100.0,100.0,50.0,100.0,3.0,1.0,18.49,6.25,32.27,40.0,24.25
SCH0347,Govt. Primary School Mall,Ludhiana,Machhiwara,311,Upper Primary,Hindi,44,80.36,4,2,0,9.09,4.55,0.0,17,15,68.31,88.24,19,495.2,49719.0,7,3,2,12,58.33,4.0,66.66666666666666,100.0,75.0,66.66666666666666,100.0,3.75,1.0,19.64,4.55,31.69,25.0,20.22
SCH0566,Govt. Primary School Ramachandran,Amritsar,Tarn Taran,378,Secondary,Punjabi,33,82.59,2,2,3,6.06,6.06,9.09,19,15,65.95,78.95,15,345.6,35532.0,7,4,3,14,50.0,10.0,71.42857142857143,80.0,80.0,25.0,60.0,2.9,1.0,17.41,6.06,34.05,42.0,24.88
SCH0031,Govt. Primary School Mohanty,Sangrur,Unknown,424,Primary,Hindi,30,80.17,4,4,0,13.33,13.33,0.0,15,11,71.23,73.33,18,476.0,49860.0,5,7,2,14,35.71,4.0,100.0,50.0,100.0,25.0,25.0,2.75,0.0,19.83,13.33,28.77,45.0,26.73
SCH0574,Govt. Primary School Deep,Jalandhar,Phillaur,434,Upper Primary,Hindi,32,78.72,2,1,0,6.25,3.12,0.0,8,5,66.48,62.5,24,554.5,46582.0,6,12,4,22,27.27,3.0,100.0,100.0,100.0,50.0,33.33333333333333,3.67,0.0,21.28,3.12,33.52,26.67,21.15
SCH0205,Govt. Elementary School Chander,Unknown,Ferozepur,63,Secondary,Hindi,48,83.49,5,3,1,10.42,6.25,2.08,8,6,72.9,75.0,19,435.8,29030.0,7,6,2,15,46.67,8.0,83.33333333333334,100.0,87.5,16.666666666666664,50.0,2.75,0.0,16.51,6.25,27.1,45.0,23.71
SCH0312,Govt. Primary School Sagar,Patiala,Samana,370,Secondary,English,37,78.4,2,1,2,5.41,2.7,5.41,20,15,75.36,75.0,17,401.3,44538.0,6,6,2,14,42.86,6.0,66.66666666666666,80.0,80.0,25.0,25.0,2.33,0.0,21.6,2.7,24.64,53.33,25.57
SCH0512,Govt. Elementary School Chana,Ferozepur,Makhu,267,Secondary,Hindi,36,82.71,3,2,0,8.33,5.56,0.0,10,7,64.76,70.0,14,375.0,36787.0,6,3,4,13,46.15,6.0,60.0,50.0,80.0,40.0,100.0,2.83,0.0,17.29,5.56,35.24,43.33,25.36
SCH0141,Govt. Middle School Sane,Sangrur,Malerkotla,63,Primary,Hindi,34,84.82,1,1,2,2.94,2.94,5.88,13,11,63.42,84.62,31,944.9,68052.0,12,8,6,26,46.15,11.0,66.66666666666666,80.0,100.0,36.36363636363637,55.55555555555556,3.0,0.0,15.18,2.94,36.58,40.0,23.67
SCH0474,Govt. Senior Secondary School Borra,Sangrur,Dhuri,286,Higher Secondary,Hindi,46,82.1,5,2,2,10.87,4.35,4.35,9,7,59.44,77.78,21,553.7,59016.0,14,4,1,19,73.68,7.0,85.71428571428571,100.0,50.0,71.42857142857143,14.285714285714285,3.14,0.0,17.9,4.35,40.56,37.14,24.99
SCH0578,Govt. Primary School Narasimhan,Jalandhar,Phillaur,291,Upper Primary,Punjabi,34,82.56,5,0,0,14.71,0.0,0.0,14,10,68.08,71.43,12,292.7,41672.0,4,1,3,8,50.0,4.0,100.0,100.0,66.66666666666666,100.0,50.0,3.0,0.0,17.44,0.0,31.92,40.0,22.34
SCH0057,Govt. Elementary School Wagle,Ferozepur,Zira,401,Higher Secondary,Hindi,44,80.21,4,2,1,9.09,4.55,2.27,14,9,77.32,64.29,22,637.1,44313.0,9,9,1,19,47.37,3.0,100.0,50.0,33.33333333333333,100.0,66.66666666666666,3.0,0.0,19.79,4.55,22.68,40.0,21.75
SCH0589,Govt. Elementary School Sarraf,Patiala,Patiala,358,Primary,Punjabi,26,82.66,2,2,0,7.69,7.69,0.0,12,9,63.33,75.0,22,468.6,50966.0,8,7,5,20,40.0,3.0,50.0,100.0,50.0,66.66666666666666,0.0,2.0,0.0,17.34,7.69,36.67,60.0,30.43
SCH0506,Govt. Primary School Parekh,Jalandhar,Nakodar,442,Secondary,Hindi,37,85.02,4,3,2,10.81,8.11,5.41,12,7,73.1,58.33,21,497.7,41082.0,11,5,4,20,55.0,5.0,80.0,100.0,80.0,100.0,20.0,3.6,1.0,14.98,8.11,26.9,28.0,19.5
SCH0229,Govt. Primary School Balay,Patiala,Unknown,309,Secondary,Hindi,34,86.51,5,3,3,14.71,8.82,8.82,12,9,70.18,75.0,31,726.6,63528.0,18,8,2,28,64.29,11.0,88.88888888888889,90.0,70.0,90.0,36.36363636363637,3.36,1.0,13.49,8.82,29.82,32.73,21.22
SCH0210,Govt. Primary School Barman,Ferozepur,Zira,250,Higher Secondary,Hindi,40,84.98,7,6,3,17.5,15.0,7.5,16,11,69.4,68.75,33,829.9,76821.0,11,7,6,24,45.83,8.0,87.5,87.5,85.71428571428571,100.0,42.857142857142854,3.62,2.0,15.02,15.0,30.6,27.5,22.03
SCH0025,Govt. Elementary School Tella,Ludhiana,Ludhiana-I,425,Upper Primary,Punjabi,34,82.24,3,2,3,8.82,5.88,8.82,11,7,64.43,63.64,25,639.8,45870.0,9,9,3,21,42.86,4.0,75.0,100.0,50.0,75.0,50.0,3.5,0.0,17.76,5.88,35.57,30.0,22.3
SCH0479,Govt. Primary School Tank,Moga,Moga-I,257,Higher Secondary,Hindi,45,84.86,7,4,1,15.56,8.89,2.22,8,4,72.4,50.0,17,399.6,34032.0,6,6,3,15,40.0,6.0,80.0,80.0,66.66666666666666,50.0,33.33333333333333,2.83,0.0,15.14,8.89,27.6,43.33,23.74
SCH0369,Govt. Senior Secondary School Naik,Patiala,Rajpura,193,Primary,Punjabi,25,77.42,1,1,0,4.0,4.0,0.0,11,10,62.83,90.91,24,566.4,49968.0,11,6,4,21,52.38,4.0,50.0,75.0,50.0,100.0,50.0,3.0,0.0,22.58,4.0,37.17,40.0,25.94
SCH0362,Govt. Elementary School Sinha,Ferozepur,Zira,67,Upper Primary,Hindi,21,77.61,2,1,0,9.52,4.76,0.0,15,10,69.26,66.67,15,314.1,31334.0,10,2,3,15,66.67,3.0,66.66666666666666,100.0,100.0,33.33333333333333,100.0,3.67,1.0,22.39,4.76,30.74,26.67,21.14
SCH0364,Govt. Primary School Chowdhury,Ludhiana,Machhiwara,84,Higher Secondary,English,44,88.49,4,3,7,9.09,6.82,15.91,11,9,59.01,81.82,28,707.1,75489.0,14,5,3,22,63.64,4.0,33.33333333333333,66.66666666666666,75.0,100.0,75.0,3.0,0.0,11.51,6.82,40.99,40.0,24.83
SCH0469,Govt. Middle School Gera,Ludhiana,Ludhiana-Ii,265,Primary,Hindi,38,79.61,3,2,2,7.89,5.26,5.26,18,13,65.82,72.22,18,409.1,39717.0,7,4,3,14,50.0,4.0,100.0,100.0,100.0,50.0,75.0,3.75,1.0,20.39,5.26,34.18,25.0,21.21
SCH0071,Govt. Elementary School Comar,Bathinda,Rampura Phul,165,Primary,Punjabi,40,79.56,3,1,1,7.5,2.5,2.5,11,10,63.36,90.91,24,601.7,38849.0,11,7,3,21,52.38,7.0,80.0,83.33333333333334,100.0,60.0,57.14285714285714,3.0,1.0,20.44,2.5,36.64,40.0,24.89
SCH0353,Govt. Elementary School Parikh,Ferozepur,Ferozepur,212,Upper Primary,Punjabi,27,80.18,2,2,1,7.41,7.41,3.7,10,8,72.94,80.0,18,407.5,26664.0,9,5,1,15,60.0,3.0,66.66666666666666,66.66666666666666,100.0,100.0,66.66666666666666,3.67,1.0,19.82,7.41,27.06,26.67,20.24
SCH0177,Govt. Middle School Manne,Moga,Moga-Ii,294,Secondary,Punjabi,39,79.12,2,1,0,5.13,2.56,0.0,14,12,67.8,85.71,19,360.6,43450.0,6,7,4,17,35.29,3.0,66.66666666666666,100.0,100.0,0.0,100.0,3.0,0.0,20.88,2.56,32.2,40.0,23.91
SCH0370,Govt. Primary School Pant,Jalandhar,Jalandhar-Ii,148,Upper Primary,Punjabi,36,81.86,4,3,2,11.11,8.33,5.56,14,10,60.96,71.43,18,451.2,45041.0,5,4,5,14,35.71,4.0,66.66666666666666,50.0,33.33333333333333,50.0,33.33333333333333,1.75,0.0,18.14,8.33,39.04,65.0,32.63
SCH0061,Govt. Elementary School Dhawan,Ludhiana,Machhiwara,343,Primary,Punjabi,40,85.02,4,2,2,10.0,5.0,5.0,7,6,63.02,85.71,22,439.1,47307.0,10,10,0,20,50.0,4.0,100.0,100.0,33.33333333333333,25.0,0.0,2.25,0.0,14.98,5.0,36.98,55.0,27.99
SCH0600,Govt. Primary School Sandhu,Amritsar,Ajnala,193,Secondary,English,25,81.9,1,0,0,4.0,0.0,0.0,12,8,71.56,66.67,23,651.8,49974.0,13,5,1,19,68.42,10.0,55.55555555555556,77.77777777777779,90.0,88.88888888888889,11.11111111111111,3.0,0.0,18.1,0.0,28.44,40.0,21.63
SCH0102,Govt. Middle School Kakar,Ludhiana,Ludhiana-Ii,249,Upper Primary,Punjabi,36,81.71,4,2,1,11.11,5.56,2.78,13,7,69.81,53.85,27,643.3,73528.0,14,7,4,25,56.0,4.0,100.0,100.0,66.66666666666666,100.0,66.66666666666666,3.5,1.0,18.29,5.56,30.19,30.0,21.01
SCH0204,Govt. Middle School Singhal,Amritsar,Amritsar-Ii,89,Secondary,Hindi,36,85.0,4,4,4,11.11,11.11,11.11,16,14,67.63,87.5,21,417.6,46739.0,4,10,5,19,21.05,6.0,83.33333333333334,66.66666666666666,100.0,50.0,40.0,3.17,1.0,15.0,11.11,32.37,36.67,23.79
SCH0091,Govt. Middle School Soman,Moga,Nihal Singh Wala,210,Primary,Punjabi,34,82.6,2,2,0,5.88,5.88,0.0,10,7,64.19,70.0,18,358.2,45479.0,12,1,3,16,75.0,2.0,,50.0,100.0,50.0,100.0,2.5,0.0,17.4,5.88,35.81,50.0,27.27
SCH0540,Govt. Elementary School Dugal,Patiala,Patiala,288,Primary,Hindi,49,83.12,6,4,2,12.24,8.16,4.08,13,8,63.8,61.54,20,340.4,48473.0,9,7,3,19,47.37,6.0,66.66666666666666,60.0,80.0,50.0,50.0,2.67,0.0,16.88,8.16,36.2,46.67,26.98
SCH0471,Govt. Elementary School Chad,Sangrur,Unknown,285,Upper Primary,Punjabi,35,79.58,2,1,0,5.71,2.86,0.0,8,8,57.64,100.0,19,428.8,38604.0,4,9,2,15,26.67,5.0,33.33333333333333,75.0,100.0,50.0,60.0,2.6,0.0,20.42,2.86,42.36,48.0,28.41
SCH0568,Govt. Primary School Zachariah,Amritsar,Unknown,141,Higher Secondary,Hindi,44,81.2,0,0,1,0.0,0.0,2.27,17,13,69.02,76.47,19,559.5,58578.0,10,6,1,17,58.82,7.0,66.66666666666666,66.66666666666666,80.0,71.42857142857143,71.42857142857143,3.14,0.0,18.8,0.0,30.98,37.14,21.73
SCH0030,Govt. Elementary School Kar,Moga,Bagha Purana,144,Secondary,English,39,79.43,1,0,1,2.56,0.0,2.56,17,16,70.65,94.12,23,666.8,64892.0,12,3,5,20,60.0,5.0,75.0,80.0,60.0,80.0,25.0,3.0,1.0,20.57,0.0,29.35,40.0,22.48
SCH0111,Govt. Middle School Butala,Bathinda,Maur,350,Upper Primary,Hindi,30,82.02,2,2,2,6.67,6.67,6.67,17,11,67.83,64.71,27,551.8,56292.0,15,4,4,23,65.22,5.0,80.0,100.0,80.0,100.0,50.0,4.0,2.0,17.97,6.67,32.17,20.0,19.2
SCH0510,Govt. Middle School Kant,Bathinda,Talwandi Sabo,363,Upper Primary,Hindi,28,81.61,2,2,0,7.14,7.14,0.0,16,10,67.4,62.5,18,351.4,38070.0,5,5,3,13,38.46,4.0,66.66666666666666,50.0,100.0,50.0,0.0,2.0,0.0,18.39,7.14,32.6,60.0,29.53
SCH0213,Govt. Elementary School Bhatt,Bathinda,Maur,192,Upper Primary,English,36,79.92,5,4,1,13.89,11.11,2.78,16,14,61.96,87.5,22,473.9,39197.0,5,11,2,18,27.78,6.0,60.0,83.33333333333334,66.66666666666666,80.0,0.0,2.67,0.0,20.08,11.11,38.04,46.67,28.97
SCH0545,Govt. Elementary School Prabhakar,Ferozepur,Ferozepur,432,Secondary,Hindi,26,83.88,5,3,1,19.23,11.54,3.85,13,11,69.25,84.62,20,527.3,40913.0,5,7,4,16,31.25,4.0,100.0,50.0,66.66666666666666,75.0,50.0,3.0,0.0,16.12,11.54,30.75,40.0,24.6
SCH0323,Govt. Middle School Kapoor,Moga,Moga-I,295,Upper Primary,Hindi,32,82.79,5,2,1,15.62,6.25,3.12,16,12,60.24,75.0,31,634.2,69902.0,8,13,8,29,27.59,5.0,80.0,100.0,100.0,100.0,40.0,4.0,1.0,17.21,6.25,39.76,20.0,20.8
SCH0290,Govt. Primary School Mander,Jalandhar,Phillaur,187,Secondary,Punjabi,24,79.4,1,1,2,4.17,4.17,8.33,16,13,77.32,81.25,28,689.0,37925.0,13,9,6,28,46.43,5.0,40.0,80.0,60.0,75.0,60.0,3.0,0.0,20.6,4.17,22.68,40.0,21.86
SCH0530,Govt. Middle School Kata,Patiala,Patiala,160,Secondary,Punjabi,30,81.62,3,2,0,10.0,6.67,0.0,9,6,61.23,66.67,18,354.3,32630.0,3,8,2,13,23.08,4.0,75.0,75.0,100.0,75.0,33.33333333333333,3.25,1.0,18.38,6.67,38.77,35.0,24.7
SCH0463,Govt. Primary School Rajagopalan,Bathinda,Maur,277,Primary,Hindi,38,80.36,2,2,3,5.26,5.26,7.89,12,8,63.05,66.67,21,507.5,44558.0,8,9,1,18,44.44,8.0,62.5,100.0,75.0,100.0,50.0,3.62,2.0,19.64,5.26,36.95,27.5,22.34
SCH0453,Govt. Primary School Mahal,Unknown,Ludhiana-Ii,103,Higher Secondary,English,19,77.95,1,0,0,5.26,0.0,0.0,15,10,61.74,66.67,9,208.3,28434.0,3,0,3,6,50.0,3.0,100.0,66.66666666666666,100.0,50.0,33.33333333333333,3.0,0.0,22.05,0.0,38.26,40.0,25.08
SCH0156,Govt. Elementary School Barad,Ferozepur,Zira,344,Primary,English,33,80.18,3,1,1,9.09,3.03,3.03,15,10,74.16,66.67,20,503.5,45131.0,10,7,2,19,52.63,3.0,50.0,66.66666666666666,100.0,100.0,33.33333333333333,3.33,0.0,19.82,3.03,25.84,33.33,20.51
SCH0082,Govt. Elementary School Mistry,Amritsar,Tarn Taran,350,Upper Primary,Punjabi,34,83.83,5,4,1,14.71,11.76,2.94,15,9,58.54,60.0,12,357.6,29895.0,6,4,2,12,50.0,4.0,100.0,100.0,75.0,75.0,33.33333333333333,3.75,1.0,16.17,11.76,41.46,25.0,23.6
SCH0251,Govt. Middle School Choudhry,Bathinda,Talwandi Sabo,410,Higher Secondary,Hindi,30,79.99,2,2,0,6.67,6.67,0.0,14,12,73.69,85.71,24,573.1,58580.0,6,9,5,20,30.0,1.0,100.0,100.0,100.0,100.0,,4.0,0.0,20.01,6.67,26.31,20.0,18.25
SCH0595,Govt. Primary School Char,Amritsar,Ajnala,208,Upper Primary,Hindi,33,80.92,2,2,1,6.06,6.06,3.03,11,10,71.81,90.91,19,517.9,45186.0,9,6,2,17,52.94,2.0,100.0,50.0,50.0,0.0,50.0,2.5,0.0,19.08,6.06,28.19,50.0,25.83
SCH0239,Govt. Middle School Butala,Ferozepur,Mamdot,159,Primary,Hindi,26,83.44,6,3,1,23.08,11.54,3.85,16,15,58.6,93.75,14,195.7,34692.0,6,5,1,12,50.0,9.0,88.88888888888889,100.0,85.71428571428571,42.857142857142854,62.5,3.44,0.0,16.56,11.54,41.4,31.11,25.15
SCH0406,Govt. Senior Secondary School Bhattacharyya,Sangrur,Sunam,351,Secondary,Punjabi,38,79.16,4,1,0,10.53,2.63,0.0,7,6,55.62,85.71,23,578.3,54198.0,14,5,1,20,70.0,3.0,100.0,50.0,100.0,100.0,33.33333333333333,3.0,0.0,20.84,2.63,44.38,40.0,26.96
SCH0064,Govt. Senior Secondary School Nayar,Patiala,Patiala,439,Primary,Punjabi,39,79.43,1,1,2,2.56,2.56,5.13,7,6,72.85,85.71,25,461.5,45237.0,14,7,2,23,60.87,9.0,75.0,57.14285714285714,75.0,75.0,44.44444444444444,2.89,0.0,20.57,2.56,27.15,42.22,23.13
SCH0272,Govt. Senior Secondary School Sarin,Ferozepur,Makhu,265,Upper Primary,Hindi,31,86.06,5,3,1,16.13,9.68,3.23,10,7,66.76,70.0,12,234.2,26813.0,3,6,2,11,27.27,2.0,100.0,100.0,50.0,100.0,50.0,4.0,0.0,13.94,9.68,33.24,20.0,19.22
SCH0073,Govt. Senior Secondary School Shah,Moga,Unknown,345,Secondary,Punjabi,36,82.38,4,2,1,11.11,5.56,2.78,12,9,74.92,75.0,23,708.5,38130.0,10,5,4,19,52.63,6.0,75.0,100.0,100.0,50.0,75.0,3.17,0.0,17.62,5.56,25.08,36.67,21.23
SCH0257,Govt. Senior Secondary School Rai,Ferozepur,Ferozepur,231,Higher Secondary,Punjabi,30,81.74,2,0,0,6.67,0.0,0.0,16,11,69.08,68.75,23,398.7,52150.0,7,11,4,22,31.82,8.0,87.5,100.0,87.5,75.0,62.5,4.12,3.0,18.26,0.0,30.92,17.5,16.67
SCH0555,Govt. Elementary School Mukhopadhyay,Jalandhar,Nakodar,297,Upper Primary,Hindi,45,80.87,4,1,0,8.89,2.22,0.0,17,12,64.1,70.59,17,387.1,46014.0,11,5,0,16,68.75,8.0,75.0,100.0,100.0,75.0,75.0,3.62,2.0,19.13,2.22,35.9,27.5,21.19
SCH0336,Govt. Middle School Sridhar,Sangrur,Malerkotla,277,Primary,Hindi,44,81.98,2,2,2,4.55,4.55,4.55,13,10,60.94,76.92,13,314.5,32478.0,5,6,1,12,41.67,5.0,100.0,100.0,100.0,100.0,50.0,4.0,2.0,18.02,4.55,39.06,20.0,20.41
SCH0579,Govt. Primary School Puri,Bathinda,Talwandi Sabo,153,Upper Primary,Punjabi,40,81.75,4,3,2,10.0,7.5,5.0,17,12,68.18,70.59,17,512.5,42570.0,7,5,3,15,46.67,4.0,75.0,66.66666666666666,100.0,0.0,50.0,2.75,0.0,18.25,7.5,31.82,45.0,25.64
SCH0400,Govt. Senior Secondary School Sastry,Bathinda,Rampura Phul,273,Secondary,Punjabi,38,82.53,4,4,3,10.53,10.53,7.89,12,8,77.8,66.67,10,131.8,19300.0,5,4,1,10,50.0,4.0,33.33333333333333,100.0,100.0,75.0,75.0,3.75,1.0,17.47,10.53,22.2,25.0,18.8
SCH0261,Govt. Middle School Sen,Ludhiana,Ludhiana-Ii,340,Higher Secondary,Hindi,31,83.93,2,2,3,6.45,6.45,9.68,8,5,63.2,62.5,19,333.6,48002.0,7,5,1,13,53.85,5.0,80.0,75.0,100.0,60.0,0.0,2.6,0.0,16.07,6.45,36.8,48.0,26.83
SCH0136,Govt. Middle School Banerjee,Ludhiana,Unknown,179,Secondary,Hindi,35,81.15,3,3,2,8.57,8.57,5.71,21,16,63.29,76.19,27,579.5,64993.0,13,7,3,23,56.52,4.0,33.33333333333333,100.0,100.0,100.0,33.33333333333333,3.0,1.0,18.85,8.57,36.71,40.0,26.03
SCH0341,Govt. Elementary School Virk,Moga,Moga-I,61,Primary,Punjabi,43,83.08,5,3,1,11.63,6.98,2.33,13,7,64.97,53.85,23,435.1,47201.0,13,3,4,20,65.0,5.0,100.0,100.0,80.0,80.0,25.0,3.8,1.0,16.92,6.98,35.03,24.0,20.73
SCH0212,Govt. Senior Secondary School Sachar,Moga,Bagha Purana,386,Secondary,English,26,81.91,2,1,0,7.69,3.85,0.0,14,8,62.1,57.14,16,322.7,21126.0,9,5,1,15,60.0,8.0,100.0,87.5,62.5,57.14285714285714,50.0,3.5,2.0,18.09,3.85,37.9,30.0,22.46
SCH0542,Govt. Primary School Balasubramanian,Sangrur,Sangrur,224,Higher Secondary,English,32,80.66,1,0,1,3.12,0.0,3.12,11,10,78.66,90.91,22,444.1,56135.0,9,6,5,20,45.0,6.0,100.0,100.0,83.33333333333334,33.33333333333333,60.0,3.17,2.0,19.34,0.0,21.34,36.67,19.34
SCH0300,Govt. Middle School Chaudhary,Bathinda,Talwandi Sabo,232,Primary,English,24,81.72,2,1,0,8.33,4.17,0.0,12,8,63.02,66.67,20,545.2,42676.0,8,4,3,15,53.33,5.0,100.0,66.66666666666666,80.0,100.0,60.0,3.4,0.0,18.28,4.17,36.98,32.0,22.86
SCH0481,Govt. Middle School Bhatti,Patiala,Samana,249,Upper Primary,Hindi,26,81.24,3,2,2,11.54,7.69,7.69,14,12,72.78,85.71,24,446.8,49245.0,8,7,5,20,40.0,5.0,80.0,75.0,100.0,100.0,50.0,3.8,1.0,18.76,7.69,27.22,24.0,19.42
SCH0007,Govt. Middle School Kale,Ferozepur,Makhu,272,Secondary,English,38,78.12,2,2,2,5.26,5.26,5.26,9,5,47.92,55.56,29,889.9,77376.0,15,8,5,28,53.57,5.0,80.0,100.0,100.0,60.0,80.0,4.2,1.0,21.88,5.26,52.08,16.0,23.8
SCH0105,Govt. Primary School Desai,Amritsar,Tarn Taran,125,Primary,English,36,85.55,4,2,2,11.11,5.56,5.56,12,9,64.63,75.0,18,518.2,58893.0,6,6,5,17,35.29,9.0,66.66666666666666,71.42857142857143,100.0,55.55555555555556,62.5,3.11,0.0,14.45,5.56,35.37,37.78,23.29
SCH0115,Govt. Primary School Sachdev,Ferozepur,Makhu,86,Primary,English,34,83.41,1,1,0,2.94,2.94,0.0,12,10,72.23,83.33,26,613.7,51290.0,10,9,6,25,40.0,2.0,50.0,100.0,100.0,100.0,50.0,3.5,0.0,16.59,2.94,27.77,30.0,19.33
SCH0159,Govt. Senior Secondary School Gade,Ludhiana,Doraha,432,Higher Secondary,Hindi,36,83.82,6,4,2,16.67,11.11,5.56,8,7,69.94,87.5,29,681.0,70332.0,14,8,3,25,56.0,5.0,60.0,100.0,100.0,33.33333333333333,75.0,3.2,0.0,16.18,11.11,30.06,36.0,23.34
SCH0182,Govt. Middle School Hari,Unknown,Nihal Singh Wala,330,Upper Primary,Punjabi,37,79.39,2,1,1,5.41,2.7,2.7,10,8,70.16,80.0,19,701.1,51935.0,8,5,3,16,50.0,7.0,66.66666666666666,100.0,71.42857142857143,100.0,66.66666666666666,3.43,1.0,20.61,2.7,29.84,31.43,21.14
SCH0532,Govt. Primary School Sahni,Patiala,Unknown,295,Secondary,Hindi,24,77.31,0,0,0,0.0,0.0,0.0,11,9,72.96,81.82,21,426.6,45487.0,14,1,2,17,82.35,5.0,60.0,100.0,100.0,0.0,60.0,3.0,0.0,22.69,0.0,27.04,40.0,22.43
SCH0365,Govt. Middle School Bhavsar,Amritsar,Unknown,99,Higher Secondary,Hindi,32,82.49,1,1,2,3.12,3.12,6.25,12,8,64.78,66.67,21,550.9,46157.0,7,8,4,19,36.84,4.0,75.0,100.0,100.0,75.0,75.0,3.75,1.0,17.51,3.12,35.22,25.0,20.21
SCH0178,Govt. Middle School Dyal,Amritsar,Tarn Taran,348,Upper Primary,English,39,80.41,1,0,1,2.56,0.0,2.56,13,10,65.67,76.92,19,632.3,58490.0,10,5,2,17,58.82,1.0,0.0,100.0,100.0,0.0,0.0,2.0,0.0,19.59,0.0,34.33,60.0,28.48
SCH0594,Govt. Primary School Murthy,Bathinda,Rampura Phul,228,Primary,Hindi,23,83.25,1,1,0,4.35,4.35,0.0,17,16,69.24,94.12,18,328.1,29973.0,14,2,2,18,77.78,4.0,100.0,100.0,100.0,66.66666666666666,33.33333333333333,3.25,0.0,16.75,4.35,30.76,35.0,21.71
SCH0200,Govt. Senior Secondary School Anne,Sangrur,Sangrur,86,Higher Secondary,Punjabi,39,83.9,1,1,3,2.56,2.56,7.69,13,10,63.26,76.92,19,305.2,33583.0,7,5,4,16,43.75,2.0,50.0,50.0,100.0,50.0,50.0,2.5,0.0,16.1,2.56,36.74,50.0,26.35
SCH0422,Govt. Primary School Rajan,Bathinda,Maur,375,Secondary,Punjabi,29,86.42,7,5,2,24.14,17.24,6.9,11,8,61.7,72.73,22,569.2,63988.0,9,7,4,20,45.0,5.0,80.0,100.0,100.0,25.0,25.0,2.4,0.0,13.58,17.24,38.3,52.0,30.28
SCH0301,Govt. Elementary School Loke,Sangrur,Dhuri,207,Primary,English,38,80.63,2,2,2,5.26,5.26,5.26,15,12,65.5,80.0,20,297.8,37672.0,12,7,1,20,60.0,6.0,75.0,100.0,80.0,66.66666666666666,75.0,3.17,0.0,19.37,5.26,34.5,36.67,23.95
SCH0409,Govt. Primary School Puri,Amritsar,Unknown,369,Secondary,Hindi,34,82.61,1,0,0,2.94,0.0,0.0,20,18,66.52,90.0,18,338.7,41579.0,5,6,3,14,35.71,4.0,50.0,100.0,100.0,100.0,33.33333333333333,3.5,0.0,17.39,0.0,33.48,30.0,20.22
SCH0397,Govt. Elementary School Raghavan,Sangrur,Sangrur,106,Higher Secondary,Punjabi,39,83.15,3,2,2,7.69,5.13,5.13,8,6,64.13,75.0,25,642.4,55223.0,13,5,3,21,61.9,4.0,75.0,100.0,100.0,100.0,75.0,4.25,1.0,16.85,5.13,35.87,15.0,18.21
SCH0287,Govt. Senior Secondary School Bhavsar,Ferozepur,Mamdot,340,Secondary,English,32,82.33,2,2,1,6.25,6.25,3.12,15,11,69.73,73.33,19,571.8,48529.0,8,6,4,18,44.44,8.0,71.42857142857143,87.5,85.71428571428571,57.14285714285714,100.0,3.38,1.0,17.67,6.25,30.27,32.5,21.67
SCH0258,Govt. Primary School Kalita,Ludhiana,Ludhiana-I,247,Higher Secondary,Punjabi,30,83.93,3,3,3,10.0,10.0,10.0,14,9,64.16,64.29,16,567.2,41719.0,11,2,2,15,73.33,8.0,62.5,85.71428571428571,57.14285714285714,57.14285714285714,28.57142857142857,2.62,0.0,16.07,10.0,35.84,47.5,27.35
SCH0260,Govt. Primary School Deol,Sangrur,Malerkotla,63,Secondary,English,22,77.18,0,0,0,0.0,0.0,0.0,17,12,73.9,70.59,18,431.9,44675.0,9,6,1,16,56.25,9.0,75.0,87.5,66.66666666666666,37.5,50.0,2.89,2.0,22.82,0.0,26.1,42.22,22.79
SCH0043,Govt. Middle School Sachar,Moga,Unknown,99,Secondary,Hindi,26,81.98,1,1,0,3.85,3.85,0.0,11,7,60.84,63.64,19,519.7,36447.0,6,3,2,11,54.55,7.0,100.0,83.33333333333334,71.42857142857143,50.0,50.0,3.29,1.0,18.02,3.85,39.16,34.29,23.83
SCH0074,Govt. Primary School Parmer,Sangrur,Unknown,393,Higher Secondary,Hindi,38,84.2,4,3,2,10.53,7.89,5.26,13,8,65.8,61.54,21,511.1,60449.0,11,3,3,17,64.71,5.0,75.0,75.0,20.0,60.0,20.0,2.2,0.0,15.8,7.89,34.2,56.0,28.47
SCH0538,Govt. Middle School Wali,Ferozepur,Zira,308,Upper Primary,English,24,81.58,3,2,2,12.5,8.33,8.33,17,13,73.66,76.47,23,443.5,53694.0,7,5,6,18,38.89,4.0,50.0,100.0,50.0,33.33333333333333,100.0,2.75,0.0,18.42,8.33,26.34,45.0,24.52
SCH0067,Govt. Senior Secondary School Dewan,Ludhiana,Unknown,334,Higher Secondary,Hindi,31,83.79,3,3,2,9.68,9.68,6.45,13,12,66.1,92.31,13,259.1,28735.0,6,5,1,12,50.0,8.0,75.0,71.42857142857143,66.66666666666666,85.71428571428571,62.5,3.25,2.0,16.21,9.68,33.9,35.0,23.7
SCH0012,Govt. Elementary School Mand,Ludhiana,Ludhiana-I,118,Higher Secondary,Punjabi,39,85.57,5,2,0,12.82,5.13,0.0,14,10,71.72,71.43,22,639.3,58305.0,7,6,5,18,38.89,3.0,66.66666666666666,66.66666666666666,0.0,66.66666666666666,50.0,2.33,0.0,14.43,5.13,28.28,53.33,25.29
SCH0164,Govt. Senior Secondary School Barad,Amritsar,Ajnala,82,Secondary,Punjabi,31,79.87,2,0,0,6.45,0.0,0.0,12,9,67.42,75.0,24,506.7,56628.0,10,5,5,20,50.0,8.0,50.0,87.5,57.14285714285714,14.285714285714285,28.57142857142857,2.12,0.0,20.13,0.0,32.58,57.5,27.55
SCH0444,Govt. Middle School Setty,Ferozepur,Ferozepur,237,Secondary,Hindi,35,83.16,2,2,3,5.71,5.71,8.57,18,14,72.37,77.78,24,538.9,37693.0,10,7,2,19,52.63,3.0,33.33333333333333,66.66666666666666,33.33333333333333,33.33333333333333,0.0,1.67,0.0,16.84,5.71,27.63,66.67,29.21
SCH0211,Govt. Senior Secondary School Edwin,Patiala,Samana,379,Higher Secondary,Hindi,37,83.43,3,2,2,8.11,5.41,5.41,13,11,63.67,84.62,21,425.5,49825.0,7,4,5,16,43.75,6.0,83.33333333333334,83.33333333333334,80.0,100.0,60.0,3.83,0.0,16.57,5.41,36.33,23.33,20.41
SCH0333,Govt. Middle School Warrior,Amritsar,Amritsar-I,262,Upper Primary,Punjabi,37,79.48,2,1,1,5.41,2.7,2.7,9,3,61.2,33.33,27,536.8,53078.0,11,7,6,24,45.83,1.0,,100.0,0.0,0.0,,1.0,0.0,20.52,2.7,38.8,80.0,35.51
SCH0084,Govt. Primary School Wali,Patiala,Samana,378,Upper Primary,Punjabi,44,80.55,3,1,2,6.82,2.27,4.55,14,12,66.18,85.71,25,866.7,72652.0,12,3,8,23,52.17,6.0,100.0,80.0,75.0,33.33333333333333,66.66666666666666,2.83,1.0,19.45,2.27,33.82,43.33,24.72
SCH0279,Govt. Senior Secondary School Narayan,Unknown,Nihal Singh Wala,94,Secondary,Punjabi,33,77.68,2,1,0,6.06,3.03,0.0,8,5,68.6,62.5,23,489.5,51594.0,9,5,5,19,47.37,7.0,80.0,83.33333333333334,85.71428571428571,66.66666666666666,60.0,3.14,1.0,22.32,3.03,31.4,37.14,23.47
SCH0449,Govt. Primary School Keer,Ferozepur,Mamdot,362,Secondary,Hindi,38,81.73,4,4,1,10.53,10.53,2.63,11,9,71.38,81.82,18,563.2,39999.0,7,5,2,14,50.0,6.0,80.0,60.0,66.66666666666666,33.33333333333333,66.66666666666666,2.83,0.0,18.27,10.53,28.62,43.33,25.19
SCH0080,Govt. Elementary School Roy,Sangrur,Dhuri,214,Primary,Punjabi,35,78.74,1,1,1,2.86,2.86,2.86,9,9,76.13,100.0,23,486.7,49738.0,7,9,3,19,36.84,11.0,70.0,81.81818181818183,77.77777777777779,75.0,63.63636363636363,3.27,1.0,21.26,2.86,23.87,34.55,20.63
SCH0024,Govt. Primary School Bhandari,Ferozepur,Unknown,182,Primary,Hindi,43,82.19,3,1,1,6.98,2.33,2.33,9,6,75.07,66.67,25,618.9,53693.0,9,9,3,21,42.86,11.0,90.0,80.0,77.77777777777779,66.66666666666666,36.36363636363637,3.09,2.0,17.81,2.33,24.93,38.18,20.81
SCH0288,Govt. Middle School Goyal,Amritsar,Amritsar-Ii,200,Secondary,Hindi,37,83.61,4,4,4,10.81,10.81,10.81,17,12,68.79,70.59,18,484.3,42040.0,8,3,5,16,50.0,6.0,60.0,50.0,100.0,20.0,66.66666666666666,2.33,0.0,16.39,10.81,31.21,53.33,27.94
SCH0302,Govt. Middle School Sama,Amritsar,Tarn Taran,151,Upper Primary,English,32,81.61,6,5,1,18.75,15.62,3.12,17,13,60.67,76.47,27,754.6,62060.0,11,7,1,19,57.89,11.0,75.0,100.0,90.9090909090909,81.81818181818183,54.54545454545454,3.73,4.0,18.39,15.62,39.33,25.45,24.7
SCH0281,Govt. Elementary School Agarwal,Amritsar,Amritsar-Ii,218,Higher Secondary,Punjabi,25,83.62,3,2,0,12.0,8.0,0.0,12,10,63.16,83.33,24,558.5,56041.0,8,10,2,20,40.0,5.0,100.0,100.0,50.0,50.0,80.0,3.6,1.0,16.38,8.0,36.84,28.0,22.31
SCH0245,Govt. Senior Secondary School Sarkar,Ludhiana,Doraha,233,Primary,Hindi,40,80.37,5,2,1,12.5,5.0,2.5,15,14,65.36,93.33,23,530.1,60800.0,6,7,3,16,37.5,3.0,66.66666666666666,100.0,100.0,66.66666666666666,66.66666666666666,4.0,1.0,19.63,5.0,34.64,20.0,19.82
SCH0291,Govt. Elementary School Seth,Sangrur,Sunam,139,Higher Secondary,Punjabi,27,85.32,4,2,2,14.81,7.41,7.41,15,10,64.9,66.67,21,534.3,52123.0,8,4,2,14,57.14,5.0,100.0,60.0,60.0,60.0,50.0,3.2,1.0,14.68,7.41,35.1,36.0,23.3
SCH0330,Govt. Middle School Badami,Unknown,Moga-I,211,Higher Secondary,Hindi,40,80.16,6,5,1,15.0,12.5,2.5,17,12,76.36,70.59,17,481.4,37481.0,6,6,2,14,42.86,7.0,85.71428571428571,85.71428571428571,100.0,85.71428571428571,28.57142857142857,3.71,1.0,19.84,12.5,23.64,25.71,20.42
SCH0138,Govt. Primary School Gandhi,Moga,Moga-Ii,229,Secondary,Hindi,34,80.52,6,4,1,17.65,11.76,2.94,9,8,70.65,88.89,12,355.0,28551.0,3,5,1,9,33.33,6.0,50.0,83.33333333333334,66.66666666666666,50.0,16.666666666666664,2.67,0.0,19.48,11.76,29.35,46.67,26.82
SCH0189,Govt. Elementary School Mitter,Ferozepur,Mamdot,334,Secondary,Hindi,34,81.02,3,2,2,8.82,5.88,5.88,7,5,73.64,71.43,17,438.3,37177.0,8,0,2,10,80.0,5.0,75.0,100.0,60.0,75.0,80.0,3.6,0.0,18.98,5.88,26.36,28.0,19.81
SCH0166,Govt. Middle School Devi,Moga,Moga-Ii,54,Primary,Hindi,39,80.2,1,1,4,2.56,2.56,10.26,13,11,66.88,84.62,22,472.2,55734.0,7,11,2,20,35.0,3.0,33.33333333333333,100.0,100.0,66.66666666666666,50.0,3.0,0.0,19.8,2.56,33.12,40.0,23.87
SCH0297,Govt. Middle School Narayanan,Ludhiana,Doraha,312,Upper Primary,English,23,83.35,1,0,0,4.35,0.0,0.0,1,1,61.7,100.0,22,608.7,47669.0,8,10,2,20,40.0,6.0,100.0,66.66666666666666,100.0,60.0,50.0,3.5,1.0,16.65,0.0,38.3,30.0,21.24
SCH0010,Govt. Elementary School Mani,Patiala,Samana,148,Higher Secondary,Hindi,35,87.22,6,5,2,17.14,14.29,5.71,12,7,58.04,58.33,17,446.6,38180.0,10,3,3,16,62.5,6.0,80.0,100.0,50.0,50.0,50.0,3.0,1.0,12.78,14.29,41.96,40.0,27.26
SCH0197,Govt. Elementary School Dada,Moga,Nihal Singh Wala,106,Primary,Punjabi,31,81.06,3,1,1,9.68,3.23,3.23,12,9,61.23,75.0,27,624.8,57912.0,8,14,4,26,30.77,5.0,80.0,80.0,60.0,100.0,40.0,3.4,1.0,18.94,3.23,38.77,32.0,23.23
SCH0232,Govt. Primary School Choudhary,Ludhiana,Machhiwara,170,Upper Primary,Punjabi,33,81.29,6,1,0,18.18,3.03,0.0,13,12,69.84,92.31,16,209.5,45833.0,5,7,2,14,35.71,7.0,85.71428571428571,100.0,83.33333333333334,42.857142857142854,85.71428571428571,3.86,3.0,18.71,3.03,30.16,22.86,18.69
SCH0320,Govt. Middle School Dave,Amritsar,Amritsar-I,402,Primary,English,41,82.94,4,3,1,9.76,7.32,2.44,11,10,74.08,90.91,18,316.5,35773.0,5,5,2,12,41.67,5.0,60.0,80.0,100.0,60.0,20.0,3.0,0.0,17.06,7.32,25.92,40.0,22.57
SCH0266,Govt. Middle School Hora,Jalandhar,Phillaur,202,Primary,English,32,82.4,5,3,1,15.62,9.38,3.12,12,10,62.37,83.33,27,657.7,77510.0,9,13,2,24,37.5,3.0,66.66666666666666,66.66666666666666,100.0,66.66666666666666,0.0,3.0,0.0,17.6,9.38,37.63,40.0,26.15
SCH0085,Govt. Elementary School Bandi,Unknown,Unknown,189,Secondary,Hindi,33,79.15,3,2,1,9.09,6.06,3.03,12,9,69.78,75.0,14,309.9,28450.0,3,6,4,13,23.08,4.0,50.0,66.66666666666666,100.0,75.0,66.66666666666666,3.0,0.0,20.85,6.06,30.22,40.0,24.28
SCH0175,Govt. Senior Secondary School Naik,Ludhiana,Doraha,198,Higher Secondary,Punjabi,33,81.26,2,1,1,6.06,3.03,3.03,18,13,63.07,72.22,19,482.3,36954.0,7,7,3,17,41.18,6.0,80.0,80.0,80.0,40.0,66.66666666666666,3.0,0.0,18.74,3.03,36.93,40.0,24.68
SCH0548,Govt. Elementary School Yohannan,Patiala,Rajpura,432,Secondary,Punjabi,35,85.67,3,2,3,8.57,5.71,8.57,13,9,76.71,69.23,19,456.7,43820.0,7,8,2,17,41.18,3.0,66.66666666666666,66.66666666666666,100.0,50.0,0.0,2.0,0.0,14.33,5.71,23.29,60.0,25.83
SCH0219,Govt. Senior Secondary School Oommen,Moga,Bagha Purana,370,Primary,Punjabi,30,79.97,2,1,1,6.67,3.33,3.33,15,13,61.01,86.67,25,615.0,54969.0,9,7,5,21,42.86,5.0,80.0,75.0,100.0,75.0,60.0,3.4,1.0,20.03,3.33,38.99,32.0,23.59
SCH0317,Govt. Middle School Purohit,Ferozepur,Unknown,399,Upper Primary,Hindi,46,84.0,4,2,2,8.7,4.35,4.35,10,8,67.55,80.0,15,296.1,34644.0,6,3,2,11,54.55,5.0,100.0,80.0,75.0,66.66666666666666,0.0,2.8,0.0,16.0,4.35,32.45,44.0,24.2
SCH0491,Govt. Primary School Raman,Unknown,Dhuri,334,Upper Primary,Hindi,32,80.75,3,3,1,9.38,9.38,3.12,18,12,64.97,66.67,16,364.3,25089.0,9,2,4,15,60.0,3.0,100.0,50.0,100.0,50.0,33.33333333333333,2.67,0.0,19.25,9.38,35.03,46.67,27.58
SCH0391,Govt. Senior Secondary School Lad,Jalandhar,Nakodar,89,Secondary,English,24,80.56,4,2,0,16.67,8.33,0.0,13,11,67.44,84.62,18,560.2,46400.0,6,5,4,15,40.0,2.0,100.0,100.0,100.0,50.0,50.0,4.0,1.0,19.44,8.33,32.56,20.0,20.08
SCH0214,Govt. Elementary School Chahal,Bathinda,Rampura Phul,102,Higher Secondary,Hindi,36,75.73,1,1,0,2.78,2.78,0.0,15,12,69.01,80.0,22,587.4,53405.0,12,7,2,21,57.14,7.0,83.33333333333334,100.0,83.33333333333334,50.0,50.0,3.14,0.0,24.27,2.78,30.99,37.14,23.8
SCH0154,Govt. Middle School Chakraborty,Ferozepur,Unknown,436,Primary,Punjabi,37,82.38,5,2,2,13.51,5.41,5.41,20,17,67.47,85.0,20,554.4,32057.0,9,5,2,16,56.25,4.0,75.0,100.0,75.0,50.0,50.0,3.25,0.0,17.62,5.41,32.53,35.0,22.64
SCH0076,Govt. Primary School Oommen,Moga,Bagha Purana,399,Secondary,English,31,83.42,2,1,2,6.45,3.23,6.45,20,16,66.56,80.0,18,471.5,26131.0,5,7,3,15,33.33,6.0,83.33333333333334,100.0,100.0,50.0,80.0,3.83,2.0,16.58,3.23,33.44,23.33,19.14
SCH0093,Govt. Elementary School Bora,Ludhiana,Machhiwara,251,Secondary,Punjabi,31,79.09,1,1,2,3.23,3.23,6.45,12,5,68.34,41.67,21,734.8,54401.0,13,4,2,19,68.42,6.0,80.0,83.33333333333334,80.0,80.0,60.0,3.33,1.0,20.91,3.23,31.66,33.33,22.28
SCH0431,Govt. Middle School Sarin,Bathinda,Rampura Phul,384,Upper Primary,English,35,81.08,1,1,2,2.86,2.86,5.71,8,8,66.75,100.0,22,475.2,42793.0,14,3,4,21,66.67,7.0,100.0,66.66666666666666,75.0,57.14285714285714,66.66666666666666,2.71,0.0,18.92,2.86,33.25,45.71,25.18
SCH0069,Govt. Elementary School Mital,Moga,Moga-I,299,Primary,English,31,81.68,2,1,1,6.45,3.23,3.23,8,6,67.02,75.0,14,434.7,39566.0,5,3,4,12,41.67,2.0,100.0,50.0,100.0,50.0,100.0,3.5,0.0,18.32,3.23,32.98,30.0,21.13
SCH0016,Govt. Senior Secondary School Varughese,Ludhiana,Ludhiana-I,225,Secondary,Punjabi,30,80.56,3,3,1,10.0,10.0,3.33,11,7,71.69,63.64,21,457.1,48615.0,14,5,1,20,70.0,6.0,100.0,66.66666666666666,83.33333333333334,75.0,60.0,3.5,1.0,19.44,10.0,28.31,30.0,21.94
SCH0193,Govt. Primary School Parmer,Jalandhar,Jalandhar-Ii,127,Secondary,Punjabi,27,82.84,2,1,1,7.41,3.7,3.7,13,9,69.96,69.23,25,677.6,56357.0,11,9,2,22,50.0,6.0,66.66666666666666,100.0,83.33333333333334,50.0,60.0,3.5,1.0,17.16,3.7,30.04,30.0,20.23
SCH0376,Govt. Elementary School Talwar,Moga,Moga-I,212,Secondary,Punjabi,36,81.99,5,3,1,13.89,8.33,2.78,9,7,61.73,77.78,25,493.3,50160.0,10,9,3,22,45.45,4.0,50.0,100.0,100.0,33.33333333333333,0.0,2.25,0.0,18.01,8.33,38.27,55.0,29.9
SCH0089,Govt. Middle School Krishnamurthy,Amritsar,Amritsar-Ii,385,Primary,Hindi,20,82.3,3,1,0,15.0,5.0,0.0,16,13,65.75,81.25,20,543.2,44308.0,7,7,2,16,43.75,5.0,50.0,75.0,100.0,20.0,50.0,2.6,0.0,17.7,5.0,34.25,48.0,26.24
SCH0519,Govt. Elementary School Palan,Unknown,Maur,195,Upper Primary,Punjabi,38,81.73,2,2,2,5.26,5.26,5.26,15,13,68.1,86.67,19,319.6,40703.0,5,5,7,17,29.41,1.0,100.0,0.0,100.0,0.0,100.0,3.0,0.0,18.27,5.26,31.9,40.0,23.86
SCH0118,Govt. Middle School Hari,Sangrur,Sangrur,89,Upper Primary,Hindi,36,82.64,5,2,2,13.89,5.56,5.56,10,7,69.1,70.0,27,597.2,76123.0,10,11,5,26,38.46,4.0,75.0,75.0,100.0,50.0,75.0,3.5,1.0,17.36,5.56,30.9,30.0,20.95
SCH0410,Govt. Primary School Bath,Ludhiana,Unknown,224,Secondary,Punjabi,37,82.2,4,2,0,10.81,5.41,0.0,18,13,71.4,72.22,14,296.8,31998.0,8,3,2,13,61.54,6.0,83.33333333333334,66.66666666666666,100.0,50.0,33.33333333333333,3.0,1.0,17.8,5.41,28.6,40.0,22.95
SCH0435,Govt. Middle School Rama,Amritsar,Amritsar-Ii,420,Higher Secondary,Punjabi,29,82.69,2,0,1,6.9,0.0,3.45,18,13,68.53,72.22,20,442.7,43894.0,8,5,3,16,50.0,6.0,60.0,100.0,66.66666666666666,50.0,33.33333333333333,2.83,0.0,17.31,0.0,31.47,43.33,23.03
SCH0034,Govt. Senior Secondary School Kumar,Bathinda,Bathinda,94,Upper Primary,Hindi,30,80.22,0,0,1,0.0,0.0,3.33,13,11,64.37,84.62,16,318.9,40296.0,8,4,2,14,57.14,3.0,100.0,100.0,100.0,0.0,0.0,3.0,0.0,19.78,0.0,35.63,40.0,23.85
SCH0001,Govt. Primary School Nadkarni,Amritsar,Amritsar-I,419,Upper Primary,Hindi,33,82.29,2,1,0,6.06,3.03,0.0,16,10,63.7,62.5,19,337.5,34623.0,7,5,4,16,43.75,2.0,50.0,100.0,100.0,0.0,0.0,2.0,0.0,17.71,3.03,36.3,60.0,29.26
SCH0554,Govt. Primary School Din,Patiala,Patiala,364,Higher Secondary,Hindi,33,82.37,2,1,1,6.06,3.03,3.03,21,20,70.74,95.24,25,543.7,44984.0,7,8,6,21,33.33,6.0,100.0,83.33333333333334,75.0,40.0,60.0,3.0,0.0,17.63,3.03,29.25,40.0,22.48
SCH0356,Govt. Middle School Brahmbhatt,Patiala,Patiala,294,Primary,Punjabi,20,83.74,1,1,1,5.0,5.0,5.0,16,13,70.98,81.25,14,421.8,24118.0,5,7,1,13,38.46,6.0,40.0,83.33333333333334,66.66666666666666,66.66666666666666,100.0,3.17,1.0,16.26,5.0,29.02,36.67,21.73
SCH0454,Govt. Senior Secondary School Bala,Patiala,Rajpura,370,Upper Primary,English,29,79.44,4,2,0,13.79,6.9,0.0,11,8,66.61,72.73,25,621.8,49097.0,9,6,5,20,45.0,1.0,100.0,100.0,100.0,100.0,0.0,4.0,0.0,20.56,6.9,33.39,20.0,20.21
SCH0552,Govt. Primary School Bhavsar,Patiala,Patiala,410,Higher Secondary,English,32,82.49,4,2,1,12.5,6.25,3.12,21,10,65.62,47.62,18,325.5,44460.0,10,4,2,16,62.5,8.0,80.0,85.71428571428571,75.0,100.0,42.857142857142854,2.88,0.0,17.51,6.25,34.38,42.5,25.16
SCH0023,Govt. Senior Secondary School Bumb,Ludhiana,Machhiwara,412,Primary,Hindi,36,81.05,2,2,2,5.56,5.56,5.56,21,16,67.46,76.19,22,457.1,39472.0,11,6,4,21,52.38,4.0,100.0,100.0,100.0,50.0,66.66666666666666,3.25,0.0,18.95,5.56,32.54,35.0,23.01
SCH0473,Govt. Middle School Nori,Jalandhar,Phillaur,346,Primary,Hindi,30,77.89,2,1,0,6.67,3.33,0.0,15,12,64.74,80.0,18,579.9,50867.0,7,4,4,15,46.67,6.0,83.33333333333334,100.0,83.33333333333334,66.66666666666666,50.0,3.17,1.0,22.11,3.33,35.26,36.67,24.34
SCH0117,Govt. Primary School Reddy,Amritsar,Tarn Taran,398,Higher Secondary,English,22,80.58,0,0,1,0.0,0.0,4.55,9,5,71.66,55.56,13,283.3,34024.0,5,4,1,10,50.0,6.0,100.0,83.33333333333334,75.0,50.0,40.0,3.0,1.0,19.42,0.0,28.34,40.0,21.94
SCH0090,Govt. Elementary School Pingle,Sangrur,Dhuri,182,Higher Secondary,Punjabi,37,80.69,3,2,0,8.11,5.41,0.0,10,5,75.42,50.0,20,561.0,54300.0,10,5,2,17,58.82,4.0,100.0,100.0,100.0,75.0,33.33333333333333,3.5,0.0,19.31,5.41,24.58,30.0,19.82
SCH0183,Govt. Primary School Narain,Jalandhar,Unknown,243,Secondary,Hindi,30,75.86,1,1,0,3.33,3.33,0.0,17,12,67.85,70.59,13,265.6,33647.0,3,7,3,13,23.08,4.0,100.0,100.0,100.0,100.0,66.66666666666666,3.75,2.0,24.14,3.33,32.15,25.0,21.16
SCH0496,Govt. Middle School Hayre,Amritsar,Amritsar-Ii,283,Upper Primary,Hindi,31,79.95,5,4,0,16.13,12.9,0.0,15,11,56.92,73.33,27,555.8,71734.0,6,11,9,26,23.08,7.0,60.0,100.0,50.0,57.14285714285714,50.0,2.71,0.0,20.05,12.9,43.08,45.71,30.44
SCH0412,Govt. Elementary School Anand,Amritsar,Ajnala,215,Higher Secondary,Punjabi,35,83.47,2,2,3,5.71,5.71,8.57,13,11,72.53,84.62,22,425.4,49568.0,10,7,5,22,45.45,5.0,25.0,100.0,100.0,50.0,66.66666666666666,3.0,0.0,16.53,5.71,27.47,40.0,22.43
SCH0019,Govt. Senior Secondary School Venkatesh,Sangrur,Dhuri,101,Primary,Punjabi,42,82.89,4,2,2,9.52,4.76,4.76,14,11,67.91,78.57,16,684.3,51132.0,6,4,2,12,50.0,7.0,85.71428571428571,85.71428571428571,80.0,66.66666666666666,80.0,3.43,0.0,17.11,4.76,32.09,31.43,21.35
SCH0429,Govt. Elementary School Narain,Ferozepur,Zira,180,Secondary,Hindi,45,80.51,4,1,1,8.89,2.22,2.22,15,12,66.81,80.0,16,451.8,45957.0,5,6,2,13,38.46,6.0,83.33333333333334,100.0,83.33333333333334,83.33333333333334,50.0,4.0,3.0,19.49,2.22,33.19,20.0,18.73
SCH0536,Govt. Middle School Chandran,Jalandhar,Jalandhar-I,311,Secondary,Hindi,50,78.71,2,1,1,4.0,2.0,2.0,22,14,70.66,63.64,20,496.9,42106.0,10,6,0,16,62.5,5.0,66.66666666666666,75.0,100.0,80.0,66.66666666666666,3.2,0.0,21.29,2.0,29.34,36.0,22.16
SCH0145,Govt. Elementary School Kashyap,Sangrur,Malerkotla,85,Primary,Punjabi,42,80.29,3,1,1,7.14,2.38,2.38,13,11,65.48,84.62,13,404.4,28759.0,8,2,0,10,80.0,5.0,75.0,100.0,80.0,60.0,25.0,3.2,1.0,19.71,2.38,34.52,36.0,23.15
SCH0303,Govt. Elementary School Bava,Jalandhar,Unknown,443,Primary,Hindi,33,81.75,2,2,0,6.06,6.06,0.0,15,11,72.33,73.33,21,460.9,39937.0,5,11,5,21,23.81,6.0,80.0,100.0,83.33333333333334,33.33333333333333,40.0,3.0,0.0,18.25,6.06,27.67,40.0,22.99
SCH0558,Govt. Senior Secondary School Morar,Patiala,Rajpura,242,Upper Primary,English,35,80.85,1,1,3,2.86,2.86,8.57,13,11,67.55,84.62,25,511.6,59949.0,8,8,7,23,34.78,6.0,100.0,83.33333333333334,83.33333333333334,100.0,60.0,4.17,2.0,19.15,2.86,32.45,16.67,17.78
SCH0426,Govt. Elementary School Andra,Ferozepur,Ferozepur,364,Primary,Hindi,34,78.18,3,2,0,8.82,5.88,0.0,17,12,68.81,70.59,20,457.4,55469.0,13,7,0,20,65.0,2.0,50.0,100.0,50.0,100.0,50.0,3.5,0.0,21.82,5.88,31.19,30.0,22.22
SCH0273,Govt. Senior Secondary School Parikh,Ferozepur,Makhu,189,Higher Secondary,English,28,79.23,0,0,0,0.0,0.0,0.0,10,10,66.69,100.0,17,348.4,32724.0,7,5,3,15,46.67,6.0,80.0,100.0,100.0,75.0,40.0,3.17,0.0,20.77,0.0,33.31,36.67,22.69
SCH0262,Govt. Primary School Mital,Ferozepur,Makhu,236,Upper Primary,English,22,78.67,1,1,1,4.55,4.55,4.55,6,3,66.0,50.0,11,285.7,26250.0,2,2,3,7,28.57,5.0,80.0,80.0,80.0,40.0,66.66666666666666,3.2,0.0,21.33,4.55,34.0,36.0,23.97
SCH0363,Govt. Elementary School Sankar,Bathinda,Rampura Phul,192,Primary,English,35,82.23,3,2,3,8.57,5.71,8.57,10,6,63.75,60.0,20,409.1,42440.0,11,4,4,19,57.89,2.0,50.0,100.0,100.0,100.0,50.0,3.5,1.0,17.77,5.71,36.25,30.0,22.43
SCH0430,Govt. Senior Secondary School Dutt,Ferozepur,Makhu,399,Secondary,Hindi,37,83.85,2,2,3,5.41,5.41,8.11,15,12,58.58,80.0,23,645.0,39929.0,6,6,5,17,35.29,8.0,87.5,100.0,60.0,75.0,57.14285714285714,3.25,0.0,16.15,5.41,41.42,35.0,24.49
SCH0168,Govt. Elementary School Narayan,Amritsar,Amritsar-I,171,Upper Primary,English,33,80.88,2,1,2,6.06,3.03,6.06,5,4,70.95,80.0,19,466.3,44808.0,9,3,5,17,52.94,6.0,66.66666666666666,100.0,60.0,60.0,83.33333333333334,3.5,2.0,19.12,3.03,29.05,30.0,20.3
SCH0055,Govt. Elementary School Sem,Sangrur,Malerkotla,424,Secondary,English,35,83.57,5,4,2,14.29,11.43,5.71,12,11,65.07,91.67,22,529.5,46546.0,6,8,5,19,31.58,6.0,100.0,16.666666666666664,83.33333333333334,80.0,0.0,2.33,0.0,16.43,11.43,34.93,53.33,29.03
SCH0442,Govt. Middle School Karpe,Ferozepur,Mamdot,87,Upper Primary,Hindi,27,80.3,0,0,3,0.0,0.0,11.11,10,9,69.34,90.0,14,247.9,32860.0,7,2,2,11,63.64,7.0,57.14285714285714,71.42857142857143,71.42857142857143,28.57142857142857,66.66666666666666,2.86,0.0,19.7,0.0,30.66,42.86,23.3
SCH0047,Govt. Senior Secondary School Karpe,Jalandhar,Jalandhar-Ii,255,Higher Secondary,English,30,85.44,4,4,2,13.33,13.33,6.67,11,8,72.85,72.73,19,589.2,47618.0,9,6,1,16,56.25,5.0,80.0,100.0,100.0,20.0,60.0,3.0,0.0,14.56,13.33,27.15,40.0,23.76
SCH0094,Govt. Elementary School Pingle,Patiala,Samana,321,Secondary,Hindi,23,79.94,1,0,1,4.35,0.0,4.35,14,11,66.69,78.57,20,406.5,35574.0,13,3,1,17,76.47,4.0,100.0,100.0,100.0,75.0,50.0,3.75,0.0,20.06,0.0,33.31,25.0,19.59
SCH0305,Govt. Senior Secondary School Mane,Jalandhar,Unknown,87,Secondary,English,32,81.73,2,2,1,6.25,6.25,3.12,11,6,75.52,54.55,10,199.0,19701.0,3,3,4,10,30.0,5.0,100.0,75.0,100.0,100.0,20.0,3.2,0.0,18.27,6.25,24.48,36.0,21.25
SCH0109,Govt. Elementary School Pradhan,Ferozepur,Makhu,273,Upper Primary,Punjabi,29,83.83,5,2,1,17.24,6.9,3.45,13,11,60.88,84.62,26,656.2,55875.0,12,9,4,25,48.0,4.0,75.0,100.0,100.0,66.66666666666666,50.0,3.5,0.0,16.17,6.9,39.12,30.0,23.05
SCH0293,Govt. Primary School Wadhwa,Jalandhar,Phillaur,329,Higher Secondary,English,26,75.93,0,0,0,0.0,0.0,0.0,16,11,65.7,68.75,17,289.2,39022.0,13,1,3,17,76.47,5.0,75.0,80.0,100.0,80.0,25.0,3.0,0.0,24.07,0.0,34.3,40.0,24.59
SCH0196,Govt. Senior Secondary School Kara,Ludhiana,Ludhiana-Ii,265,Higher Secondary,English,23,79.76,1,1,1,4.35,4.35,4.35,10,7,74.33,70.0,19,299.0,41155.0,11,3,3,17,64.71,9.0,77.77777777777779,87.5,87.5,87.5,44.44444444444444,3.56,1.0,20.24,4.35,25.67,28.89,19.79
SCH0514,Govt. Primary School Mahal,Amritsar,Amritsar-I,72,Higher Secondary,Hindi,28,79.03,0,0,0,0.0,0.0,0.0,19,12,67.58,63.16,26,853.9,72998.0,11,10,3,24,45.83,6.0,80.0,80.0,80.0,60.0,20.0,2.67,1.0,20.97,0.0,32.42,46.67,25.01
SCH0468,Govt. Middle School Mishra,Bathinda,Talwandi Sabo,154,Secondary,Punjabi,32,77.62,1,0,0,3.12,0.0,0.0,14,9,61.44,64.29,25,723.1,48703.0,14,6,4,24,58.33,4.0,25.0,75.0,75.0,100.0,0.0,2.75,0.0,22.38,0.0,38.56,45.0,26.48
SCH0371,Govt. Elementary School Baral,Patiala,Nabha,344,Primary,English,21,80.15,2,0,0,9.52,0.0,0.0,11,9,68.09,81.82,23,512.4,50288.0,6,12,3,21,28.57,9.0,75.0,83.33333333333334,87.5,25.0,62.5,2.78,1.0,19.85,0.0,31.91,44.44,24.05
SCH0408,Govt. Primary School Salvi,Ludhiana,Ludhiana-I,96,Higher Secondary,Punjabi,34,78.4,3,1,0,8.82,2.94,0.0,11,9,69.34,81.82,22,642.6,66973.0,11,8,1,20,55.0,2.0,100.0,50.0,100.0,50.0,100.0,3.0,0.0,21.6,2.94,30.66,40.0,23.8
SCH0008,Govt. Middle School Sibal,Amritsar,Amritsar-Ii,313,Upper Primary,Hindi,37,80.86,2,2,1,5.41,5.41,2.7,7,5,66.46,71.43,23,636.6,58082.0,9,8,2,19,47.37,7.0,85.71428571428571,85.71428571428571,100.0,71.42857142857143,50.0,3.57,0.0,19.14,5.41,33.54,28.57,21.66
SCH0413,Govt. Primary School Bhatnagar,Sangrur,Dhuri,372,Upper Primary,Hindi,29,83.24,3,2,3,10.34,6.9,10.34,9,9,76.93,100.0,22,631.7,50306.0,6,4,6,16,37.5,5.0,100.0,60.0,100.0,40.0,50.0,3.4,0.0,16.76,6.9,23.07,32.0,19.68
SCH0424,Govt. Elementary School Baral,Bathinda,Rampura Phul,399,Upper Primary,Hindi,37,81.72,2,2,0,5.41,5.41,0.0,16,10,76.51,62.5,24,441.4,57899.0,8,9,2,19,42.11,4.0,50.0,66.66666666666666,66.66666666666666,75.0,0.0,2.25,0.0,18.28,5.41,23.49,55.0,25.54
SCH0285,Govt. Primary School Chaudhry,Ferozepur,Ferozepur,400,Secondary,Hindi,35,81.99,4,3,1,11.43,8.57,2.86,19,14,75.24,73.68,23,542.4,50232.0,12,6,4,22,54.55,4.0,66.66666666666666,100.0,50.0,50.0,33.33333333333333,2.25,0.0,18.01,8.57,24.76,55.0,26.58
SCH0276,Govt. Elementary School Naik,Sangrur,Sunam,364,Secondary,Punjabi,39,84.62,5,2,4,12.82,5.13,10.26,20,15,68.41,75.0,21,496.5,52204.0,9,7,3,19,47.37,10.0,100.0,87.5,77.77777777777779,37.5,60.0,3.1,0.0,15.38,5.13,31.59,38.0,22.53
SCH0582,Govt. Primary School Tiwari,Unknown,Rajpura,416,Higher Secondary,Punjabi,25,85.3,1,0,2,4.0,0.0,8.0,6,5,68.7,83.33,23,401.2,44692.0,13,8,0,21,61.9,4.0,100.0,100.0,66.66666666666666,100.0,50.0,3.75,1.0,14.7,0.0,31.3,25.0,17.75
SCH0070,Govt. Elementary School Nair,Sangrur,Sunam,262,Secondary,Hindi,34,81.71,3,2,1,8.82,5.88,2.94,11,9,68.73,81.82,17,213.7,41968.0,9,5,3,17,52.94,5.0,75.0,100.0,80.0,100.0,60.0,4.0,1.0,18.29,5.88,31.27,20.0,18.86
SCH0265,Govt. Primary School Bhat,Ferozepur,Ferozepur,435,Upper Primary,Punjabi,35,80.27,3,2,1,8.57,5.71,2.86,11,7,57.29,63.64,26,699.7,61892.0,11,9,5,25,44.0,9.0,44.44444444444444,100.0,66.66666666666666,50.0,77.77777777777779,3.33,1.0,19.73,5.71,42.71,33.33,25.37
SCH0433,Govt. Senior Secondary School Hayre,Amritsar,Amritsar-I,235,Primary,English,32,86.92,2,2,2,6.25,6.25,6.25,11,7,63.89,63.64,17,298.8,45871.0,8,5,1,14,57.14,5.0,75.0,100.0,80.0,60.0,60.0,3.2,0.0,13.08,6.25,36.11,36.0,22.86
SCH0299,Govt. Elementary School Sane,Patiala,Nabha,404,Upper Primary,Hindi,34,77.44,1,0,1,2.94,0.0,2.94,9,6,73.93,66.67,17,261.9,37337.0,9,3,3,15,60.0,2.0,100.0,50.0,50.0,100.0,0.0,3.0,0.0,22.56,0.0,26.07,40.0,22.16
SCH0250,Govt. Senior Secondary School Lad,Bathinda,Talwandi Sabo,191,Secondary,English,26,79.93,1,0,1,3.85,0.0,3.85,13,10,61.11,76.92,13,284.5,29343.0,4,5,1,10,40.0,1.0,0.0,100.0,100.0,100.0,100.0,4.0,0.0,20.07,0.0,38.89,20.0,19.74
SCH0573,Govt. Middle School Thakkar,Patiala,Nabha,337,Upper Primary,Hindi,37,81.54,1,1,2,2.7,2.7,5.41,13,5,71.14,38.46,18,422.8,37523.0,5,7,6,18,27.78,4.0,100.0,75.0,100.0,75.0,75.0,4.0,2.0,18.46,2.7,28.86,20.0,17.5
SCH0275,Govt. Primary School Chandran,Ludhiana,Machhiwara,402,Secondary,Punjabi,29,81.81,0,0,1,0.0,0.0,3.45,11,6,71.88,54.55,16,447.9,36761.0,8,2,5,15,53.33,2.0,50.0,100.0,100.0,0.0,50.0,2.5,0.0,18.19,0.0,28.12,50.0,24.08
SCH0150,Govt. Primary School Parikh,Ludhiana,Doraha,299,Higher Secondary,English,30,83.58,4,2,2,13.33,6.67,6.67,15,12,64.19,80.0,25,383.7,43751.0,10,9,3,22,45.45,5.0,100.0,100.0,25.0,60.0,80.0,3.4,0.0,16.42,6.67,35.81,32.0,22.72
SCH0125,Govt. Primary School Srivastava,Moga,Moga-I,129,Upper Primary,Punjabi,32,86.27,3,2,2,9.38,6.25,6.25,16,13,73.11,81.25,17,378.7,45670.0,5,5,6,16,31.25,7.0,57.14285714285714,80.0,66.66666666666666,71.42857142857143,57.14285714285714,3.0,0.0,13.73,6.25,26.89,40.0,21.72
SCH0470,Govt. Elementary School Handa,Jalandhar,Nakodar,348,Primary,Punjabi,26,86.34,5,2,3,19.23,7.69,11.54,12,11,70.29,91.67,11,303.5,28905.0,1,4,2,7,14.29,1.0,100.0,100.0,0.0,0.0,100.0,3.0,0.0,13.66,7.69,29.71,40.0,22.77
SCH0531,Govt. Senior Secondary School Acharya,Patiala,Patiala,61,Higher Secondary,Punjabi,21,84.19,2,1,1,9.52,4.76,4.76,8,7,70.46,87.5,32,595.9,69751.0,15,7,6,28,53.57,4.0,50.0,100.0,100.0,75.0,33.33333333333333,3.0,1.0,15.81,4.76,29.54,40.0,22.53
SCH0186,Govt. Senior Secondary School Pillay,Moga,Moga-I,321,Secondary,Hindi,32,88.06,5,3,3,15.62,9.38,9.38,15,8,66.06,53.33,28,734.2,75990.0,14,5,7,26,53.85,5.0,60.0,60.0,66.66666666666666,100.0,20.0,2.4,0.0,11.94,9.38,33.94,52.0,26.81
SCH0334,Govt. Senior Secondary School Gole,Moga,Bagha Purana,271,Primary,Hindi,27,77.71,3,2,0,11.11,7.41,0.0,18,14,78.01,77.78,21,444.7,55165.0,8,4,3,15,53.33,11.0,62.5,90.9090909090909,88.88888888888889,70.0,54.54545454545454,3.27,4.0,22.29,7.41,21.99,34.55,21.56
SCH0313,Govt. Senior Secondary School Behl,Patiala,Nabha,422,Primary,Punjabi,37,81.76,5,3,1,13.51,8.11,2.7,11,9,75.82,81.82,14,291.7,43511.0,7,5,0,12,58.33,2.0,100.0,0.0,50.0,100.0,100.0,2.5,0.0,18.24,8.11,24.18,50.0,25.13
SCH0478,Govt. Elementary School Padmanabhan,Ferozepur,Makhu,62,Higher Secondary,Punjabi,30,84.94,0,0,4,0.0,0.0,13.33,13,11,67.84,84.62,16,447.3,23939.0,2,8,2,12,16.67,3.0,100.0,66.66666666666666,66.66666666666666,66.66666666666666,100.0,3.33,0.0,15.06,0.0,32.16,33.33,20.14
SCH0311,Govt. Elementary School Sarkar,Amritsar,Amritsar-Ii,425,Higher Secondary,Hindi,34,79.53,1,1,1,2.94,2.94,2.94,11,9,65.47,81.82,16,320.0,38746.0,4,8,4,16,25.0,7.0,85.71428571428571,100.0,71.42857142857143,100.0,57.14285714285714,3.86,2.0,20.47,2.94,34.53,22.86,20.2
SCH0350,Govt. Primary School Mann,Jalandhar,Unknown,292,Upper Primary,Hindi,20,79.63,0,0,0,0.0,0.0,0.0,14,9,60.62,64.29,15,381.0,27361.0,9,1,3,13,69.23,4.0,75.0,100.0,100.0,100.0,25.0,3.5,0.0,20.37,0.0,39.38,30.0,22.44
SCH0032,Govt. Senior Secondary School Narang,Bathinda,Maur,218,Upper Primary,Hindi,24,76.13,1,0,0,4.17,0.0,0.0,13,11,65.21,84.62,21,460.9,51905.0,9,8,4,21,42.86,8.0,87.5,66.66666666666666,80.0,71.42857142857143,62.5,3.12,1.0,23.87,0.0,34.79,37.5,24.04
SCH0587,Govt. Senior Secondary School Verma,Jalandhar,Phillaur,321,Upper Primary,Hindi,26,82.46,2,1,0,7.69,3.85,0.0,10,9,71.59,90.0,18,381.3,45879.0,9,6,0,15,60.0,5.0,66.66666666666666,100.0,75.0,75.0,80.0,3.2,0.0,17.54,3.85,28.41,36.0,21.45
SCH0507,Govt. Middle School Gola,Ludhiana,Ludhiana-Ii,170,Primary,English,31,83.76,4,2,1,12.9,6.45,3.23,6,4,60.02,66.67,19,352.3,52934.0,5,9,3,17,29.41,2.0,100.0,100.0,100.0,50.0,50.0,4.0,0.0,16.24,6.45,39.98,20.0,20.67
SCH0569,Govt. Middle School Gill,Bathinda,Rampura Phul,290,Upper Primary,English,30,79.64,0,0,1,0.0,0.0,3.33,17,15,75.97,88.24,21,518.5,51520.0,11,3,3,17,64.71,5.0,50.0,100.0,100.0,40.0,0.0,2.4,0.0,20.36,0.0,24.03,52.0,24.1
SCH0487,Govt. Senior Secondary School Keer,Bathinda,Bathinda,436,Higher Secondary,Hindi,33,83.5,2,1,1,6.06,3.03,3.03,10,8,64.55,80.0,16,274.8,24526.0,8,2,1,11,72.73,5.0,66.66666666666666,100.0,100.0,60.0,33.33333333333333,3.2,0.0,16.5,3.03,35.45,36.0,22.75
SCH0142,Govt. Senior Secondary School Badami,Bathinda,Rampura Phul,207,Higher Secondary,Hindi,31,80.58,4,2,1,12.9,6.45,3.23,13,7,60.2,53.85,20,483.7,60440.0,9,4,3,16,56.25,6.0,80.0,100.0,100.0,60.0,50.0,3.0,0.0,19.42,6.45,39.8,40.0,26.42
SCH0020,Govt. Primary School Soman,Amritsar,Amritsar-I,157,Primary,English,31,80.07,2,2,2,6.45,6.45,6.45,14,9,60.33,64.29,17,448.4,42804.0,6,6,3,15,40.0,4.0,66.66666666666666,100.0,75.0,50.0,66.66666666666666,3.25,0.0,19.93,6.45,39.67,35.0,25.26
SCH0173,Govt. Senior Secondary School Johal,Moga,Moga-Ii,62,Secondary,Punjabi,35,78.31,1,1,0,2.86,2.86,0.0,13,10,79.39,76.92,10,263.7,21161.0,6,1,2,9,66.67,6.0,83.33333333333334,66.66666666666666,40.0,33.33333333333333,50.0,2.67,0.0,21.69,2.86,20.61,46.67,22.96
SCH0484,Govt. Elementary School Hayre,Jalandhar,Jalandhar-I,422,Upper Primary,Hindi,49,81.26,4,4,2,8.16,8.16,4.08,12,12,61.07,100.0,14,381.2,38640.0,6,3,3,12,50.0,3.0,33.33333333333333,100.0,66.66666666666666,66.66666666666666,0.0,2.67,0.0,18.74,8.16,38.93,46.67,28.13
SCH0483,Govt. Middle School Varkey,Sangrur,Sunam,229,Higher Secondary,Punjabi,25,79.85,1,0,0,4.0,0.0,0.0,11,11,71.75,100.0,19,340.0,44027.0,11,3,3,17,64.71,3.0,100.0,100.0,100.0,33.33333333333333,0.0,3.0,0.0,20.15,0.0,28.25,40.0,22.1
SCH0026,Govt. Elementary School Narayan,Unknown,Ludhiana-Ii,234,Higher Secondary,Hindi,32,79.86,2,2,1,6.25,6.25,3.12,10,6,65.22,60.0,17,435.2,29340.0,14,3,0,17,82.35,8.0,100.0,83.33333333333334,87.5,100.0,66.66666666666666,3.75,2.0,20.14,6.25,34.78,25.0,21.54
SCH0447,Govt. Middle School Dash,Ferozepur,Unknown,422,Primary,Punjabi,27,86.26,6,2,2,22.22,7.41,7.41,9,8,70.68,88.89,24,720.5,85949.0,7,6,7,20,35.0,5.0,50.0,75.0,75.0,40.0,80.0,2.8,0.0,13.74,7.41,29.33,44.0,23.62
SCH0590,Govt. Elementary School Khare,Sangrur,Unknown,151,Higher Secondary,Hindi,30,84.46,3,2,0,10.0,6.67,0.0,16,13,64.78,81.25,20,445.3,45797.0,11,4,1,16,68.75,9.0,100.0,75.0,62.5,75.0,55.55555555555556,3.44,1.0,15.54,6.67,35.22,31.11,22.13
SCH0319,Govt. Primary School Bassi,Ludhiana,Ludhiana-Ii,84,Primary,Hindi,40,84.06,4,3,2,10.0,7.5,5.0,18,12,55.69,66.67,20,548.0,46288.0,6,7,2,15,40.0,5.0,75.0,100.0,100.0,80.0,75.0,4.0,0.0,15.94,7.5,44.31,20.0,21.94
SCH0246,Govt. Primary School Chaudhari,Patiala,Rajpura,146,Secondary,Hindi,28,85.06,4,2,1,14.29,7.14,3.57,11,9,69.8,81.82,20,455.2,36696.0,10,5,3,18,55.56,4.0,33.33333333333333,100.0,33.33333333333333,66.66666666666666,66.66666666666666,2.25,1.0,14.94,7.14,30.2,55.0,26.82
SCH0339,Govt. Elementary School Zacharia,Jalandhar,Jalandhar-I,46,Upper Primary,Punjabi,40,79.12,3,2,1,7.5,5.0,2.5,11,8,61.8,72.73,28,585.3,54817.0,12,5,7,24,50.0,3.0,100.0,33.33333333333333,100.0,66.66666666666666,50.0,3.33,0.0,20.88,5.0,38.2,33.33,24.35
SCH0155,Govt. Senior Secondary School Chander,Ferozepur,Makhu,169,Upper Primary,English,31,83.64,3,3,3,9.68,9.68,9.68,15,12,68.72,80.0,24,582.5,71905.0,7,11,3,21,33.33,4.0,75.0,66.66666666666666,100.0,75.0,25.0,3.25,1.0,16.36,9.68,31.28,35.0,23.08
SCH0127,Govt. Elementary School Palla,Bathinda,Talwandi Sabo,369,Primary,Punjabi,37,85.42,3,1,2,8.11,2.7,5.41,12,9,64.8,75.0,16,268.2,35603.0,6,3,3,12,50.0,3.0,50.0,100.0,66.66666666666666,100.0,33.33333333333333,3.33,0.0,14.58,2.7,35.2,33.33,21.45
SCH0368,Govt. Elementary School Raman,Ferozepur,Zira,323,Higher Secondary,Punjabi,33,82.05,2,1,3,6.06,3.03,9.09,11,9,57.06,81.82,26,588.4,56563.0,16,5,3,24,66.67,7.0,85.71428571428571,100.0,85.71428571428571,71.42857142857143,16.666666666666664,3.43,0.0,17.95,3.03,42.94,31.43,23.84
SCH0114,Govt. Primary School Randhawa,Sangrur,Malerkotla,422,Primary,Hindi,36,83.32,1,1,2,2.78,2.78,5.56,16,9,69.84,56.25,26,532.6,43213.0,9,9,4,22,40.91,10.0,71.42857142857143,71.42857142857143,77.77777777777779,62.5,70.0,2.9,1.0,16.68,2.78,30.16,42.0,22.9
SCH0174,Govt. Senior Secondary School Lanka,Sangrur,Unknown,109,Higher Secondary,Hindi,43,83.46,4,3,3,9.3,6.98,6.98,15,14,68.91,93.33,18,389.1,48037.0,8,7,0,15,53.33,7.0,100.0,66.66666666666666,100.0,33.33333333333333,42.857142857142854,3.0,0.0,16.54,6.98,31.09,40.0,23.65
SCH0058,Govt. Elementary School Savant,Ferozepur,Mamdot,434,Primary,English,22,78.19,1,1,0,4.55,4.55,0.0,5,3,68.37,60.0,18,602.6,42331.0,11,3,3,17,64.71,5.0,80.0,20.0,80.0,50.0,75.0,2.8,0.0,21.81,4.55,31.63,44.0,25.5
SCH0345,Govt. Elementary School Mangal,Ludhiana,Machhiwara,440,Higher Secondary,Hindi,30,79.85,0,0,0,0.0,0.0,0.0,12,7,61.66,58.33,19,461.0,40512.0,8,10,0,18,44.44,4.0,25.0,100.0,100.0,75.0,50.0,3.0,0.0,20.15,0.0,38.34,40.0,24.62
SCH0223,Govt. Senior Secondary School Mallick,Bathinda,Maur,47,Secondary,Punjabi,29,84.39,4,1,0,13.79,3.45,0.0,16,12,70.04,75.0,21,456.2,39405.0,7,9,3,19,36.84,7.0,100.0,85.71428571428571,85.71428571428571,71.42857142857143,50.0,3.57,1.0,15.61,3.45,29.96,28.57,19.4
SCH0018,Govt. Elementary School Palla,Bathinda,Talwandi Sabo,148,Upper Primary,English,33,82.45,1,1,2,3.03,3.03,6.06,12,5,62.26,41.67,15,504.7,36657.0,6,3,4,13,46.15,7.0,57.14285714285714,83.33333333333334,85.71428571428571,14.285714285714285,57.14285714285714,2.86,0.0,17.55,3.03,37.74,42.86,25.3
SCH0321,Govt. Primary School Nayak,Jalandhar,Nakodar,104,Secondary,Punjabi,36,74.7,0,0,1,0.0,0.0,2.78,14,12,81.28,85.71,29,797.2,71691.0,8,9,9,26,30.77,11.0,75.0,80.0,77.77777777777779,22.22222222222222,30.0,2.36,1.0,25.3,0.0,18.72,52.73,24.19
SCH0256,Govt. Middle School Chaudhry,Jalandhar,Jalandhar-I,89,Upper Primary,English,36,81.84,3,2,3,8.33,5.56,8.33,19,14,71.39,73.68,19,483.7,46192.0,13,3,1,17,76.47,5.0,25.0,80.0,50.0,0.0,40.0,1.8,0.0,18.16,5.56,28.61,64.0,29.08
SCH0328,Govt. Senior Secondary School Sarraf,Sangrur,Sangrur,228,Secondary,Hindi,35,81.93,3,1,2,8.57,2.86,5.71,14,11,67.6,78.57,25,367.9,44419.0,14,6,2,22,63.64,3.0,33.33333333333333,100.0,100.0,33.33333333333333,0.0,2.67,0.0,18.07,2.86,32.4,46.67,25.0
SCH0592,Govt. Primary School Ray,Ludhiana,Unknown,56,Secondary,Punjabi,34,80.95,5,3,2,14.71,8.82,5.88,16,11,72.86,68.75,27,709.5,52865.0,10,9,5,24,41.67,6.0,50.0,80.0,80.0,83.33333333333334,40.0,2.83,0.0,19.05,8.82,27.14,43.33,24.59
SCH0191,Govt. Senior Secondary School Bera,Amritsar,Amritsar-Ii,195,Secondary,Hindi,36,80.86,3,1,1,8.33,2.78,2.78,10,6,70.87,60.0,18,320.0,33801.0,12,3,2,17,70.59,4.0,100.0,100.0,100.0,100.0,0.0,3.25,0.0,19.14,2.78,29.13,35.0,21.51
SCH0342,Govt. Senior Secondary School Kashyap,Sangrur,Sangrur,235,Upper Primary,Punjabi,27,82.76,4,3,2,14.81,11.11,7.41,10,9,64.18,90.0,29,584.9,63423.0,13,7,5,25,52.0,,,,,,,,,17.24,11.11,35.82,,21.39
SCH0544,Govt. Senior Secondary School Khalsa,Ferozepur,Zira,138,Upper Primary,Hindi,28,78.36,1,1,0,3.57,3.57,0.0,14,8,60.11,57.14,26,752.1,70655.0,9,10,5,24,37.5,5.0,100.0,100.0,66.66666666666666,25.0,60.0,3.0,0.0,21.64,3.57,39.89,40.0,26.27
SCH0292,Govt. Middle School Deo,Sangrur,Sunam,82,Upper Primary,English,35,79.24,4,3,0,11.43,8.57,0.0,16,12,75.45,75.0,13,355.0,36267.0,7,2,2,11,63.64,5.0,80.0,75.0,100.0,66.66666666666666,60.0,3.2,0.0,20.76,8.57,24.55,36.0,22.47
SCH0095,Govt. Primary School Kanda,Patiala,Nabha,199,Higher Secondary,Punjabi,32,82.34,6,3,1,18.75,9.38,3.12,22,17,69.26,77.27,18,423.5,47631.0,12,2,3,17,70.59,6.0,66.66666666666666,80.0,66.66666666666666,100.0,33.33333333333333,3.0,0.0,17.66,9.38,30.74,40.0,24.44
SCH0181,Govt. Primary School Lala,Ludhiana,Ludhiana-Ii,351,Higher Secondary,English,27,85.41,3,1,2,11.11,3.7,7.41,8,6,65.5,75.0,24,537.8,51208.0,9,7,6,22,40.91,6.0,75.0,100.0,80.0,80.0,0.0,2.83,0.0,14.59,3.7,34.5,43.33,24.03
SCH0396,Govt. Senior Secondary School Deshmukh,Moga,Moga-I,42,Upper Primary,Hindi,34,81.27,4,3,1,11.76,8.82,2.94,10,7,71.03,70.0,20,494.5,54255.0,11,3,4,18,61.11,5.0,80.0,40.0,100.0,40.0,100.0,3.2,1.0,18.73,8.82,28.97,36.0,23.13
SCH0355,Govt. Primary School Tripathi,Unknown,Jalandhar-Ii,413,Higher Secondary,English,33,85.26,4,3,3,12.12,9.09,9.09,16,13,68.5,81.25,22,495.3,52203.0,11,4,3,18,61.11,5.0,80.0,100.0,100.0,25.0,66.66666666666666,3.2,0.0,14.74,9.09,31.5,36.0,22.83
SCH0551,Govt. Middle School Tara,Moga,Unknown,110,Upper Primary,Punjabi,40,81.5,4,3,2,10.0,7.5,5.0,14,12,63.69,85.71,23,533.5,52657.0,16,5,0,21,76.19,3.0,66.66666666666666,50.0,100.0,0.0,0.0,2.0,0.0,18.5,7.5,36.31,60.0,30.58
SCH0335,Govt. Primary School Kota,Amritsar,Amritsar-Ii,94,Higher Secondary,Hindi,31,82.67,4,2,1,12.9,6.45,3.23,17,15,58.57,88.24,21,562.8,51757.0,10,8,2,20,50.0,3.0,66.66666666666666,100.0,100.0,33.33333333333333,66.66666666666666,3.67,1.0,17.33,6.45,41.43,26.67,22.97
SCH0006,Govt. Primary School Bahri,Moga,Moga-Ii,400,Upper Primary,Punjabi,28,79.15,1,1,0,3.57,3.57,0.0,15,10,62.77,66.67,23,720.8,56578.0,8,9,1,18,44.44,2.0,0.0,50.0,0.0,100.0,100.0,2.5,0.0,20.85,3.57,37.23,50.0,27.91
SCH0046,Govt. Elementary School Mody,Moga,Bagha Purana,379,Secondary,English,28,84.45,4,3,2,14.29,10.71,7.14,11,5,81.08,45.45,10,209.1,25003.0,5,4,0,9,55.56,4.0,100.0,75.0,100.0,75.0,33.33333333333333,3.5,1.0,15.55,10.71,18.92,30.0,18.8
SCH0575,Govt. Middle School Nair,Ludhiana,Doraha,251,Secondary,Hindi,27,80.62,2,1,1,7.41,3.7,3.7,18,15,71.3,83.33,17,430.3,46654.0,11,3,2,16,68.75,2.0,100.0,100.0,100.0,0.0,,3.0,0.0,19.38,3.7,28.7,40.0,22.95
SCH0417,Govt. Elementary School Ahuja,Amritsar,Tarn Taran,378,Higher Secondary,Hindi,24,80.34,1,1,3,4.17,4.17,12.5,19,10,73.07,52.63,14,213.1,27340.0,5,4,3,12,41.67,9.0,55.55555555555556,88.88888888888889,88.88888888888889,44.44444444444444,55.55555555555556,3.33,0.0,19.66,4.17,26.93,33.33,21.02
SCH0526,Govt. Elementary School Raman,Ludhiana,Unknown,81,Upper Primary,Punjabi,33,81.07,2,2,1,6.06,6.06,3.03,11,8,60.53,72.73,14,235.7,19787.0,10,2,2,14,71.43,8.0,62.5,37.5,85.71428571428571,66.66666666666666,37.5,2.62,0.0,18.93,6.06,39.47,47.5,27.99
SCH0017,Govt. Elementary School Pandit,Amritsar,Tarn Taran,75,Upper Primary,Hindi,31,81.27,3,1,0,9.68,3.23,0.0,16,13,67.81,81.25,19,377.7,50666.0,7,7,1,15,46.67,6.0,60.0,83.33333333333334,66.66666666666666,33.33333333333333,60.0,2.67,1.0,18.73,3.23,32.19,46.67,25.2
SCH0049,Govt. Middle School Purohit,Patiala,Rajpura,446,Upper Primary,Hindi,39,79.6,4,1,1,10.26,2.56,2.56,15,11,65.84,73.33,16,348.1,36757.0,5,3,4,12,41.67,4.0,100.0,100.0,100.0,75.0,50.0,4.25,2.0,20.4,2.56,34.16,15.0,18.03
SCH0598,Govt. Primary School Warrior,Bathinda,Maur,40,Higher Secondary,Hindi,35,85.24,3,2,3,8.57,5.71,8.57,16,13,70.01,81.25,22,319.2,42643.0,6,8,6,20,30.0,4.0,100.0,100.0,33.33333333333333,75.0,50.0,3.25,0.0,14.76,5.71,29.99,35.0,21.37
SCH0564,Govt. Primary School Nair,Bathinda,Talwandi Sabo,358,Upper Primary,Hindi,26,82.52,4,3,0,15.38,11.54,0.0,11,10,68.11,90.91,18,404.6,42924.0,7,3,4,14,50.0,7.0,83.33333333333334,83.33333333333334,85.71428571428571,25.0,100.0,2.86,0.0,17.48,11.54,31.89,42.86,25.94
SCH0004,Govt. Elementary School Kaur,Bathinda,Unknown,150,Secondary,English,29,79.2,1,1,3,3.45,3.45,10.34,15,14,70.05,93.33,16,353.1,40543.0,7,6,2,15,46.67,5.0,60.0,80.0,100.0,80.0,20.0,3.4,0.0,20.8,3.45,29.95,32.0,21.55
SCH0556,Govt. Middle School Dar,Amritsar,Unknown,261,Higher Secondary,Hindi,36,79.02,5,3,1,13.89,8.33,2.78,8,5,66.04,62.5,17,346.2,27843.0,11,2,3,16,68.75,9.0,77.77777777777779,87.5,85.71428571428571,62.5,55.55555555555556,3.33,1.0,20.98,8.33,33.96,33.33,24.15
SCH0389,Govt. Primary School Borra,Ludhiana,Machhiwara,191,Higher Secondary,Hindi,23,78.42,1,1,1,4.35,4.35,4.35,12,8,61.99,66.67,18,268.1,34840.0,4,5,6,15,26.67,6.0,33.33333333333333,83.33333333333334,83.33333333333334,33.33333333333333,25.0,2.5,0.0,21.58,4.35,38.01,50.0,28.48
SCH0465,Govt. Senior Secondary School Banerjee,Patiala,Rajpura,158,Secondary,English,36,82.55,2,2,3,5.56,5.56,8.33,12,11,71.53,91.67,21,374.7,48902.0,6,6,4,16,37.5,5.0,75.0,100.0,100.0,80.0,25.0,3.0,1.0,17.45,5.56,28.47,40.0,22.87
SCH0395,Govt. Elementary School Bose,Sangrur,Sunam,201,Upper Primary,Hindi,38,83.75,3,2,2,7.89,5.26,5.26,15,12,71.33,80.0,14,310.4,31325.0,7,4,1,12,58.33,6.0,83.33333333333334,100.0,83.33333333333334,66.66666666666666,60.0,3.83,2.0,16.25,5.26,28.67,23.33,18.38
SCH0226,Govt. Primary School Upadhyay,Ludhiana,Doraha,374,Upper Primary,Hindi,32,79.58,2,1,3,6.25,3.12,9.38,17,15,65.18,88.24,33,607.1,63755.0,18,5,3,26,69.23,8.0,87.5,62.5,100.0,71.42857142857143,60.0,3.38,0.0,20.42,3.12,34.82,32.5,22.72
SCH0027,Govt. Primary School Lal,Sangrur,Sunam,137,Primary,Punjabi,40,82.22,4,4,3,10.0,10.0,7.5,16,12,59.24,75.0,25,786.5,72937.0,8,10,2,20,40.0,3.0,50.0,66.66666666666666,100.0,33.33333333333333,50.0,2.33,1.0,17.78,10.0,40.76,53.33,30.47
SCH0584,Govt. Senior Secondary School Sahota,Jalandhar,Phillaur,370,Primary,English,45,79.8,3,3,2,6.67,6.67,4.44,14,9,62.11,64.29,22,491.6,42453.0,7,9,3,19,36.84,3.0,100.0,100.0,100.0,33.33333333333333,66.66666666666666,3.33,0.0,20.2,6.67,37.89,33.33,24.52
SCH0264,Govt. Elementary School Ghosh,Ludhiana,Doraha,441,Higher Secondary,Hindi,33,78.55,3,3,2,9.09,9.09,6.06,13,11,67.1,84.62,19,397.9,34397.0,8,3,3,14,57.14,4.0,100.0,100.0,66.66666666666666,100.0,33.33333333333333,3.75,1.0,21.45,9.09,32.9,25.0,22.11
SCH0051,Govt. Senior Secondary School Sarkar,Patiala,Rajpura,352,Primary,Punjabi,31,88.73,2,2,4,6.45,6.45,12.9,9,9,70.03,100.0,18,637.6,43906.0,5,8,2,15,33.33,7.0,100.0,83.33333333333334,100.0,50.0,33.33333333333333,3.43,1.0,11.27,6.45,29.97,31.43,19.78
SCH0230,Govt. Senior Secondary School Badal,Patiala,Nabha,124,Higher Secondary,Punjabi,36,83.83,6,4,0,16.67,11.11,0.0,18,13,62.68,72.22,15,355.4,31510.0,4,4,5,13,30.77,9.0,100.0,62.5,88.88888888888889,71.42857142857143,66.66666666666666,3.44,2.0,16.17,11.11,37.32,31.11,23.93
SCH0038,Govt. Senior Secondary School Mandal,Ferozepur,Zira,61,Primary,Punjabi,37,83.16,6,4,2,16.22,10.81,5.41,14,10,67.82,71.43,26,659.1,51316.0,10,7,5,22,45.45,2.0,100.0,50.0,100.0,0.0,0.0,2.5,0.0,16.84,10.81,32.18,50.0,27.46
SCH0158,Govt. Middle School Tella,Moga,Nihal Singh Wala,138,Upper Primary,Punjabi,27,83.56,1,0,1,3.7,0.0,3.7,8,5,64.64,62.5,22,564.3,46974.0,11,7,2,20,55.0,1.0,100.0,100.0,100.0,0.0,,3.0,0.0,16.44,0.0,35.36,40.0,22.95
SCH0238,Govt. Primary School Amble,Patiala,Nabha,74,Primary,Punjabi,37,80.32,1,1,1,2.7,2.7,2.7,12,11,59.15,91.67,28,861.6,70316.0,10,10,6,26,38.46,7.0,71.42857142857143,71.42857142857143,100.0,50.0,0.0,2.57,0.0,19.68,2.7,40.85,48.57,27.95
SCH0593,Govt. Middle School Iyer,Jalandhar,Jalandhar-Ii,384,Upper Primary,Punjabi,42,80.92,4,3,1,9.52,7.14,2.38,19,14,63.59,73.68,23,664.3,57444.0,13,4,3,20,65.0,8.0,75.0,71.42857142857143,75.0,57.14285714285714,87.5,3.5,0.0,19.08,7.14,36.41,30.0,23.16
SCH0176,Govt. Elementary School Barad,Moga,Bagha Purana,103,Higher Secondary,Punjabi,31,79.32,3,1,0,9.68,3.23,0.0,16,12,66.22,75.0,16,501.2,33900.0,9,4,2,15,60.0,5.0,60.0,100.0,80.0,60.0,50.0,3.4,1.0,20.68,3.23,33.78,32.0,22.42
SCH0520,Govt. Primary School Banerjee,Sangrur,Malerkotla,44,Secondary,Hindi,32,82.76,3,2,3,9.38,6.25,9.38,13,9,62.12,69.23,29,693.2,77083.0,14,10,1,25,56.0,3.0,50.0,50.0,100.0,66.66666666666666,0.0,2.33,0.0,17.24,6.25,37.88,53.33,28.68
SCH0437,Govt. Senior Secondary School Loyal,Patiala,Rajpura,155,Secondary,Hindi,27,81.01,1,1,1,3.7,3.7,3.7,18,14,64.59,77.78,19,446.7,52999.0,8,6,4,18,44.44,1.0,0.0,,,0.0,0.0,0.0,0.0,18.99,3.7,35.41,100.0,39.53
SCH0195,Govt. Elementary School Dhillon,Sangrur,Malerkotla,368,Higher Secondary,Punjabi,32,83.27,3,3,3,9.38,9.38,9.38,15,8,62.68,53.33,23,524.3,72482.0,12,4,3,19,63.16,6.0,83.33333333333334,80.0,40.0,60.0,50.0,2.83,0.0,16.73,9.38,37.33,43.33,26.69
SCH0522,Govt. Primary School Lalla,Patiala,Samana,185,Secondary,English,29,80.95,2,1,1,6.9,3.45,3.45,12,8,74.32,66.67,15,412.6,55251.0,9,2,3,14,64.29,4.0,100.0,100.0,50.0,75.0,66.66666666666666,3.25,0.0,19.05,3.45,25.67,35.0,20.79
SCH0384,Govt. Senior Secondary School Parekh,Ferozepur,Ferozepur,439,Primary,Hindi,36,84.83,5,4,2,13.89,11.11,5.56,17,11,70.54,64.71,17,466.3,53223.0,7,6,2,15,46.67,4.0,100.0,100.0,100.0,50.0,75.0,4.0,1.0,15.17,11.11,29.46,20.0,18.94
SCH0597,Govt. Senior Secondary School Zacharia,Moga,Moga-Ii,354,Higher Secondary,Hindi,36,83.5,4,3,1,11.11,8.33,2.78,11,10,63.87,90.91,16,379.1,40888.0,8,6,1,15,53.33,1.0,100.0,,100.0,0.0,100.0,3.0,0.0,16.5,8.33,36.13,40.0,25.24
SCH0528,Govt. Senior Secondary School Sunder,Patiala,Patiala,141,Primary,English,37,82.53,3,2,0,8.11,5.41,0.0,12,8,70.72,66.67,21,427.7,46944.0,14,3,3,20,70.0,3.0,100.0,100.0,33.33333333333333,100.0,66.66666666666666,3.67,1.0,17.47,5.41,29.28,26.67,19.7
SCH0068,Govt. Primary School Mangat,Amritsar,Ajnala,390,Primary,Punjabi,31,83.38,6,5,0,19.35,16.13,0.0,8,7,58.23,87.5,20,378.5,48177.0,7,4,4,15,46.67,3.0,100.0,100.0,100.0,33.33333333333333,66.66666666666666,3.33,0.0,16.62,16.13,41.77,33.33,26.96
SCH0415,Govt. Elementary School Mandal,Ludhiana,Unknown,287,Primary,English,40,82.26,5,3,0,12.5,7.5,0.0,9,7,71.54,77.78,22,480.2,41575.0,14,5,1,20,70.0,1.0,,100.0,100.0,100.0,100.0,4.0,0.0,17.74,7.5,28.46,20.0,18.42
SCH0169,Govt. Elementary School Walia,Unknown,Unknown,102,Higher Secondary,Punjabi,33,83.5,5,1,1,15.15,3.03,3.03,14,11,67.45,78.57,19,472.5,43721.0,8,6,3,17,47.06,5.0,100.0,100.0,75.0,100.0,25.0,3.2,0.0,16.5,3.03,32.55,36.0,22.02
SCH0501,Govt. Primary School Devi,Ludhiana,Doraha,241,Upper Primary,Punjabi,34,83.41,3,2,1,8.82,5.88,2.94,18,12,61.89,66.67,16,383.3,29827.0,9,3,4,16,56.25,4.0,100.0,100.0,100.0,25.0,100.0,3.75,0.0,16.59,5.88,38.11,25.0,21.39
SCH0163,Govt. Primary School Ratta,Jalandhar,Nakodar,66,Secondary,Hindi,25,79.89,1,0,0,4.0,0.0,0.0,14,12,70.86,85.71,22,644.8,58994.0,9,8,3,20,45.0,4.0,66.66666666666666,33.33333333333333,66.66666666666666,75.0,50.0,2.5,0.0,20.11,0.0,29.14,50.0,24.81
SCH0310,Govt. Elementary School Nair,Sangrur,Malerkotla,409,Upper Primary,Punjabi,32,79.45,2,1,0,6.25,3.12,0.0,12,6,54.68,50.0,15,157.3,23519.0,8,2,1,11,72.73,5.0,75.0,100.0,75.0,25.0,60.0,2.8,0.0,20.55,3.12,45.32,44.0,28.25
SCH0194,Govt. Elementary School Suresh,Amritsar,Amritsar-I,368,Secondary,Punjabi,19,87.42,1,1,4,5.26,5.26,21.05,14,10,64.52,71.43,21,445.9,45623.0,6,6,5,17,35.29,6.0,60.0,100.0,75.0,75.0,16.666666666666664,2.5,0.0,12.58,5.26,35.48,50.0,25.83
SCH0153,Govt. Senior Secondary School Vohra,Amritsar,Amritsar-Ii,60,Higher Secondary,English,31,81.15,2,2,0,6.45,6.45,0.0,7,4,77.45,57.14,19,582.6,60137.0,10,7,1,18,55.56,3.0,66.66666666666666,66.66666666666666,100.0,50.0,66.66666666666666,3.0,0.0,18.85,6.45,22.55,40.0,21.96
SCH0351,Govt. Senior Secondary School Morar,Patiala,Patiala,309,Secondary,English,31,80.06,3,3,0,9.68,9.68,0.0,17,14,63.01,82.35,30,709.6,85713.0,19,6,1,26,73.08,5.0,60.0,100.0,100.0,100.0,50.0,3.6,0.0,19.94,9.68,36.99,28.0,23.65
SCH0361,Govt. Elementary School Bumb,Amritsar,Amritsar-I,213,Higher Secondary,Hindi,37,79.88,3,2,0,8.11,5.41,0.0,18,15,63.09,83.33,23,572.3,61244.0,5,9,3,17,29.41,3.0,66.66666666666666,100.0,66.66666666666666,33.33333333333333,100.0,3.67,0.0,20.12,5.41,36.91,26.67,22.28
SCH0227,Govt. Senior Secondary School Samra,Ferozepur,Makhu,393,Secondary,Hindi,34,83.82,3,3,2,8.82,8.82,5.88,13,10,72.83,76.92,19,565.8,52139.0,7,7,3,17,41.18,1.0,100.0,100.0,100.0,100.0,0.0,4.0,0.0,16.18,8.82,27.17,20.0,18.04
SCH0357,Govt. Middle School Bhatti,Moga,Nihal Singh Wala,45,Upper Primary,Punjabi,19,79.06,0,0,0,0.0,0.0,0.0,19,17,69.18,89.47,23,614.4,60176.0,9,6,4,19,47.37,3.0,100.0,66.66666666666666,66.66666666666666,100.0,33.33333333333333,3.67,0.0,20.94,0.0,30.82,26.67,19.61
SCH0104,Govt. Primary School Chacko,Amritsar,Amritsar-Ii,363,Secondary,Punjabi,36,78.86,2,2,0,5.56,5.56,0.0,16,13,58.52,81.25,20,431.9,31510.0,8,4,6,18,44.44,4.0,100.0,100.0,100.0,100.0,75.0,4.5,2.0,21.14,5.56,41.48,10.0,19.54
SCH0420,Govt. Elementary School Nair,Amritsar,Tarn Taran,267,Higher Secondary,Punjabi,28,82.29,2,0,1,7.14,0.0,3.57,15,11,69.13,73.33,19,470.3,46589.0,11,5,0,16,68.75,8.0,66.66666666666666,100.0,75.0,57.14285714285714,85.71428571428571,3.38,2.0,17.71,0.0,30.87,32.5,20.27
SCH0075,Govt. Middle School Mody,Ferozepur,Zira,196,Secondary,Hindi,36,80.55,2,1,1,5.56,2.78,2.78,8,8,68.29,100.0,16,239.3,39060.0,8,7,0,15,53.33,5.0,50.0,50.0,60.0,33.33333333333333,60.0,2.2,0.0,19.45,2.78,31.71,56.0,27.49
SCH0452,Govt. Senior Secondary School Jaggi,Patiala,Nabha,422,Secondary,English,32,79.8,1,0,1,3.12,0.0,3.12,12,10,71.48,83.33,24,627.3,66190.0,8,5,8,21,38.1,8.0,85.71428571428571,85.71428571428571,85.71428571428571,57.14285714285714,33.33333333333333,3.0,1.0,20.2,0.0,28.52,40.0,22.18
SCH0596,Govt. Middle School Tank,Amritsar,Tarn Taran,410,Secondary,Hindi,24,82.31,3,1,1,12.5,4.17,4.17,11,8,74.1,72.73,19,592.4,44809.0,12,5,1,18,66.67,6.0,50.0,83.33333333333334,100.0,75.0,40.0,2.83,1.0,17.69,4.17,25.9,43.33,22.77
SCH0120,Govt. Middle School Sharaf,Patiala,Rajpura,267,Secondary,English,36,83.23,2,1,2,5.56,2.78,5.56,13,12,66.45,92.31,18,367.0,38532.0,7,4,5,16,43.75,3.0,100.0,100.0,100.0,66.66666666666666,100.0,4.0,1.0,16.77,2.78,33.55,20.0,18.27
SCH0416,Govt. Middle School Batra,Moga,Moga-I,400,Upper Primary,Hindi,26,81.82,1,0,2,3.85,0.0,7.69,10,5,72.24,50.0,16,303.6,22562.0,7,4,4,15,46.67,9.0,83.33333333333334,87.5,66.66666666666666,62.5,75.0,3.0,0.0,18.18,0.0,27.76,40.0,21.48
SCH0439,Govt. Middle School Sankar,Ferozepur,Unknown,259,Secondary,Punjabi,35,86.83,5,2,2,14.29,5.71,5.71,15,8,74.68,53.33,18,497.2,57829.0,6,6,3,15,40.0,4.0,100.0,66.66666666666666,100.0,33.33333333333333,50.0,3.25,0.0,13.17,5.71,25.33,35.0,19.8
SCH0581,Govt. Elementary School Srivastava,Moga,Nihal Singh Wala,353,Primary,Punjabi,31,84.06,4,3,3,12.9,9.68,9.68,23,19,64.29,82.61,18,425.4,45861.0,7,5,4,16,43.75,3.0,66.66666666666666,66.66666666666666,66.66666666666666,66.66666666666666,66.66666666666666,3.33,0.0,15.94,9.68,35.71,33.33,23.66
SCH0208,Govt. Elementary School Rattan,Bathinda,Bathinda,345,Upper Primary,Hindi,39,80.69,2,1,1,5.13,2.56,2.56,23,17,69.32,73.91,17,569.7,43536.0,7,6,2,15,46.67,6.0,66.66666666666666,83.33333333333334,83.33333333333334,33.33333333333333,80.0,3.33,0.0,19.31,2.56,30.68,33.33,21.47
SCH0358,Govt. Elementary School Panchal,Ludhiana,Ludhiana-I,237,Higher Secondary,Punjabi,34,81.47,6,6,0,17.65,17.65,0.0,12,7,61.81,58.33,20,472.5,44409.0,9,5,4,18,50.0,2.0,100.0,100.0,50.0,100.0,100.0,3.5,1.0,18.53,17.65,38.19,30.0,26.09
SCH0527,Govt. Senior Secondary School Bath,Jalandhar,Jalandhar-Ii,168,Primary,Punjabi,29,82.64,4,3,0,13.79,10.34,0.0,12,11,63.61,91.67,17,345.0,31581.0,9,4,2,15,60.0,5.0,75.0,80.0,75.0,80.0,25.0,3.0,0.0,17.36,10.34,36.39,40.0,26.02
SCH0366,Govt. Primary School Hari,Ferozepur,Zira,229,Secondary,Punjabi,33,80.13,1,0,3,3.03,0.0,9.09,15,8,74.55,53.33,22,606.2,69985.0,6,11,4,21,28.57,4.0,50.0,100.0,33.33333333333333,75.0,100.0,3.25,0.0,19.87,0.0,25.45,35.0,20.08
SCH0434,Govt. Primary School Bandi,Jalandhar,Jalandhar-I,393,Upper Primary,Punjabi,34,78.48,2,1,1,5.88,2.94,2.94,11,8,68.92,72.73,24,548.8,56194.0,12,4,4,20,60.0,6.0,83.33333333333334,83.33333333333334,66.66666666666666,66.66666666666666,50.0,3.33,0.0,21.52,2.94,31.08,33.33,22.22
SCH0009,Govt. Middle School Bakshi,Patiala,Samana,433,Upper Primary,Punjabi,26,80.93,3,2,1,11.54,7.69,3.85,13,12,64.63,92.31,16,349.7,27462.0,8,3,2,13,61.54,8.0,83.33333333333334,66.66666666666666,50.0,50.0,42.857142857142854,2.5,0.0,19.07,7.69,35.37,50.0,28.03
SCH0405,Govt. Primary School Agarwal,Bathinda,Maur,254,Primary,Punjabi,46,81.91,2,2,3,4.35,4.35,6.52,12,10,68.99,83.33,23,504.5,42373.0,10,8,1,19,52.63,3.0,100.0,100.0,66.66666666666666,0.0,50.0,2.67,0.0,18.09,4.35,31.01,46.67,25.03
SCH0037,Govt. Middle School More,Ludhiana,Ludhiana-I,78,Upper Primary,Hindi,32,79.87,3,1,1,9.38,3.12,3.12,16,13,69.15,81.25,25,676.1,60659.0,12,5,4,21,57.14,11.0,100.0,100.0,63.63636363636363,72.72727272727273,30.0,3.36,0.0,20.13,3.12,30.85,32.73,21.71
SCH0140,Govt. Middle School Garg,Bathinda,Maur,426,Secondary,Hindi,37,78.12,3,2,0,8.11,5.41,0.0,15,12,62.08,80.0,22,540.7,52137.0,13,4,2,19,68.42,7.0,85.71428571428571,100.0,100.0,80.0,66.66666666666666,3.86,1.0,21.88,5.41,37.93,22.86,22.02
SCH0254,Govt. Primary School Kapadia,Sangrur,Unknown,70,Higher Secondary,Hindi,33,82.58,2,2,1,6.06,6.06,3.03,14,13,61.59,92.86,25,543.8,51792.0,15,6,2,23,65.22,10.0,66.66666666666666,66.66666666666666,90.0,62.5,50.0,3.0,0.0,17.42,6.06,38.41,40.0,25.47
SCH0304,Govt. Senior Secondary School Dubey,Sangrur,Dhuri,40,Higher Secondary,English,31,83.76,4,2,2,12.9,6.45,6.45,8,4,71.28,50.0,19,350.6,30859.0,5,7,5,17,29.41,4.0,25.0,100.0,25.0,0.0,33.33333333333333,1.75,0.0,16.24,6.45,28.72,65.0,29.1
SCH0529,Govt. Middle School Ganguly,Moga,Moga-Ii,362,Primary,Punjabi,34,83.32,2,2,4,5.88,5.88,11.76,13,11,67.8,84.62,15,342.4,39197.0,9,4,2,15,60.0,2.0,100.0,50.0,0.0,100.0,50.0,2.5,0.0,16.68,5.88,32.2,50.0,26.19
SCH0060,Govt. Elementary School Srinivas,Ferozepur,Makhu,382,Higher Secondary,Hindi,31,78.25,2,1,1,6.45,3.23,3.23,11,7,70.39,63.64,19,359.1,43798.0,6,6,3,15,40.0,3.0,50.0,66.66666666666666,100.0,50.0,33.33333333333333,2.67,0.0,21.75,3.23,29.61,46.67,25.31
SCH0112,Govt. Senior Secondary School Bhagat,Amritsar,Unknown,198,Primary,English,33,81.22,3,3,2,9.09,9.09,6.06,11,9,69.36,81.82,19,533.7,56480.0,12,5,1,18,66.67,5.0,66.66666666666666,75.0,50.0,80.0,25.0,2.4,0.0,18.78,9.09,30.64,52.0,27.63
SCH0502,Govt. Middle School Yogi,Moga,Moga-I,46,Higher Secondary,English,37,79.17,3,2,2,8.11,5.41,5.41,20,16,68.46,80.0,15,377.5,35327.0,7,5,2,14,50.0,5.0,66.66666666666666,100.0,60.0,100.0,50.0,2.8,0.0,20.83,5.41,31.54,44.0,25.44
SCH0559,Govt. Elementary School Bera,Ferozepur,Makhu,390,Primary,English,36,78.61,2,2,1,5.56,5.56,2.78,14,13,66.69,92.86,17,559.0,49923.0,8,7,1,16,50.0,4.0,66.66666666666666,100.0,66.66666666666666,75.0,75.0,3.5,1.0,21.39,5.56,33.31,30.0,22.56
SCH0381,Govt. Elementary School Varma,Unknown,Ferozepur,388,Secondary,Punjabi,36,82.5,3,1,0,8.33,2.78,0.0,15,10,65.74,66.67,18,502.0,56670.0,8,5,3,16,50.0,3.0,100.0,66.66666666666666,33.33333333333333,100.0,100.0,3.0,0.0,17.5,2.78,34.26,40.0,23.63
SCH0263,Govt. Elementary School Oak,Ludhiana,Ludhiana-I,263,Primary,English,34,83.12,2,1,1,5.88,2.94,2.94,13,11,60.48,84.62,17,343.7,42030.0,6,4,3,13,46.15,9.0,66.66666666666666,100.0,85.71428571428571,37.5,50.0,2.89,0.0,16.88,2.94,39.52,42.22,25.39
SCH0516,Govt. Middle School Misra,Bathinda,Talwandi Sabo,360,Upper Primary,English,26,81.16,1,0,3,3.85,0.0,11.54,8,6,77.55,75.0,17,371.8,41955.0,7,4,1,12,58.33,3.0,66.66666666666666,100.0,100.0,66.66666666666666,66.66666666666666,4.0,1.0,18.84,0.0,22.45,20.0,15.32
SCH0298,Govt. Senior Secondary School Sibal,Amritsar,Amritsar-Ii,424,Primary,Hindi,39,79.89,3,2,0,7.69,5.13,0.0,14,12,75.33,85.71,20,642.2,54861.0,9,4,4,17,52.94,4.0,75.0,100.0,100.0,66.66666666666666,0.0,3.0,0.0,20.11,5.13,24.67,40.0,22.48
SCH0151,Govt. Primary School Dugar,Amritsar,Amritsar-I,354,Higher Secondary,Hindi,42,84.46,2,0,1,4.76,0.0,2.38,8,7,67.51,87.5,25,464.8,56335.0,10,8,2,20,50.0,9.0,85.71428571428571,87.5,77.77777777777779,25.0,50.0,2.89,0.0,15.54,0.0,32.49,42.22,22.56
SCH0267,Govt. Elementary School Basak,Amritsar,Amritsar-Ii,84,Higher Secondary,Punjabi,42,80.41,1,1,3,2.38,2.38,7.14,14,10,64.62,71.43,14,298.0,32447.0,6,3,2,11,54.55,2.0,100.0,100.0,100.0,100.0,100.0,4.0,0.0,19.59,2.38,35.38,20.0,19.34
SCH0535,Govt. Elementary School Viswanathan,Sangrur,Sunam,330,Secondary,Hindi,42,86.25,4,2,2,9.52,4.76,4.76,9,7,69.7,77.78,19,468.7,47839.0,8,6,3,17,47.06,8.0,75.0,40.0,71.42857142857143,28.57142857142857,71.42857142857143,2.5,0.0,13.75,4.76,30.3,50.0,24.7
SCH0360,Govt. Senior Secondary School Bhat,Bathinda,Bathinda,203,Primary,Hindi,30,82.29,5,5,1,16.67,16.67,3.33,10,8,61.62,80.0,15,394.6,24028.0,5,5,1,11,45.45,7.0,80.0,100.0,83.33333333333334,42.857142857142854,40.0,2.86,1.0,17.71,16.67,38.38,42.86,28.9
SCH0547,Govt. Middle School Lad,Moga,Bagha Purana,251,Higher Secondary,Hindi,41,80.31,5,2,2,12.2,4.88,4.88,21,17,72.35,80.95,17,444.7,47607.0,8,5,3,16,50.0,5.0,100.0,100.0,100.0,25.0,40.0,3.2,1.0,19.69,4.88,27.65,36.0,22.05
SCH0039,Govt. Senior Secondary School Baral,Moga,Nihal Singh Wala,357,Upper Primary,Punjabi,25,79.62,2,2,1,8.0,8.0,4.0,11,7,60.91,63.64,10,237.0,30046.0,3,2,3,8,37.5,4.0,100.0,100.0,50.0,50.0,100.0,2.5,0.0,20.38,8.0,39.09,50.0,29.37
SCH0515,Govt. Elementary School Rattan,Amritsar,Amritsar-I,174,Primary,Hindi,45,82.17,4,1,2,8.89,2.22,4.44,9,6,70.92,66.67,22,652.1,27965.0,11,3,3,17,64.71,3.0,50.0,100.0,66.66666666666666,50.0,0.0,2.0,0.0,17.83,2.22,29.08,60.0,27.28
SCH0308,Govt. Middle School Butala,Amritsar,Amritsar-Ii,236,Primary,Hindi,28,78.39,1,0,3,3.57,0.0,10.71,11,7,72.0,63.64,24,384.7,48613.0,11,9,3,23,47.83,3.0,50.0,66.66666666666666,100.0,33.33333333333333,100.0,3.0,1.0,21.61,0.0,28.0,40.0,22.4
SCH0199,Govt. Elementary School Nath,Moga,Bagha Purana,137,Higher Secondary,English,37,86.29,4,2,5,10.81,5.41,13.51,12,12,70.67,100.0,11,353.1,28290.0,4,3,0,7,57.14,8.0,57.14285714285714,100.0,57.14285714285714,33.33333333333333,12.5,2.38,0.0,13.71,5.41,29.33,52.5,25.24
SCH0498,Govt. Elementary School Pillay,Moga,Moga-Ii,438,Primary,Hindi,26,77.69,2,2,0,7.69,7.69,0.0,13,7,72.74,53.85,31,661.6,76544.0,13,7,3,23,56.52,3.0,33.33333333333333,100.0,50.0,33.33333333333333,33.33333333333333,2.33,0.0,22.31,7.69,27.26,53.33,27.65
SCH0382,Govt. Primary School Lanka,Moga,Bagha Purana,123,Secondary,Punjabi,38,82.42,4,3,3,10.53,7.89,7.89,14,13,74.29,92.86,17,526.7,40096.0,9,3,2,14,64.29,5.0,25.0,80.0,80.0,60.0,50.0,2.8,0.0,17.58,7.89,25.71,44.0,23.79
SCH0147,Govt. Senior Secondary School Das,Moga,Bagha Purana,412,Upper Primary,Hindi,45,82.35,6,6,3,13.33,13.33,6.67,18,16,70.05,88.89,22,478.7,42524.0,9,7,0,16,56.25,3.0,100.0,100.0,50.0,100.0,66.66666666666666,3.0,0.0,17.65,13.33,29.95,40.0,25.23
SCH0504,Govt. Senior Secondary School Barad,Moga,Bagha Purana,245,Upper Primary,English,39,80.57,1,1,0,2.56,2.56,0.0,12,10,64.1,83.33,19,509.7,37207.0,9,5,1,15,60.0,3.0,50.0,100.0,100.0,100.0,33.33333333333333,3.33,0.0,19.43,2.56,35.9,33.33,22.81
SCH0549,Govt. Middle School Krishnamurthy,Ludhiana,Unknown,185,Upper Primary,Hindi,35,79.46,2,1,0,5.71,2.86,0.0,13,7,71.07,53.85,14,459.3,41068.0,7,4,2,13,53.85,1.0,0.0,,,100.0,100.0,2.0,0.0,20.54,2.86,28.93,60.0,28.08
SCH0148,Govt. Elementary School Sastry,Jalandhar,Jalandhar-I,130,Higher Secondary,Hindi,31,81.5,2,2,1,6.45,6.45,3.23,10,8,70.42,80.0,16,364.4,31265.0,3,6,3,12,25.0,6.0,60.0,75.0,100.0,80.0,100.0,3.67,1.0,18.5,6.45,29.58,26.67,20.3
SCH0450,Govt. Primary School Kurian,Amritsar,Amritsar-I,398,Secondary,English,28,84.42,3,1,0,10.71,3.57,0.0,9,5,79.68,55.56,18,431.4,40345.0,9,2,4,15,60.0,8.0,75.0,87.5,87.5,42.857142857142854,71.42857142857143,3.5,2.0,15.58,3.57,20.32,30.0,17.37
SCH0349,Govt. Primary School Jaggi,Jalandhar,Jalandhar-Ii,343,Secondary,English,16,82.44,2,1,0,12.5,6.25,0.0,7,2,74.0,28.57,20,521.7,34365.0,7,6,6,19,36.84,2.0,0.0,100.0,100.0,0.0,50.0,2.0,0.0,17.56,6.25,26.0,60.0,27.45
SCH0326,Govt. Primary School Balasubramanian,Ferozepur,Makhu,178,Secondary,Hindi,30,84.13,3,2,2,10.0,6.67,6.67,12,9,77.48,75.0,17,469.0,43274.0,8,5,3,16,50.0,5.0,100.0,100.0,60.0,80.0,25.0,3.2,0.0,15.87,6.67,22.52,36.0,20.26
SCH0421,Govt. Primary School Behl,Sangrur,Sangrur,92,Primary,Hindi,31,82.27,3,2,2,9.68,6.45,6.45,13,9,64.71,69.23,22,596.8,51932.0,9,6,5,20,45.0,5.0,80.0,100.0,100.0,25.0,75.0,3.4,0.0,17.73,6.45,35.29,32.0,22.87
SCH0124,Govt. Middle School Goda,Jalandhar,Nakodar,448,Primary,Hindi,35,87.03,5,5,3,14.29,14.29,8.57,14,7,68.07,50.0,14,311.5,30120.0,6,3,2,11,54.55,5.0,75.0,100.0,80.0,66.66666666666666,75.0,3.4,1.0,12.97,14.29,31.93,32.0,22.8
SCH0537,Govt. Senior Secondary School Jayaraman,Ferozepur,Zira,49,Secondary,Punjabi,29,81.64,5,2,1,17.24,6.9,3.45,15,9,63.33,60.0,25,641.3,58830.0,12,4,4,20,60.0,1.0,100.0,0.0,100.0,,0.0,2.0,0.0,18.36,6.9,36.67,60.0,30.48
SCH0097,Govt. Middle School Prakash,Sangrur,Sunam,236,Upper Primary,Punjabi,28,83.0,2,1,2,7.14,3.57,7.14,14,9,70.33,64.29,16,482.6,39493.0,8,3,0,11,72.73,5.0,80.0,100.0,75.0,100.0,40.0,3.2,0.0,17.0,3.57,29.67,36.0,21.56
SCH0144,Govt. Primary School Bakshi,Ferozepur,Mamdot,403,Secondary,Hindi,37,81.11,0,0,1,0.0,0.0,2.7,19,16,71.61,84.21,30,792.4,67784.0,11,7,7,25,44.0,4.0,100.0,100.0,50.0,75.0,25.0,3.25,0.0,18.89,0.0,28.39,35.0,20.57
SCH0240,Govt. Senior Secondary School Mitter,Moga,Bagha Purana,161,Upper Primary,English,29,81.15,1,0,2,3.45,0.0,6.9,18,13,67.27,72.22,25,640.7,63856.0,11,7,4,22,50.0,4.0,75.0,33.33333333333333,100.0,50.0,50.0,3.0,0.0,18.85,0.0,32.73,40.0,22.89
SCH0404,Govt. Primary School Keer,Amritsar,Ajnala,282,Upper Primary,Punjabi,33,80.3,0,0,1,0.0,0.0,3.03,12,10,63.29,83.33,22,594.9,42633.0,8,7,4,19,42.11,4.0,25.0,100.0,75.0,100.0,75.0,3.75,1.0,19.7,0.0,36.71,25.0,20.35
SCH0098,Govt. Elementary School Soman,Moga,Bagha Purana,41,Secondary,Punjabi,28,82.9,2,2,1,7.14,7.14,3.57,22,19,66.26,86.36,16,301.5,34768.0,10,4,0,14,71.43,4.0,100.0,100.0,75.0,75.0,33.33333333333333,3.25,0.0,17.1,7.14,33.74,35.0,23.25
SCH0372,Govt. Senior Secondary School Mody,Sangrur,Sangrur,442,Higher Secondary,Hindi,30,79.89,0,0,0,0.0,0.0,0.0,15,10,65.56,66.67,17,487.7,42174.0,8,5,0,13,61.54,5.0,75.0,75.0,80.0,100.0,75.0,3.2,1.0,20.11,0.0,34.44,36.0,22.64
SCH0325,Govt. Elementary School Babu,Moga,Nihal Singh Wala,116,Primary,Hindi,29,77.71,1,0,0,3.45,0.0,0.0,14,11,68.96,78.57,25,633.8,57829.0,9,7,5,21,42.86,6.0,66.66666666666666,100.0,66.66666666666666,100.0,16.666666666666664,3.33,0.0,22.29,0.0,31.04,33.33,21.66
SCH0280,Govt. Elementary School Modi,Sangrur,Sunam,216,Higher Secondary,Punjabi,30,80.24,1,1,0,3.33,3.33,0.0,7,5,73.86,71.43,20,591.5,39910.0,8,7,4,19,42.11,7.0,83.33333333333334,100.0,100.0,85.71428571428571,60.0,3.43,1.0,19.76,3.33,26.14,31.43,20.17
SCH0294,Govt. Primary School Arora,Moga,Moga-I,429,Upper Primary,Hindi,43,82.89,6,5,2,13.95,11.63,4.65,8,6,74.83,75.0,15,411.6,25384.0,6,5,2,13,46.15,7.0,100.0,100.0,83.33333333333334,66.66666666666666,60.0,3.71,1.0,17.11,11.63,25.17,25.71,19.9
SCH0588,Govt. Senior Secondary School Sahota,Jalandhar,Jalandhar-I,254,Higher Secondary,Hindi,46,83.69,4,3,1,8.7,6.52,2.17,11,10,63.68,90.91,19,405.2,37069.0,7,7,4,18,38.89,4.0,75.0,100.0,100.0,66.66666666666666,33.33333333333333,3.25,1.0,16.31,6.52,36.32,35.0,23.54
SCH0123,Govt. Primary School Cheema,Patiala,Nabha,159,Upper Primary,Hindi,41,81.59,2,1,1,4.88,2.44,2.44,12,6,61.68,50.0,25,615.1,60025.0,10,12,1,23,43.48,4.0,75.0,100.0,100.0,100.0,50.0,3.5,0.0,18.41,2.44,38.32,30.0,22.29
SCH0184,Govt. Senior Secondary School Hora,Sangrur,Dhuri,327,Secondary,English,19,84.19,3,2,0,15.79,10.53,0.0,13,11,69.65,84.62,18,474.6,36688.0,5,6,2,13,38.46,5.0,100.0,100.0,80.0,60.0,60.0,3.8,0.0,15.81,10.53,30.35,24.0,20.17
SCH0203,Govt. Middle School Grewal,Patiala,Samana,323,Higher Secondary,Hindi,26,80.26,1,1,1,3.85,3.85,3.85,14,7,72.2,50.0,23,445.8,40230.0,7,7,2,16,43.75,7.0,100.0,80.0,100.0,80.0,57.14285714285714,3.29,2.0,19.74,3.85,27.8,34.29,21.42
SCH0324,Govt. Primary School Sundaram,Amritsar,Amritsar-Ii,419,Primary,Punjabi,24,82.2,2,1,0,8.33,4.17,0.0,7,6,60.57,85.71,25,552.9,68117.0,14,8,1,23,60.87,3.0,100.0,100.0,50.0,33.33333333333333,0.0,2.67,0.0,17.8,4.17,39.43,46.67,27.02
SCH0247,Govt. Senior Secondary School Barad,Amritsar,Tarn Taran,164,Upper Primary,English,28,80.6,1,1,0,3.57,3.57,0.0,10,10,70.31,100.0,18,386.0,34179.0,7,5,2,14,50.0,4.0,50.0,100.0,75.0,50.0,100.0,3.5,1.0,19.4,3.57,29.69,30.0,20.67
SCH0448,Govt. Senior Secondary School Sandal,Ludhiana,Ludhiana-Ii,446,Primary,Punjabi,42,80.79,6,6,1,14.29,14.29,2.38,13,10,66.28,76.92,24,553.9,49874.0,12,4,5,21,57.14,4.0,100.0,100.0,75.0,33.33333333333333,25.0,3.0,0.0,19.21,14.29,33.72,40.0,26.8
SCH0513,Govt. Primary School Sachdeva,Ludhiana,Ludhiana-Ii,412,Secondary,Punjabi,36,83.38,3,3,3,8.33,8.33,8.33,9,9,63.87,100.0,20,506.7,49120.0,10,6,1,17,58.82,6.0,83.33333333333334,50.0,83.33333333333334,100.0,83.33333333333334,4.0,2.0,16.62,8.33,36.13,20.0,20.27
SCH0440,Govt. Middle School Devan,Jalandhar,Jalandhar-I,118,Primary,Hindi,37,81.22,2,1,2,5.41,2.7,5.41,16,12,66.96,75.0,27,715.7,63295.0,12,8,3,23,52.17,3.0,66.66666666666666,100.0,100.0,66.66666666666666,100.0,3.67,0.0,18.78,2.7,33.04,26.67,20.3
SCH0546,Govt. Elementary School Prabhakar,Jalandhar,Phillaur,298,Upper Primary,English,46,81.97,10,9,0,21.74,19.57,0.0,12,6,79.13,50.0,17,521.2,32251.0,6,7,2,15,40.0,5.0,80.0,100.0,80.0,60.0,80.0,3.8,1.0,18.03,19.57,20.87,24.0,20.62
SCH0418,Govt. Senior Secondary School Comar,Ludhiana,Unknown,369,Higher Secondary,Punjabi,26,82.81,1,1,0,3.85,3.85,0.0,13,9,77.71,69.23,18,387.4,50261.0,5,7,1,13,38.46,4.0,66.66666666666666,100.0,75.0,50.0,33.33333333333333,3.0,0.0,17.19,3.85,22.29,40.0,20.83
SCH0126,Govt. Primary School Pillay,Sangrur,Malerkotla,302,Higher Secondary,Hindi,28,78.91,2,1,0,7.14,3.57,0.0,14,10,63.65,71.43,20,396.7,38736.0,10,4,2,16,62.5,3.0,66.66666666666666,0.0,100.0,0.0,0.0,1.67,0.0,21.09,3.57,36.35,66.67,31.92
SCH0403,Govt. Primary School Garde,Ludhiana,Ludhiana-I,378,Primary,Punjabi,29,81.39,2,1,2,6.9,3.45,6.9,10,9,73.58,90.0,15,355.2,36816.0,6,4,2,12,50.0,7.0,57.14285714285714,60.0,83.33333333333334,83.33333333333334,80.0,3.0,1.0,18.61,3.45,26.42,40.0,22.12
SCH0457,Govt. Elementary School Varty,Amritsar,Ajnala,357,Upper Primary,English,30,78.5,0,0,2,0.0,0.0,6.67,10,10,69.25,100.0,19,406.0,52764.0,9,8,2,19,47.37,7.0,83.33333333333334,85.71428571428571,85.71428571428571,60.0,28.57142857142857,3.14,1.0,21.5,0.0,30.75,37.14,22.35
SCH0443,Govt. Senior Secondary School Chakrabarti,Sangrur,Sangrur,98,Higher Secondary,English,36,81.01,2,1,2,5.56,2.78,5.56,13,9,65.61,69.23,26,714.9,62739.0,11,6,3,20,55.0,9.0,75.0,100.0,75.0,33.33333333333333,50.0,3.0,0.0,18.99,2.78,34.39,40.0,24.04
SCH0224,Govt. Senior Secondary School Kunda,Ferozepur,Makhu,84,Primary,Hindi,35,82.95,5,4,2,14.29,11.43,5.71,17,14,69.33,82.35,24,631.4,56685.0,13,5,3,21,61.9,3.0,100.0,66.66666666666666,100.0,66.66666666666666,50.0,3.67,0.0,17.05,11.43,30.67,26.67,21.45
SCH0343,Govt. Elementary School Bassi,Jalandhar,Jalandhar-I,354,Upper Primary,Hindi,32,81.29,1,0,2,3.12,0.0,6.25,18,15,64.57,83.33,18,432.7,35209.0,1,11,1,13,7.69,6.0,80.0,100.0,40.0,66.66666666666666,50.0,3.0,1.0,18.71,0.0,35.43,40.0,23.53
SCH0054,Govt. Elementary School Bajwa,Moga,Nihal Singh Wala,353,Higher Secondary,Punjabi,38,81.81,3,1,0,7.89,2.63,0.0,11,7,69.39,63.64,17,437.6,35095.0,9,3,4,16,56.25,1.0,0.0,100.0,,100.0,,2.0,0.0,18.19,2.63,30.61,60.0,27.86
SCH0220,Govt. Elementary School Mishra,Jalandhar,Phillaur,130,Primary,Hindi,34,82.14,4,3,0,11.76,8.82,0.0,16,12,70.97,75.0,19,408.7,39574.0,7,6,4,17,41.18,6.0,60.0,66.66666666666666,80.0,33.33333333333333,20.0,2.33,0.0,17.86,8.82,29.03,53.33,27.26
SCH0130,Govt. Elementary School Mall,Patiala,Rajpura,271,Higher Secondary,Punjabi,38,85.53,2,1,3,5.26,2.63,7.89,11,9,64.87,81.82,24,626.4,58238.0,9,10,3,22,40.91,4.0,100.0,75.0,100.0,50.0,25.0,3.0,0.0,14.47,2.63,35.13,40.0,23.06
SCH0560,Govt. Senior Secondary School Rajagopalan,Patiala,Samana,216,Primary,Hindi,39,80.77,1,0,4,2.56,0.0,10.26,15,12,68.82,80.0,18,386.3,44461.0,8,6,2,16,50.0,5.0,80.0,75.0,80.0,100.0,25.0,3.0,0.0,19.23,0.0,31.17,40.0,22.6
SCH0423,Govt. Senior Secondary School Master,Moga,Unknown,406,Higher Secondary,English,39,79.37,5,4,1,12.82,10.26,2.56,12,11,64.87,91.67,21,610.8,43555.0,7,3,6,16,43.75,5.0,75.0,100.0,100.0,75.0,66.66666666666666,3.2,0.0,20.63,10.26,35.13,36.0,25.5
SCH0480,Govt. Primary School Brar,Unknown,Makhu,136,Primary,Punjabi,41,81.51,3,1,2,7.32,2.44,4.88,9,7,68.34,77.78,16,532.6,46029.0,8,2,2,12,66.67,3.0,100.0,100.0,66.66666666666666,100.0,66.66666666666666,3.67,0.0,18.49,2.44,31.66,26.67,19.81
SCH0562,Govt. Middle School Andra,Amritsar,Unknown,164,Upper Primary,Punjabi,26,83.11,5,2,1,19.23,7.69,3.85,18,10,70.34,55.56,24,536.7,64105.0,10,7,4,21,47.62,4.0,100.0,100.0,50.0,0.0,100.0,3.25,0.0,16.89,7.69,29.66,35.0,22.31
SCH0425,Govt. Senior Secondary School Wason,Patiala,Nabha,101,Higher Secondary,Punjabi,28,78.4,3,1,1,10.71,3.57,3.57,14,12,68.56,85.71,18,379.8,54090.0,5,2,5,12,41.67,5.0,80.0,60.0,80.0,50.0,50.0,3.0,0.0,21.6,3.57,31.44,40.0,24.15
SCH0101,Govt. Elementary School Saxena,Sangrur,Unknown,104,Secondary,Punjabi,37,82.05,4,4,2,10.81,10.81,5.41,9,7,65.79,77.78,21,419.4,51711.0,13,4,2,19,68.42,5.0,50.0,100.0,100.0,40.0,80.0,3.4,0.0,17.95,10.81,34.21,32.0,23.74
SCH0432,Govt. Elementary School Sura,Sangrur,Dhuri,385,Secondary,Hindi,30,81.03,7,4,0,23.33,13.33,0.0,12,8,59.44,66.67,14,192.7,32170.0,7,4,2,13,53.85,6.0,100.0,100.0,100.0,50.0,50.0,3.5,1.0,18.97,13.33,40.56,30.0,25.72
SCH0387,Govt. Middle School Varty,Moga,Bagha Purana,192,Higher Secondary,English,35,81.94,1,1,1,2.86,2.86,2.86,4,4,75.28,100.0,23,651.6,64913.0,12,2,6,20,60.0,4.0,100.0,100.0,75.0,100.0,75.0,3.5,1.0,18.06,2.86,24.72,30.0,18.91
SCH0599,Govt. Senior Secondary School Vala,Ferozepur,Mamdot,63,Upper Primary,English,26,80.93,3,3,2,11.54,11.54,7.69,18,15,63.36,83.33,21,430.4,44123.0,7,5,5,17,41.18,5.0,80.0,100.0,75.0,40.0,60.0,3.4,1.0,19.07,11.54,36.64,32.0,24.81
SCH0295,Govt. Primary School Sule,Bathinda,Bathinda,270,Primary,Hindi,39,80.48,4,3,0,10.26,7.69,0.0,15,15,69.39,100.0,23,617.8,48964.0,8,7,3,18,44.44,5.0,100.0,60.0,100.0,25.0,80.0,3.6,0.0,19.52,7.69,30.61,28.0,21.46
SCH0268,Govt. Primary School Amble,Moga,Moga-I,345,Secondary,Punjabi,39,81.23,2,1,2,5.13,2.56,5.13,11,10,64.62,90.91,23,527.9,50417.0,11,5,4,20,55.0,10.0,66.66666666666666,88.88888888888889,71.42857142857143,70.0,75.0,3.2,1.0,18.77,2.56,35.38,36.0,23.18
SCH0495,Govt. Elementary School Sandal,Moga,Moga-I,398,Upper Primary,English,39,78.92,1,1,0,2.56,2.56,0.0,12,10,62.44,83.33,24,567.8,55217.0,8,9,4,21,38.1,7.0,60.0,85.71428571428571,85.71428571428571,57.14285714285714,85.71428571428571,3.57,1.0,21.08,2.56,37.56,28.57,22.44
SCH0445,Govt. Primary School Wason,Sangrur,Dhuri,62,Upper Primary,Hindi,33,78.93,0,0,0,0.0,0.0,0.0,15,11,69.65,73.33,27,733.5,72975.0,14,9,3,26,53.85,6.0,100.0,100.0,60.0,25.0,16.666666666666664,2.5,0.0,21.07,0.0,30.35,50.0,25.35
SCH0113,Govt. Middle School Subramaniam,Moga,Nihal Singh Wala,129,Secondary,English,20,79.83,1,1,0,5.0,5.0,0.0,19,11,65.91,57.89,23,519.3,46628.0,4,12,4,20,20.0,2.0,100.0,100.0,50.0,50.0,100.0,4.0,1.0,20.17,5.0,34.09,20.0,19.82
SCH0180,Govt. Elementary School Sha,Moga,Nihal Singh Wala,180,Primary,Hindi,41,79.36,2,0,1,4.88,0.0,2.44,13,11,61.46,84.62,26,759.5,69593.0,13,5,5,23,56.52,5.0,100.0,80.0,75.0,100.0,60.0,3.6,1.0,20.64,0.0,38.54,28.0,21.79
SCH0451,Govt. Primary School Dasgupta,Amritsar,Ajnala,431,Higher Secondary,Hindi,40,85.0,5,5,5,12.5,12.5,12.5,7,6,68.0,85.71,18,506.3,32012.0,9,8,1,18,50.0,5.0,100.0,80.0,100.0,25.0,75.0,3.2,1.0,15.0,12.5,32.0,36.0,23.87
SCH0494,Govt. Senior Secondary School Kurian,Amritsar,Tarn Taran,364,Upper Primary,Punjabi,33,81.43,3,3,0,9.09,9.09,0.0,15,12,64.69,80.0,22,412.5,51977.0,13,4,2,19,68.42,4.0,0.0,33.33333333333333,100.0,50.0,25.0,1.5,0.0,18.57,9.09,35.31,70.0,33.24
SCH0482,Govt. Elementary School Sibal,Ferozepur,Makhu,353,Higher Secondary,Hindi,36,83.47,2,2,2,5.56,5.56,5.56,21,16,66.5,76.19,20,453.4,42958.0,6,6,2,14,42.86,5.0,100.0,60.0,80.0,80.0,20.0,3.4,0.0,16.53,5.56,33.5,32.0,21.9
SCH0374,Govt. Elementary School Yohannan,Ferozepur,Mamdot,332,Primary,Hindi,31,79.11,3,1,1,9.68,3.23,3.23,9,7,58.19,77.78,21,543.0,45483.0,12,4,1,17,70.59,,,,,,,,,20.89,3.23,41.81,,21.98
SCH0315,Govt. Primary School Chakraborty,Ferozepur,Unknown,319,Higher Secondary,Punjabi,31,79.54,1,0,2,3.23,0.0,6.45,8,7,67.3,87.5,22,709.0,69573.0,11,4,2,17,64.71,5.0,100.0,100.0,100.0,80.0,40.0,4.2,1.0,20.46,0.0,32.7,16.0,17.29
SCH0152,Govt. Elementary School Dass,Patiala,Samana,349,Upper Primary,English,36,84.38,2,1,2,5.56,2.78,5.56,18,13,65.73,72.22,15,368.4,32493.0,8,3,1,12,66.67,3.0,33.33333333333333,66.66666666666666,33.33333333333333,100.0,33.33333333333333,2.67,0.0,15.62,2.78,34.27,46.67,24.83
SCH0172,Govt. Primary School Konda,Ludhiana,Machhiwara,231,Primary,Punjabi,31,84.79,4,3,0,12.9,9.68,0.0,8,8,70.5,100.0,15,337.1,26530.0,5,3,6,14,35.71,5.0,20.0,80.0,75.0,25.0,60.0,2.4,0.0,15.21,9.68,29.5,52.0,26.6
SCH0234,Govt. Senior Secondary School Tak,Moga,Nihal Singh Wala,269,Higher Secondary,English,31,82.05,1,1,3,3.23,3.23,9.68,9,5,64.46,55.56,16,529.2,39387.0,5,6,2,13,38.46,4.0,100.0,100.0,66.66666666666666,50.0,66.66666666666666,3.0,0.0,17.95,3.23,35.54,40.0,24.18
SCH0307,Govt. Elementary School Wali,Unknown,Rajpura,44,Secondary,Punjabi,41,83.63,4,4,2,9.76,9.76,4.88,12,9,53.07,75.0,19,317.7,38553.0,7,4,1,12,58.33,6.0,100.0,100.0,83.33333333333334,25.0,60.0,3.33,0.0,16.37,9.76,46.93,33.33,26.6
SCH0458,Govt. Senior Secondary School Murty,Jalandhar,Nakodar,201,Upper Primary,Punjabi,33,85.1,4,3,2,12.12,9.09,6.06,8,4,75.58,50.0,16,367.9,39872.0,9,4,1,14,64.29,6.0,40.0,100.0,60.0,50.0,25.0,2.5,1.0,14.9,9.09,24.42,50.0,24.6
SCH0165,Govt. Middle School Mallick,Patiala,Rajpura,218,Higher Secondary,Punjabi,29,81.65,2,1,1,6.9,3.45,3.45,10,8,69.89,80.0,19,512.1,39031.0,3,7,4,14,21.43,3.0,33.33333333333333,33.33333333333333,100.0,66.66666666666666,66.66666666666666,3.0,1.0,18.35,3.45,30.11,40.0,22.98
SCH0318,Govt. Elementary School Rout,Jalandhar,Nakodar,240,Primary,Hindi,25,79.82,2,2,2,8.0,8.0,8.0,14,13,66.69,92.86,24,546.5,76185.0,14,5,4,23,60.87,6.0,80.0,100.0,60.0,80.0,33.33333333333333,3.0,1.0,20.18,8.0,33.31,40.0,25.37
SCH0137,Govt. Senior Secondary School Dani,Ferozepur,Ferozepur,112,Primary,Punjabi,34,88.72,5,4,3,14.71,11.76,8.82,18,16,73.65,88.89,27,737.6,71035.0,11,9,5,25,44.0,4.0,100.0,75.0,75.0,50.0,66.66666666666666,3.5,1.0,11.28,11.76,26.35,30.0,19.85
SCH0411,Govt. Elementary School Narayanan,Ludhiana,Ludhiana-Ii,379,Secondary,English,39,80.01,1,1,2,2.56,2.56,5.13,10,8,66.92,80.0,25,525.7,57120.0,8,8,4,20,40.0,7.0,60.0,71.42857142857143,100.0,33.33333333333333,42.857142857142854,2.71,1.0,19.99,2.56,33.08,45.71,25.34
SCH0198,Govt. Elementary School Sachar,Patiala,Nabha,89,Higher Secondary,Hindi,34,82.72,2,0,1,5.88,0.0,2.94,13,10,63.89,76.92,24,629.3,51694.0,10,4,3,17,58.82,2.0,100.0,100.0,100.0,50.0,0.0,3.0,0.0,17.28,0.0,36.11,40.0,23.35
SCH0571,Govt. Elementary School Gaba,Patiala,Nabha,214,Upper Primary,Hindi,36,75.16,2,2,1,5.56,5.56,2.78,12,9,67.54,75.0,14,473.2,34701.0,7,2,1,10,70.0,4.0,66.66666666666666,100.0,66.66666666666666,66.66666666666666,75.0,3.25,0.0,24.84,5.56,32.46,35.0,24.46
SCH0259,Govt. Primary School Munshi,Sangrur,Dhuri,370,Primary,Hindi,36,80.52,3,0,1,8.33,0.0,2.78,12,10,72.36,83.33,27,555.0,55276.0,10,12,3,25,40.0,5.0,100.0,80.0,80.0,60.0,0.0,3.2,0.0,19.48,0.0,27.64,36.0,20.78
SCH0233,Govt. Senior Secondary School Mutti,Unknown,Ludhiana-I,281,Higher Secondary,Punjabi,29,80.05,2,1,0,6.9,3.45,0.0,16,11,70.97,68.75,23,645.5,61021.0,15,5,1,21,71.43,4.0,50.0,100.0,50.0,75.0,50.0,3.25,1.0,19.95,3.45,29.03,35.0,21.86
SCH0116,Govt. Middle School Gandhi,Ferozepur,Makhu,95,Higher Secondary,Hindi,34,82.23,4,3,2,11.76,8.82,5.88,21,15,68.03,71.43,20,351.7,47021.0,7,8,1,16,43.75,8.0,50.0,100.0,75.0,66.66666666666666,71.42857142857143,3.25,1.0,17.77,8.82,31.97,35.0,23.39
SCH0121,Govt. Elementary School Deshmukh,Ludhiana,Unknown,181,Primary,Hindi,35,83.72,1,1,3,2.86,2.86,8.57,6,5,70.9,83.33,24,637.1,52621.0,12,6,4,22,54.55,3.0,100.0,66.66666666666666,66.66666666666666,100.0,33.33333333333333,3.33,1.0,16.28,2.86,29.1,33.33,20.39
SCH0464,Govt. Elementary School Khalsa,Jalandhar,Jalandhar-Ii,268,Upper Primary,Punjabi,36,81.3,1,0,1,2.78,0.0,2.78,9,6,68.37,66.67,24,665.9,53387.0,8,10,6,24,33.33,4.0,75.0,100.0,100.0,100.0,50.0,4.0,0.0,18.7,0.0,31.63,20.0,17.58
SCH0508,Govt. Senior Secondary School Kara,Bathinda,Rampura Phul,50,Secondary,Hindi,37,84.64,2,1,3,5.41,2.7,8.11,11,9,69.11,81.82,27,695.9,61595.0,10,4,6,20,50.0,3.0,50.0,50.0,66.66666666666666,50.0,33.33333333333333,2.0,0.0,15.36,2.7,30.89,60.0,27.24
SCH0377,Govt. Middle School Gandhi,Patiala,Nabha,193,Higher Secondary,Punjabi,33,80.7,3,2,1,9.09,6.06,3.03,17,13,60.05,76.47,15,380.5,36987.0,6,3,4,13,46.15,4.0,100.0,100.0,50.0,66.66666666666666,66.66666666666666,3.25,0.0,19.3,6.06,39.95,35.0,25.08
SCH0385,Govt. Middle School Mane,Ludhiana,Ludhiana-Ii,169,Secondary,Punjabi,45,77.39,1,1,0,2.22,2.22,0.0,17,11,71.29,64.71,15,423.7,28626.0,6,5,1,12,50.0,5.0,80.0,75.0,60.0,50.0,25.0,2.6,1.0,22.61,2.22,28.71,48.0,25.39
SCH0225,Govt. Middle School Chaudhry,Ludhiana,Doraha,236,Secondary,Hindi,35,84.84,4,2,3,11.43,5.71,8.57,19,13,61.94,68.42,16,397.3,35138.0,9,2,2,13,69.23,4.0,50.0,100.0,100.0,50.0,100.0,4.0,1.0,15.16,5.71,38.06,20.0,19.73
SCH0586,Govt. Elementary School Tailor,Amritsar,Amritsar-I,98,Secondary,Hindi,46,82.04,3,2,0,6.52,4.35,0.0,10,9,66.3,90.0,17,456.3,37294.0,12,4,1,17,70.59,7.0,100.0,100.0,80.0,80.0,57.14285714285714,3.43,0.0,17.96,4.35,33.7,31.43,21.86
SCH0489,Govt. Elementary School Pant,Jalandhar,Jalandhar-I,181,Secondary,Hindi,41,81.1,3,2,3,7.32,4.88,7.32,13,11,59.9,84.62,24,648.8,54380.0,10,8,4,22,45.45,8.0,100.0,87.5,100.0,71.42857142857143,42.857142857142854,3.62,2.0,18.9,4.88,40.1,27.5,22.85
SCH0348,Govt. Elementary School Sarraf,Bathinda,Bathinda,431,Upper Primary,Hindi,41,83.66,4,4,1,9.76,9.76,2.44,12,9,57.96,75.0,30,755.9,59168.0,8,11,3,22,36.36,4.0,100.0,100.0,100.0,100.0,75.0,4.25,1.0,16.34,9.76,42.04,15.0,20.79
SCH0128,Govt. Primary School Walla,Sangrur,Dhuri,77,Secondary,Hindi,32,83.55,2,1,1,6.25,3.12,3.12,17,12,70.64,70.59,16,377.2,38754.0,7,5,3,15,46.67,3.0,66.66666666666666,100.0,100.0,33.33333333333333,66.66666666666666,3.33,1.0,16.45,3.12,29.36,33.33,20.57
SCH0446,Govt. Elementary School Kala,Ludhiana,Ludhiana-I,147,Upper Primary,Hindi,39,79.35,3,2,1,7.69,5.13,2.56,8,5,60.06,62.5,18,376.1,47815.0,8,4,5,17,47.06,4.0,25.0,100.0,100.0,66.66666666666666,50.0,3.25,0.0,20.65,5.13,39.94,35.0,25.18
SCH0286,Govt. Elementary School Badal,Jalandhar,Nakodar,206,Primary,English,36,79.55,1,1,3,2.78,2.78,8.33,12,9,62.41,75.0,21,405.0,42063.0,8,9,2,19,42.11,5.0,75.0,100.0,80.0,75.0,60.0,3.6,0.0,20.45,2.78,37.59,28.0,22.2
SCH0570,Govt. Primary School Padmanabhan,Patiala,Samana,71,Higher Secondary,English,39,77.39,0,0,1,0.0,0.0,2.56,17,11,60.37,64.71,18,450.6,49057.0,4,5,3,12,33.33,3.0,66.66666666666666,100.0,100.0,100.0,50.0,4.0,1.0,22.61,0.0,39.63,20.0,20.56
SCH0044,Govt. Primary School Rajagopalan,Ferozepur,Makhu,413,Higher Secondary,Hindi,30,88.0,1,1,5,3.33,3.33,16.67,20,16,70.2,80.0,20,379.1,34210.0,7,5,5,17,41.18,3.0,66.66666666666666,66.66666666666666,100.0,50.0,0.0,2.67,0.0,12.0,3.33,29.8,46.67,22.95
SCH0108,Govt. Middle School Warrior,Sangrur,Malerkotla,386,Primary,English,34,83.41,4,2,2,11.76,5.88,5.88,10,6,65.48,60.0,8,288.6,19645.0,3,2,1,6,50.0,5.0,50.0,75.0,60.0,33.33333333333333,80.0,2.6,0.0,16.59,5.88,34.52,48.0,26.25
SCH0523,Govt. Primary School Hora,Amritsar,Tarn Taran,356,Higher Secondary,Hindi,31,80.03,3,1,0,9.68,3.23,0.0,10,5,62.74,50.0,18,468.8,31053.0,7,6,2,15,46.67,6.0,100.0,100.0,80.0,83.33333333333334,40.0,3.5,2.0,19.97,3.23,37.26,30.0,22.61
SCH0557,Govt. Senior Secondary School Raghavan,Ludhiana,Machhiwara,174,Higher Secondary,Punjabi,32,79.37,1,0,1,3.12,0.0,3.12,28,23,66.92,82.14,16,380.6,30227.0,4,9,3,16,25.0,4.0,66.66666666666666,100.0,50.0,75.0,33.33333333333333,3.0,0.0,20.63,0.0,33.08,40.0,23.43
SCH0134,Govt. Elementary School Suri,Bathinda,Rampura Phul,93,Upper Primary,Punjabi,37,79.07,3,0,1,8.11,0.0,2.7,10,9,68.37,90.0,23,511.6,59273.0,11,5,2,18,61.11,1.0,100.0,,100.0,0.0,100.0,3.0,0.0,20.93,0.0,31.63,40.0,23.14
SCH0441,Govt. Primary School Gara,Moga,Moga-I,441,Upper Primary,Hindi,38,82.97,6,5,0,15.79,13.16,0.0,17,12,64.96,70.59,16,520.7,41342.0,6,5,1,12,50.0,8.0,71.42857142857143,87.5,71.42857142857143,85.71428571428571,71.42857142857143,3.5,1.0,17.03,13.16,35.04,30.0,23.81
SCH0062,Govt. Middle School Pradhan,Jalandhar,Jalandhar-I,173,Upper Primary,Punjabi,33,79.92,3,1,0,9.09,3.03,0.0,12,8,69.85,66.67,15,321.4,37557.0,6,6,2,14,42.86,8.0,20.0,66.66666666666666,75.0,62.5,33.33333333333333,2.25,0.0,20.08,3.03,30.15,55.0,27.07
SCH0045,Govt. Senior Secondary School Divan,Patiala,Samana,62,Primary,Punjabi,37,82.64,1,1,3,2.7,2.7,8.11,12,10,65.65,83.33,20,496.6,54988.0,7,3,6,16,43.75,3.0,50.0,66.66666666666666,100.0,66.66666666666666,66.66666666666666,3.33,0.0,17.36,2.7,34.35,33.33,21.94
SCH0170,Govt. Middle School Mallick,Ludhiana,Ludhiana-Ii,407,Higher Secondary,Punjabi,32,78.0,2,2,0,6.25,6.25,0.0,13,9,70.86,69.23,15,413.9,40343.0,9,5,0,14,64.29,4.0,50.0,75.0,66.66666666666666,66.66666666666666,25.0,2.5,1.0,22.0,6.25,29.14,50.0,26.85
SCH0066,Govt. Senior Secondary School Devan,Moga,Moga-Ii,350,Primary,Punjabi,31,75.66,1,0,0,3.23,0.0,0.0,14,9,64.26,64.29,13,369.5,30384.0,6,6,1,13,46.15,4.0,50.0,100.0,100.0,0.0,100.0,3.25,0.0,24.34,0.0,35.74,35.0,23.77
SCH0284,Govt. Senior Secondary School Prakash,Patiala,Rajpura,362,Higher Secondary,Punjabi,38,85.47,1,1,2,2.63,2.63,5.26,12,8,72.45,66.67,20,511.8,54102.0,8,6,2,16,50.0,4.0,100.0,100.0,100.0,50.0,50.0,3.75,0.0,14.53,2.63,27.55,25.0,17.43
SCH0086,Govt. Middle School Tata,Bathinda,Maur,257,Upper Primary,Punjabi,34,81.56,4,2,1,11.76,5.88,2.94,20,16,65.97,80.0,13,423.5,36505.0,7,5,1,13,53.85,8.0,100.0,100.0,85.71428571428571,80.0,37.5,3.25,0.0,18.44,5.88,34.03,35.0,23.34
SCH0243,Govt. Senior Secondary School Deep,Bathinda,Maur,277,Higher Secondary,English,35,82.51,4,2,1,11.43,5.71,2.86,18,16,66.76,88.89,11,291.1,27745.0,5,4,0,9,55.56,7.0,71.42857142857143,100.0,85.71428571428571,80.0,28.57142857142857,3.43,0.0,17.49,5.71,33.24,31.43,21.97
SCH0187,Govt. Primary School Chaudhari,Patiala,Patiala,142,Upper Primary,Hindi,26,85.32,4,3,2,15.38,11.54,7.69,9,7,63.14,77.78,21,630.8,51457.0,11,5,3,19,57.89,4.0,66.66666666666666,100.0,100.0,50.0,75.0,3.75,0.0,14.68,11.54,36.86,25.0,22.02
SCH0327,Govt. Middle School Muni,Ludhiana,Machhiwara,75,Secondary,Hindi,30,78.8,0,0,0,0.0,0.0,0.0,12,10,63.93,83.33,22,551.6,66379.0,13,6,3,22,59.09,5.0,80.0,100.0,60.0,25.0,100.0,3.2,0.0,21.2,0.0,36.07,36.0,23.32
SCH0160,Govt. Middle School Munshi,Jalandhar,Phillaur,62,Upper Primary,Punjabi,28,82.9,0,0,2,0.0,0.0,7.14,16,9,74.17,56.25,23,749.3,69982.0,6,8,5,19,31.58,3.0,100.0,100.0,50.0,100.0,66.66666666666666,3.33,0.0,17.1,0.0,25.83,33.33,19.07
SCH0013,Govt. Middle School Contractor,Bathinda,Bathinda,388,Secondary,Punjabi,30,82.84,3,2,0,10.0,6.67,0.0,19,14,67.65,73.68,28,717.8,61306.0,18,3,4,25,72.0,2.0,100.0,100.0,100.0,100.0,100.0,4.5,1.0,17.16,6.67,32.35,10.0,16.54
SCH0036,Govt. Elementary School Solanki,Ludhiana,Doraha,434,Secondary,Punjabi,37,81.9,5,4,0,13.51,10.81,0.0,10,6,68.4,60.0,19,369.2,44696.0,8,4,6,18,44.44,4.0,66.66666666666666,100.0,66.66666666666666,50.0,50.0,2.75,0.0,18.1,10.81,31.6,45.0,26.38
SCH0029,Govt. Primary School Lad,Amritsar,Amritsar-Ii,246,Upper Primary,Punjabi,25,78.57,1,0,0,4.0,0.0,0.0,16,12,65.26,75.0,22,649.8,71036.0,11,7,2,20,55.0,7.0,85.71428571428571,71.42857142857143,85.71428571428571,85.71428571428571,71.42857142857143,4.0,2.0,21.43,0.0,34.74,20.0,19.04
SCH0171,Govt. Primary School Dasgupta,Jalandhar,Jalandhar-I,308,Primary,Punjabi,29,82.54,2,2,1,6.9,6.9,3.45,14,11,67.18,78.57,22,417.2,44451.0,9,8,1,18,50.0,3.0,100.0,66.66666666666666,66.66666666666666,0.0,0.0,2.33,0.0,17.46,6.9,32.82,53.33,27.63
SCH0143,Govt. Elementary School Venkataraman,Patiala,Samana,76,Primary,English,36,81.76,4,2,1,11.11,5.56,2.78,12,11,68.52,91.67,18,412.1,45129.0,7,4,5,16,43.75,7.0,57.14285714285714,83.33333333333334,57.14285714285714,71.42857142857143,28.57142857142857,2.86,0.0,18.24,5.56,31.48,42.86,24.53
SCH0237,Govt. Elementary School Sood,Jalandhar,Nakodar,136,Primary,Punjabi,31,78.41,0,0,1,0.0,0.0,3.23,23,17,67.93,73.91,18,414.5,36763.0,4,2,3,9,44.44,9.0,37.5,62.5,88.88888888888889,66.66666666666666,62.5,3.0,0.0,21.59,0.0,32.07,40.0,23.42
SCH0497,Govt. Senior Secondary School Wali,Sangrur,Sunam,160,Secondary,Hindi,26,81.99,2,1,1,7.69,3.85,3.85,7,3,45.03,42.86,15,401.8,33642.0,4,6,2,12,33.33,6.0,60.0,100.0,100.0,66.66666666666666,0.0,2.83,0.0,18.01,3.85,54.97,43.33,30.04
SCH0517,Govt. Senior Secondary School Mangat,Sangrur,Dhuri,316,Higher Secondary,Punjabi,25,82.37,1,1,2,4.0,4.0,8.0,14,10,61.33,71.43,15,368.0,39170.0,7,1,4,12,58.33,6.0,100.0,83.33333333333334,100.0,50.0,33.33333333333333,3.5,1.0,17.63,4.0,38.67,30.0,22.58
SCH0580,Govt. Primary School Apte,Sangrur,Malerkotla,274,Higher Secondary,Punjabi,32,80.85,2,2,0,6.25,6.25,0.0,9,3,58.7,33.33,18,496.5,40503.0,8,4,3,15,53.33,3.0,66.66666666666666,100.0,66.66666666666666,100.0,33.33333333333333,3.33,0.0,19.15,6.25,41.3,33.33,25.01
SCH0222,Govt. Middle School Edwin,Sangrur,Sunam,298,Upper Primary,Punjabi,29,82.94,2,2,0,6.9,6.9,0.0,16,11,64.56,68.75,21,489.6,42147.0,9,5,4,18,50.0,4.0,66.66666666666666,100.0,100.0,100.0,50.0,3.25,0.0,17.06,6.9,35.44,35.0,23.6
SCH0591,Govt. Senior Secondary School Anand,Ludhiana,Unknown,320,Upper Primary,English,37,86.09,7,2,1,18.92,5.41,2.7,9,9,67.64,100.0,18,247.7,41709.0,8,6,2,16,50.0,3.0,66.66666666666666,50.0,100.0,33.33333333333333,66.66666666666666,3.0,0.0,13.91,5.41,32.36,40.0,22.92
SCH0096,Govt. Elementary School Walia,Jalandhar,Phillaur,406,Secondary,Hindi,39,84.04,4,2,4,10.26,5.13,10.26,15,11,74.09,73.33,26,785.8,62107.0,9,10,3,22,40.91,10.0,55.55555555555556,100.0,60.0,60.0,87.5,3.4,1.0,15.96,5.13,25.91,32.0,19.75
SCH0052,Govt. Primary School Kannan,Sangrur,Dhuri,164,Primary,Hindi,23,76.48,0,0,0,0.0,0.0,0.0,17,13,66.12,76.47,22,604.2,47490.0,8,8,4,20,40.0,4.0,25.0,100.0,50.0,50.0,25.0,2.5,0.0,23.52,0.0,33.88,50.0,26.85
SCH0241,Govt. Middle School Dass,Ludhiana,Ludhiana-Ii,360,Higher Secondary,Punjabi,24,79.39,2,2,0,8.33,8.33,0.0,10,10,71.55,100.0,16,289.7,33915.0,7,5,3,15,46.67,4.0,66.66666666666666,100.0,100.0,100.0,50.0,3.25,0.0,20.61,8.33,28.45,35.0,23.1
SCH0525,Govt. Elementary School Karpe,Ludhiana,Machhiwara,151,Secondary,Punjabi,31,81.09,3,3,1,9.68,9.68,3.23,15,11,66.41,73.33,17,287.1,51884.0,5,4,3,12,41.67,4.0,50.0,100.0,75.0,100.0,50.0,3.25,0.0,18.91,9.68,33.59,35.0,24.29
SCH0352,Govt. Middle School Jayaraman,Unknown,Nakodar,70,Upper Primary,English,32,88.65,4,3,4,12.5,9.38,12.5,14,9,63.24,64.29,20,580.0,53256.0,7,6,5,18,38.89,4.0,75.0,75.0,100.0,75.0,33.33333333333333,3.25,0.0,11.35,9.38,36.76,35.0,23.12
SCH0533,Govt. Elementary School Tailor,Amritsar,Amritsar-Ii,289,Secondary,Punjabi,33,81.69,4,3,0,12.12,9.09,0.0,16,10,58.27,62.5,20,465.1,53619.0,12,7,1,20,60.0,6.0,50.0,66.66666666666666,100.0,80.0,66.66666666666666,3.33,1.0,18.31,9.09,41.73,33.33,25.62
SCH0179,Govt. Elementary School Raman,Bathinda,Rampura Phul,268,Higher Secondary,Punjabi,34,85.56,6,6,2,17.65,17.65,5.88,11,9,68.58,81.82,20,392.9,43526.0,9,6,2,17,52.94,5.0,80.0,60.0,100.0,75.0,100.0,3.8,3.0,14.44,17.65,31.42,24.0,21.88
SCH0461,Govt. Primary School Ramachandran,Bathinda,Bathinda,412,Primary,Hindi,17,80.75,0,0,0,0.0,0.0,0.0,13,9,71.01,69.23,29,845.7,73422.0,11,5,4,20,55.0,3.0,66.66666666666666,66.66666666666666,100.0,66.66666666666666,100.0,3.67,1.0,19.25,0.0,28.99,26.67,18.73
SCH0543,Govt. Primary School Dey,Ludhiana,Ludhiana-I,195,Upper Primary,Hindi,40,82.84,5,4,2,12.5,10.0,5.0,13,9,70.23,69.23,26,631.8,74020.0,9,6,7,22,40.91,7.0,57.14285714285714,100.0,85.71428571428571,66.66666666666666,50.0,3.29,1.0,17.16,10.0,29.77,34.29,22.8
SCH0042,Govt. Elementary School Bhatnagar,Ferozepur,Makhu,182,Secondary,Hindi,36,83.72,5,2,2,13.89,5.56,5.56,9,7,63.46,77.78,21,499.7,37755.0,11,2,6,19,57.89,6.0,83.33333333333334,100.0,66.66666666666666,100.0,75.0,3.83,1.0,16.28,5.56,36.54,23.33,20.43
SCH0572,Govt. Middle School Dey,Patiala,Rajpura,163,Higher Secondary,Hindi,33,83.37,3,3,1,9.09,9.09,3.03,16,8,64.69,50.0,19,562.5,46015.0,9,7,2,18,50.0,5.0,80.0,80.0,50.0,0.0,20.0,2.2,0.0,16.63,9.09,35.31,56.0,29.26
SCH0539,Govt. Senior Secondary School Kalita,Amritsar,Amritsar-I,307,Primary,Punjabi,27,81.43,3,2,1,11.11,7.41,3.7,10,7,54.8,70.0,24,549.9,58603.0,7,5,7,19,36.84,5.0,100.0,100.0,100.0,100.0,100.0,4.0,1.0,18.57,7.41,45.2,20.0,22.79
SCH0207,Govt. Primary School Kaul,Sangrur,Malerkotla,283,Secondary,Hindi,37,83.19,2,1,3,5.41,2.7,8.11,16,13,58.76,81.25,16,407.6,28935.0,9,3,2,14,64.29,5.0,75.0,100.0,100.0,75.0,25.0,3.4,0.0,16.81,2.7,41.24,32.0,23.19
SCH0393,Govt. Senior Secondary School Bava,Bathinda,Talwandi Sabo,100,Primary,Punjabi,40,81.26,3,1,3,7.5,2.5,7.5,14,10,66.87,71.43,18,409.6,35595.0,7,3,4,14,50.0,5.0,80.0,75.0,75.0,60.0,60.0,3.2,1.0,18.75,2.5,33.13,36.0,22.59
SCH0283,Govt. Middle School Reddy,Amritsar,Amritsar-Ii,419,Upper Primary,Punjabi,39,83.66,3,2,0,7.69,5.13,0.0,14,10,66.67,71.43,31,790.1,62227.0,16,9,4,29,55.17,5.0,75.0,40.0,100.0,80.0,60.0,3.4,1.0,16.34,5.13,33.33,32.0,21.7
SCH0359,Govt. Primary School Bhavsar,Moga,Nihal Singh Wala,91,Upper Primary,Punjabi,31,77.91,2,1,3,6.45,3.23,9.68,15,8,61.01,53.33,16,385.3,29250.0,6,6,0,12,50.0,3.0,66.66666666666666,100.0,50.0,100.0,0.0,2.67,0.0,22.09,3.23,38.99,46.67,27.74
SCH0398,Govt. Primary School Narasimhan,Patiala,Samana,47,Upper Primary,Hindi,25,83.48,0,0,3,0.0,0.0,12.0,7,5,57.78,71.43,23,615.5,60608.0,11,4,0,15,73.33,5.0,80.0,80.0,75.0,80.0,40.0,3.4,0.0,16.52,0.0,42.22,32.0,22.68
SCH0255,Govt. Middle School Barman,Ferozepur,Unknown,48,Secondary,Punjabi,37,80.46,3,2,1,8.11,5.41,2.7,11,10,63.11,90.91,18,438.3,47909.0,6,9,3,18,33.33,4.0,25.0,50.0,75.0,100.0,50.0,3.0,1.0,19.54,5.41,36.89,40.0,25.46
SCH0518,Govt. Elementary School Sibal,Ferozepur,Makhu,217,Upper Primary,Punjabi,38,79.53,3,2,3,7.89,5.26,7.89,14,12,70.35,85.71,21,526.0,33374.0,8,5,4,17,47.06,3.0,66.66666666666666,66.66666666666666,66.66666666666666,33.33333333333333,0.0,2.33,0.0,20.47,5.26,29.65,53.33,27.18
SCH0218,Govt. Senior Secondary School Dugar,Ludhiana,Ludhiana-Ii,248,Higher Secondary,English,39,82.16,5,3,1,12.82,7.69,2.56,19,17,67.98,89.47,14,276.9,28188.0,4,5,5,14,28.57,5.0,100.0,100.0,100.0,60.0,80.0,4.0,2.0,17.84,7.69,32.02,20.0,19.39
SCH0005,Govt. Elementary School Bajwa,Bathinda,Unknown,413,Primary,English,27,80.68,0,0,0,0.0,0.0,0.0,13,8,64.53,61.54,23,590.1,40293.0,11,5,4,20,55.0,4.0,25.0,100.0,100.0,25.0,50.0,2.75,0.0,19.32,0.0,35.47,45.0,24.95
SCH0550,Govt. Senior Secondary School Mittal,Patiala,Unknown,51,Secondary,Punjabi,37,81.71,3,3,2,8.11,8.11,5.41,14,11,64.95,78.57,18,336.1,47090.0,10,5,3,18,55.56,3.0,100.0,100.0,33.33333333333333,100.0,66.66666666666666,3.33,0.0,18.29,8.11,35.05,33.33,23.69
SCH0099,Govt. Middle School Korpal,Sangrur,Malerkotla,210,Higher Secondary,Hindi,34,83.08,5,4,2,14.71,11.76,5.88,17,10,62.35,58.82,28,774.3,78882.0,15,4,3,22,68.18,3.0,66.66666666666666,100.0,100.0,100.0,0.0,3.67,0.0,16.92,11.76,37.65,26.67,23.25
SCH0407,Govt. Elementary School Mitter,Bathinda,Maur,60,Upper Primary,Punjabi,37,79.7,4,1,0,10.81,2.7,0.0,13,12,70.02,92.31,12,299.4,26392.0,3,2,3,8,37.5,2.0,0.0,100.0,50.0,100.0,50.0,2.5,0.0,20.3,2.7,29.98,50.0,25.75
SCH0503,Govt. Elementary School Lala,Jalandhar,Nakodar,161,Secondary,Punjabi,36,79.92,2,1,3,5.56,2.78,8.33,11,6,75.92,54.55,15,329.2,46944.0,6,3,5,14,42.86,3.0,33.33333333333333,100.0,100.0,100.0,50.0,3.33,0.0,20.08,2.78,24.08,33.33,20.07
SCH0048,Govt. Middle School Chana,Ferozepur,Ferozepur,195,Higher Secondary,Punjabi,28,80.9,3,2,0,10.71,7.14,0.0,19,13,62.6,68.42,22,465.4,49289.0,11,4,4,19,57.89,1.0,100.0,,100.0,,100.0,3.0,0.0,19.1,7.14,37.4,40.0,25.91
SCH0033,Govt. Primary School Shroff,Bathinda,Bathinda,381,Secondary,Hindi,43,81.91,6,4,2,13.95,9.3,4.65,11,7,65.83,63.64,20,379.7,40047.0,10,7,1,18,55.56,11.0,55.55555555555556,90.0,88.88888888888889,66.66666666666666,66.66666666666666,3.09,2.0,18.09,9.3,34.17,38.18,24.94
SCH0201,Govt. Primary School Sagar,Ludhiana,Doraha,293,Higher Secondary,Punjabi,39,79.66,2,2,2,5.13,5.13,5.13,14,12,68.23,85.71,19,397.9,46523.0,7,5,2,14,50.0,7.0,100.0,83.33333333333334,85.71428571428571,66.66666666666666,50.0,3.57,1.0,20.34,5.13,31.77,28.57,21.45
SCH0135,Govt. Primary School Raghavan,Moga,Bagha Purana,98,Upper Primary,English,26,86.01,4,2,1,15.38,7.69,3.85,14,8,62.62,57.14,17,404.9,37552.0,8,2,1,11,72.73,3.0,66.66666666666666,66.66666666666666,100.0,66.66666666666666,100.0,3.67,0.0,13.99,7.69,37.38,26.67,21.43
SCH0028,Govt. Primary School Sengupta,Ludhiana,Machhiwara,297,Upper Primary,Punjabi,46,82.88,3,2,4,6.52,4.35,8.7,9,8,73.05,88.89,21,443.5,47764.0,13,5,1,19,68.42,7.0,100.0,85.71428571428571,83.33333333333334,85.71428571428571,71.42857142857143,4.0,2.0,17.12,4.35,26.95,20.0,17.11
SCH0541,Govt. Senior Secondary School Badami,Bathinda,Bathinda,227,Primary,Punjabi,31,80.87,0,0,0,0.0,0.0,0.0,18,13,73.6,72.22,23,476.7,50878.0,10,6,3,19,52.63,3.0,33.33333333333333,50.0,100.0,50.0,66.66666666666666,2.33,1.0,19.13,0.0,26.4,53.33,24.72
SCH0231,Govt. Primary School Datta,Amritsar,Tarn Taran,68,Higher Secondary,English,30,81.2,1,1,2,3.33,3.33,6.67,15,11,64.78,73.33,22,648.1,51189.0,7,3,6,16,43.75,7.0,50.0,85.71428571428571,85.71428571428571,33.33333333333333,50.0,2.86,0.0,18.8,3.33,35.22,42.86,25.05
SCH0490,Govt. Middle School Dutta,Ludhiana,Ludhiana-I,86,Secondary,Hindi,38,78.71,3,2,0,7.89,5.26,0.0,11,8,68.81,72.73,19,469.2,39756.0,5,7,5,17,29.41,5.0,75.0,80.0,75.0,80.0,33.33333333333333,3.0,1.0,21.29,5.26,31.19,40.0,24.43
SCH0379,Govt. Primary School Balay,Jalandhar,Jalandhar-I,199,Higher Secondary,Hindi,38,79.96,0,0,1,0.0,0.0,2.63,13,9,61.88,69.23,16,307.7,36828.0,4,4,4,12,33.33,5.0,100.0,100.0,75.0,66.66666666666666,50.0,3.2,0.0,20.04,0.0,38.12,36.0,23.54
SCH0289,Govt. Elementary School Mohanty,Ferozepur,Mamdot,345,Higher Secondary,Hindi,35,80.88,3,1,2,8.57,2.86,5.71,13,10,60.64,76.92,20,452.0,40340.0,8,7,2,17,47.06,3.0,50.0,66.66666666666666,100.0,100.0,0.0,2.33,0.0,19.12,2.86,39.36,53.33,28.67
SCH0419,Govt. Elementary School Sarkar,Moga,Moga-Ii,209,Primary,Hindi,38,82.5,2,2,3,5.26,5.26,7.89,12,8,69.64,66.67,26,443.6,57209.0,13,7,1,21,61.9,6.0,100.0,83.33333333333334,83.33333333333334,80.0,60.0,3.5,1.0,17.5,5.26,30.36,30.0,20.78
SCH0392,Govt. Middle School Kara,Amritsar,Amritsar-Ii,221,Secondary,Hindi,39,81.52,1,1,2,2.56,2.56,5.13,16,12,65.61,75.0,27,629.8,46923.0,12,5,5,22,54.55,3.0,66.66666666666666,33.33333333333333,50.0,66.66666666666666,0.0,2.0,0.0,18.48,2.56,34.39,60.0,28.86
SCH0499,Govt. Middle School Oak,Ludhiana,Machhiwara,230,Higher Secondary,Hindi,26,76.69,3,2,0,11.54,7.69,0.0,8,6,64.72,75.0,19,389.8,41873.0,7,4,7,18,38.89,2.0,50.0,100.0,100.0,50.0,0.0,2.5,0.0,23.31,7.69,35.28,50.0,29.07
SCH0139,Govt. Elementary School Lata,Jalandhar,Jalandhar-I,385,Higher Secondary,Punjabi,42,83.51,3,1,4,7.14,2.38,9.52,12,12,67.22,100.0,25,704.7,63025.0,10,8,3,21,47.62,3.0,100.0,100.0,66.66666666666666,50.0,66.66666666666666,3.33,0.0,16.49,2.38,32.78,33.33,21.24
SCH0063,Govt. Primary School Singhal,Bathinda,Talwandi Sabo,169,Higher Secondary,English,36,78.1,2,1,1,5.56,2.78,2.78,9,7,79.19,77.78,22,599.4,51758.0,9,8,3,20,45.0,7.0,60.0,83.33333333333334,83.33333333333334,50.0,33.33333333333333,2.57,0.0,21.9,2.78,20.81,48.57,23.52
SCH0472,Govt. Senior Secondary School Nazareth,Jalandhar,Unknown,108,Primary,English,31,84.27,2,1,1,6.45,3.23,3.23,15,10,69.8,66.67,12,288.0,29942.0,6,3,0,9,66.67,3.0,100.0,100.0,50.0,100.0,100.0,3.67,0.0,15.73,3.23,30.2,26.67,18.96
SCH0129,Govt. Elementary School Malhotra,Moga,Unknown,345,Higher Secondary,Punjabi,34,84.27,2,1,2,5.88,2.94,5.88,15,10,65.79,66.67,13,306.3,22900.0,6,3,2,11,54.55,3.0,33.33333333333333,100.0,100.0,0.0,66.66666666666666,2.67,0.0,15.73,2.94,34.21,46.67,24.89
SCH0521,Govt. Senior Secondary School Sharaf,Ferozepur,Mamdot,242,Higher Secondary,Punjabi,27,80.19,1,1,2,3.7,3.7,7.41,12,9,76.61,75.0,13,252.2,33306.0,7,3,2,12,58.33,6.0,80.0,66.66666666666666,66.66666666666666,83.33333333333334,20.0,3.0,1.0,19.81,3.7,23.39,40.0,21.72
SCH0065,Govt. Senior Secondary School Palla,Jalandhar,Jalandhar-Ii,104,Primary,English,27,83.98,2,2,3,7.41,7.41,11.11,14,11,70.36,78.57,19,462.1,47923.0,3,5,6,14,21.43,3.0,100.0,66.66666666666666,66.66666666666666,100.0,66.66666666666666,3.33,1.0,16.02,7.41,29.64,33.33,21.6
SCH0015,Govt. Primary School Brahmbhatt,Bathinda,Maur,118,Upper Primary,Punjabi,33,79.0,0,0,2,0.0,0.0,6.06,14,11,72.05,78.57,16,267.8,41809.0,6,3,4,13,46.15,4.0,75.0,75.0,100.0,0.0,50.0,3.0,0.0,21.0,0.0,27.95,40.0,22.24
SCH0157,Govt. Middle School Keer,Jalandhar,Jalandhar-I,370,Secondary,Hindi,29,82.51,3,2,1,10.34,6.9,3.45,13,10,73.0,76.92,9,207.9,21295.0,4,3,0,7,57.14,3.0,100.0,100.0,100.0,33.33333333333333,33.33333333333333,2.67,0.0,17.49,6.9,27.0,46.67,24.51
SCH0041,Govt. Senior Secondary School Kuruvilla,Sangrur,Sunam,142,Higher Secondary,Hindi,29,80.93,3,2,1,10.34,6.9,3.45,10,6,67.15,60.0,19,543.7,27993.0,10,4,2,16,62.5,6.0,83.33333333333334,100.0,83.33333333333334,50.0,50.0,3.67,2.0,19.07,6.9,32.85,26.67,21.37
SCH0493,Govt. Primary School Bhattacharyya,Sangrur,Sunam,427,Higher Secondary,English,38,81.26,3,1,2,7.89,2.63,5.26,9,8,60.55,88.89,20,657.4,48572.0,9,3,7,19,47.37,8.0,75.0,71.42857142857143,50.0,40.0,57.14285714285714,2.62,0.0,18.74,2.63,39.45,47.5,27.08
SCH0380,Govt. Middle School Minhas,Ludhiana,Ludhiana-Ii,56,Secondary,Punjabi,33,82.88,4,3,1,12.12,9.09,3.03,16,13,71.42,81.25,16,389.7,36765.0,5,5,4,14,35.71,6.0,60.0,100.0,50.0,60.0,50.0,2.83,0.0,17.12,9.09,28.58,43.33,24.53
SCH0188,Govt. Elementary School Vig,Moga,Nihal Singh Wala,322,Primary,Punjabi,39,81.69,5,5,1,12.82,12.82,2.56,8,5,71.0,62.5,20,560.5,48606.0,13,4,2,19,68.42,4.0,100.0,33.33333333333333,75.0,100.0,50.0,3.25,0.0,18.31,12.82,29.0,35.0,23.78
SCH0217,Govt. Primary School Apte,Patiala,Nabha,66,Secondary,Hindi,27,80.02,5,4,0,18.52,14.81,0.0,16,11,68.08,68.75,26,747.0,70533.0,12,5,3,20,60.0,5.0,60.0,80.0,100.0,75.0,80.0,3.6,0.0,19.98,14.81,31.92,28.0,23.68
SCH0053,Govt. Elementary School Tailor,Jalandhar,Phillaur,65,Primary,Hindi,31,83.28,0,0,3,0.0,0.0,9.68,17,11,63.76,64.71,24,668.9,47872.0,9,5,2,16,56.25,8.0,75.0,83.33333333333334,100.0,50.0,50.0,3.0,1.0,16.72,0.0,36.24,40.0,23.24
SCH0338,Govt. Senior Secondary School Wali,Bathinda,Unknown,55,Higher Secondary,Punjabi,29,84.82,3,1,2,10.34,3.45,6.9,12,11,65.19,91.67,21,690.6,59491.0,7,6,4,17,41.18,4.0,100.0,66.66666666666666,66.66666666666666,75.0,75.0,3.5,0.0,15.18,3.45,34.81,30.0,20.86
SCH0296,Govt. Senior Secondary School Dash,Patiala,Samana,403,Higher Secondary,Hindi,26,86.46,3,0,1,11.54,0.0,3.85,17,15,69.14,88.24,12,311.1,33143.0,4,4,1,9,44.44,3.0,0.0,100.0,33.33333333333333,66.66666666666666,33.33333333333333,2.33,0.0,13.54,0.0,30.86,53.33,24.43
SCH0252,Govt. Primary School Krish,Sangrur,Sunam,317,Primary,Punjabi,40,82.63,4,2,3,10.0,5.0,7.5,20,16,70.29,80.0,17,402.3,31625.0,4,6,4,14,28.57,6.0,83.33333333333334,83.33333333333334,100.0,75.0,50.0,3.5,1.0,17.37,5.0,29.71,30.0,20.52
SCH0462,Govt. Senior Secondary School Gulati,Ferozepur,Zira,58,Higher Secondary,Hindi,37,82.26,4,3,1,10.81,8.11,2.7,6,5,60.02,83.33,21,575.6,48272.0,7,10,4,21,33.33,3.0,100.0,100.0,66.66666666666666,100.0,100.0,3.67,1.0,17.74,8.11,39.98,26.67,23.12
SCH0456,Govt. Middle School Bhatnagar,Bathinda,Bathinda,168,Higher Secondary,Hindi,29,80.54,3,2,2,10.34,6.9,6.9,13,12,66.97,92.31,24,600.4,40244.0,13,4,2,19,68.42,8.0,87.5,66.66666666666666,42.857142857142854,57.14285714285714,42.857142857142854,2.62,0.0,19.46,6.9,33.03,47.5,26.72
SCH0270,Govt. Primary School Nadkarni,Jalandhar,Jalandhar-I,125,Higher Secondary,Hindi,34,82.19,4,3,0,11.76,8.82,0.0,18,14,65.91,77.78,20,512.4,47503.0,7,6,3,16,43.75,5.0,100.0,80.0,75.0,100.0,60.0,3.8,1.0,17.81,8.82,34.09,24.0,21.18
SCH0202,Govt. Elementary School Karpe,Jalandhar,Unknown,412,Higher Secondary,Hindi,51,79.47,4,2,2,7.84,3.92,3.92,13,11,69.03,84.62,18,464.5,35460.0,9,5,3,17,52.94,4.0,100.0,75.0,66.66666666666666,75.0,50.0,3.5,0.0,20.53,3.92,30.97,30.0,21.36
SCH0162,Govt. Elementary School Deshpande,Sangrur,Dhuri,433,Higher Secondary,Hindi,30,80.56,1,0,1,3.33,0.0,3.33,21,14,66.41,66.67,15,460.7,43734.0,3,6,3,12,25.0,3.0,100.0,100.0,66.66666666666666,66.66666666666666,33.33333333333333,3.33,1.0,19.44,0.0,33.59,33.33,21.59
SCH0402,Govt. Primary School Chakraborty,Patiala,Patiala,341,Primary,English,41,80.14,1,0,2,2.44,0.0,4.88,17,11,69.65,64.71,17,394.2,48635.0,8,2,3,13,61.54,5.0,75.0,100.0,100.0,50.0,40.0,3.4,1.0,19.86,0.0,30.35,32.0,20.55
SCH0477,Govt. Primary School Gupta,Ludhiana,Ludhiana-I,87,Upper Primary,Punjabi,21,84.57,3,0,1,14.29,0.0,4.76,5,5,69.98,100.0,28,412.8,60851.0,8,11,6,25,32.0,6.0,60.0,80.0,80.0,50.0,33.33333333333333,2.67,0.0,15.43,0.0,30.02,46.67,23.03
SCH0106,Govt. Primary School Shanker,Ferozepur,Zira,165,Upper Primary,Punjabi,34,77.64,3,2,2,8.82,5.88,5.88,12,9,70.99,75.0,17,197.5,47280.0,8,3,2,13,61.54,3.0,50.0,100.0,66.66666666666666,66.66666666666666,100.0,3.0,0.0,22.36,5.88,29.01,40.0,24.31
SCH0390,Govt. Middle School Dutt,Patiala,Samana,411,Higher Secondary,Hindi,25,76.34,2,2,1,8.0,8.0,4.0,14,9,67.56,64.29,24,485.0,51433.0,14,5,2,21,66.67,6.0,40.0,100.0,83.33333333333334,50.0,60.0,3.0,0.0,23.66,8.0,32.44,40.0,26.03
SCH0002,Govt. Primary School Dewan,Unknown,Tarn Taran,56,Upper Primary,Hindi,35,83.67,3,2,3,8.57,5.71,8.57,15,11,63.68,73.33,16,288.9,29206.0,5,7,2,14,35.71,3.0,50.0,100.0,100.0,100.0,33.33333333333333,3.33,0.0,16.33,5.71,36.32,33.33,22.92
SCH0576,Govt. Senior Secondary School Tripathi,Unknown,Amritsar-Ii,134,Secondary,Hindi,31,79.51,4,3,0,12.9,9.68,0.0,15,11,67.64,73.33,19,635.0,48060.0,8,5,5,18,44.44,1.0,100.0,100.0,100.0,,0.0,3.0,0.0,20.49,9.68,32.36,40.0,25.63
SCH0081,Govt. Middle School Batta,Ferozepur,Unknown,77,Primary,Hindi,33,83.02,3,2,3,9.09,6.06,9.09,17,15,58.75,88.24,23,413.5,44567.0,5,7,5,17,29.41,7.0,100.0,66.66666666666666,83.33333333333334,71.42857142857143,16.666666666666664,3.14,0.0,16.98,6.06,41.25,37.14,25.36
SCH0206,Govt. Middle School Menon,Jalandhar,Nakodar,353,Higher Secondary,Hindi,33,80.87,2,2,2,6.06,6.06,6.06,14,10,59.1,71.43,18,495.4,60120.0,11,5,2,18,61.11,8.0,40.0,85.71428571428571,75.0,50.0,42.857142857142854,2.62,0.0,19.13,6.06,40.9,47.5,28.4
SCH0035,Govt. Elementary School Setty,Bathinda,Talwandi Sabo,168,Primary,Punjabi,37,86.68,5,3,2,13.51,8.11,5.41,21,18,66.85,85.71,10,111.3,12051.0,3,2,4,9,33.33,6.0,66.66666666666666,80.0,100.0,100.0,40.0,3.33,0.0,13.32,8.11,33.15,33.33,21.98
SCH0509,Govt. Elementary School Maharaj,Jalandhar,Nakodar,221,Higher Secondary,Punjabi,33,81.26,2,0,1,6.06,0.0,3.03,6,2,64.0,33.33,17,383.0,39761.0,8,2,6,16,50.0,10.0,66.66666666666666,88.88888888888889,87.5,66.66666666666666,55.55555555555556,3.2,1.0,18.74,0.0,36.0,36.0,22.68
SCH0428,Govt. Middle School Swamy,Jalandhar,Jalandhar-Ii,414,Primary,Punjabi,42,81.82,3,3,1,7.14,7.14,2.38,10,8,65.19,80.0,18,639.5,43314.0,5,11,1,17,29.41,7.0,71.42857142857143,83.33333333333334,71.42857142857143,83.33333333333334,66.66666666666666,3.43,2.0,18.18,7.14,34.81,31.43,22.89
SCH0455,Govt. Elementary School Borah,Patiala,Patiala,132,Primary,Punjabi,33,80.76,2,2,2,6.06,6.06,6.06,18,14,70.35,77.78,23,589.1,49378.0,11,4,3,18,61.11,4.0,50.0,100.0,100.0,66.66666666666666,100.0,3.25,1.0,19.24,6.06,29.65,35.0,22.49
SCH0367,Govt. Primary School Vala,Bathinda,Unknown,177,Upper Primary,English,34,81.44,2,1,1,5.88,2.94,2.94,12,7,71.01,58.33,22,662.7,64410.0,8,2,8,18,44.44,5.0,60.0,60.0,100.0,75.0,20.0,2.8,0.0,18.56,2.94,28.99,44.0,23.62
SCH0092,Govt. Middle School Bawa,Bathinda,Talwandi Sabo,429,Higher Secondary,Punjabi,35,82.7,3,2,2,8.57,5.71,5.71,12,9,68.47,75.0,20,582.9,48768.0,9,9,2,20,45.0,4.0,75.0,100.0,100.0,33.33333333333333,50.0,2.75,0.0,17.3,5.71,31.53,45.0,24.89
SCH0340,Govt. Elementary School Manda,Bathinda,Bathinda,51,Upper Primary,Punjabi,40,84.51,2,1,2,5.0,2.5,5.0,15,11,62.15,73.33,22,705.3,66220.0,10,9,1,20,50.0,5.0,66.66666666666666,100.0,100.0,100.0,40.0,3.2,0.0,15.49,2.5,37.85,36.0,22.96
SCH0565,Govt. Middle School Kibe,Ludhiana,Unknown,127,Upper Primary,Punjabi,36,81.87,2,2,1,5.56,5.56,2.78,15,11,70.55,73.33,19,419.0,44033.0,10,5,1,16,62.5,3.0,100.0,100.0,100.0,0.0,33.33333333333333,3.33,0.0,18.13,5.56,29.45,33.33,21.62
SCH0346,Govt. Primary School Peri,Moga,Nihal Singh Wala,178,Secondary,English,26,86.32,3,2,0,11.54,7.69,0.0,12,10,67.47,83.33,16,328.7,42638.0,10,4,1,15,66.67,5.0,80.0,66.66666666666666,100.0,40.0,33.33333333333333,2.4,0.0,13.68,7.69,32.53,52.0,26.48
SCH0242,Govt. Elementary School Bhardwaj,Moga,Nihal Singh Wala,249,Higher Secondary,Hindi,31,79.63,2,2,0,6.45,6.45,0.0,13,10,68.76,76.92,17,538.0,50465.0,8,6,1,15,53.33,9.0,85.71428571428571,100.0,87.5,62.5,62.5,3.56,2.0,20.37,6.45,31.24,28.89,21.74
SCH0014,Govt. Senior Secondary School Soman,Jalandhar,Phillaur,41,Secondary,Punjabi,35,79.71,2,1,2,5.71,2.86,5.71,21,19,75.39,90.48,18,448.9,47793.0,8,6,1,15,53.33,6.0,50.0,100.0,50.0,16.666666666666664,20.0,1.83,0.0,20.29,2.86,24.61,63.33,27.77
SCH0316,Govt. Elementary School Dhingra,Unknown,Doraha,150,Primary,Hindi,25,79.08,0,0,0,0.0,0.0,0.0,9,8,59.3,88.89,18,487.9,44167.0,7,4,6,17,41.18,5.0,80.0,75.0,100.0,60.0,50.0,3.4,0.0,20.92,0.0,40.7,32.0,23.41
SCH0388,Govt. Elementary School Saini,Bathinda,Rampura Phul,136,Upper Primary,Hindi,37,82.15,1,1,3,2.7,2.7,8.11,14,8,66.36,57.14,22,684.1,58624.0,15,4,2,21,71.43,6.0,75.0,100.0,80.0,50.0,50.0,2.67,0.0,17.85,2.7,33.64,46.67,25.21
SCH0274,Govt. Senior Secondary School Raval,Ferozepur,Makhu,98,Upper Primary,Hindi,43,84.03,3,1,5,6.98,2.33,11.63,13,7,61.49,53.85,17,378.2,40211.0,8,5,2,15,53.33,4.0,66.66666666666666,75.0,100.0,0.0,0.0,2.25,0.0,15.97,2.33,38.51,55.0,27.95
SCH0167,Govt. Elementary School Pall,Ludhiana,Doraha,281,Upper Primary,Punjabi,36,82.54,1,0,4,2.78,0.0,11.11,16,13,67.99,81.25,22,419.0,55262.0,10,7,1,18,55.56,1.0,0.0,100.0,0.0,0.0,0.0,1.0,0.0,17.46,0.0,32.01,80.0,32.37
SCH0485,Govt. Senior Secondary School Gola,Ludhiana,Ludhiana-Ii,239,Primary,Hindi,39,81.44,6,4,2,15.38,10.26,5.13,11,8,77.01,72.73,22,533.2,56130.0,10,4,0,14,71.43,4.0,66.66666666666666,100.0,66.66666666666666,100.0,75.0,3.5,0.0,18.56,10.26,22.99,30.0,20.45
SCH0505,Govt. Primary School Chakraborty,Patiala,Rajpura,235,Upper Primary,Punjabi,20,82.11,2,2,1,10.0,10.0,5.0,18,15,73.91,83.33,17,391.2,36316.0,9,4,1,14,64.29,6.0,66.66666666666666,83.33333333333334,66.66666666666666,50.0,40.0,3.0,1.0,17.89,10.0,26.09,40.0,23.49
SCH0244,Govt. Primary School Swamy,Patiala,Samana,371,Higher Secondary,Hindi,24,80.05,2,1,1,8.33,4.17,4.17,10,6,67.73,60.0,16,481.8,46767.0,5,5,3,13,38.46,4.0,75.0,75.0,100.0,75.0,50.0,3.75,1.0,19.95,4.17,32.27,25.0,20.35
SCH0567,Govt. Elementary School Sawhney,Patiala,Rajpura,300,Primary,Hindi,44,83.14,6,4,2,13.64,9.09,4.55,15,14,65.66,93.33,17,421.7,37157.0,9,3,2,14,64.29,7.0,57.14285714285714,60.0,83.33333333333334,33.33333333333333,66.66666666666666,2.57,0.0,16.86,9.09,34.34,48.57,27.22
SCH0563,Govt. Senior Secondary School Nayak,Unknown,Talwandi Sabo,281,Upper Primary,Hindi,19,79.58,2,1,0,10.53,5.26,0.0,12,9,68.54,75.0,14,350.4,33821.0,7,0,4,11,63.64,4.0,75.0,66.66666666666666,75.0,75.0,50.0,3.25,1.0,20.42,5.26,31.46,35.0,23.03
SCH0190,Govt. Senior Secondary School Chadha,Moga,Moga-Ii,439,Upper Primary,Punjabi,38,79.04,2,0,2,5.26,0.0,5.26,12,9,66.31,75.0,26,547.1,52916.0,11,8,3,22,50.0,3.0,66.66666666666666,100.0,66.66666666666666,66.66666666666666,100.0,3.67,0.0,20.96,0.0,33.69,26.67,20.33
SCH0476,Govt. Primary School Chowdhury,Jalandhar,Jalandhar-I,48,Higher Secondary,Hindi,35,74.78,2,1,0,5.71,2.86,0.0,13,10,72.07,76.92,22,509.6,47093.0,7,8,4,19,36.84,7.0,66.66666666666666,100.0,85.71428571428571,80.0,60.0,3.14,0.0,25.22,2.86,27.93,37.14,23.29
SCH0511,Govt. Middle School Kuruvilla,Ferozepur,Ferozepur,80,Upper Primary,Hindi,38,80.38,5,4,1,13.16,10.53,2.63,10,8,68.81,80.0,20,569.4,48706.0,7,9,4,20,35.0,2.0,50.0,100.0,100.0,50.0,50.0,3.5,1.0,19.62,10.53,31.19,30.0,22.83
SCH0059,Govt. Middle School Barman,Bathinda,Talwandi Sabo,254,Upper Primary,Punjabi,36,85.7,4,3,4,11.11,8.33,11.11,15,12,68.58,80.0,22,536.8,69442.0,9,11,1,21,42.86,9.0,57.14285714285714,88.88888888888889,75.0,66.66666666666666,37.5,3.0,0.0,14.3,8.33,31.42,40.0,23.51
SCH0475,Govt. Primary School Prakash,Bathinda,Maur,410,Higher Secondary,Punjabi,36,84.62,5,3,3,13.89,8.33,8.33,13,8,62.9,61.54,21,522.2,39592.0,8,7,3,18,44.44,3.0,100.0,66.66666666666666,50.0,100.0,0.0,2.67,0.0,15.38,8.33,37.1,46.67,26.87
SCH0561,Govt. Middle School Mishra,Unknown,Sunam,265,Upper Primary,Punjabi,32,85.53,5,3,1,15.62,9.38,3.12,11,7,78.57,63.64,17,424.1,49780.0,5,6,4,15,33.33,3.0,0.0,100.0,0.0,50.0,66.66666666666666,2.0,0.0,14.47,9.38,21.43,60.0,26.32
SCH0253,Govt. Senior Secondary School Saha,Ludhiana,Unknown,110,Upper Primary,Hindi,43,82.54,4,3,2,9.3,6.98,4.65,13,11,66.4,84.62,27,609.7,71422.0,13,4,6,23,56.52,4.0,75.0,100.0,50.0,66.66666666666666,25.0,2.75,0.0,17.46,6.98,33.6,45.0,25.76
SCH0022,Govt. Primary School Aggarwal,Amritsar,Amritsar-I,377,Higher Secondary,Punjabi,23,85.28,5,3,0,21.74,13.04,0.0,11,8,72.0,72.73,24,645.3,64007.0,10,6,5,21,47.62,6.0,100.0,83.33333333333334,100.0,80.0,83.33333333333334,4.0,3.0,14.72,13.04,28.0,20.0,18.94
SCH0314,Govt. Middle School Kakar,Patiala,Rajpura,366,Primary,Hindi,36,82.18,3,1,2,8.33,2.78,5.56,13,8,54.56,61.54,18,470.8,43504.0,7,6,3,16,43.75,5.0,40.0,75.0,80.0,80.0,60.0,3.2,1.0,17.82,2.78,45.44,36.0,25.51
SCH0460,Govt. Senior Secondary School Solanki,Sangrur,Sangrur,129,Primary,Hindi,35,78.87,0,0,1,0.0,0.0,2.86,10,8,66.61,80.0,13,178.9,20986.0,5,3,2,10,50.0,2.0,100.0,100.0,50.0,0.0,0.0,2.5,0.0,21.13,0.0,33.39,50.0,26.13
SCH0161,Govt. Senior Secondary School Mand,Patiala,Nabha,198,Higher Secondary,Hindi,28,75.26,1,1,0,3.57,3.57,0.0,18,14,69.74,77.78,21,526.6,42448.0,8,6,3,17,47.06,4.0,100.0,75.0,75.0,75.0,0.0,3.25,0.0,24.74,3.57,30.26,35.0,23.39
SCH0277,Govt. Middle School Nagi,Sangrur,Dhuri,338,Higher Secondary,Hindi,29,77.34,4,3,0,13.79,10.34,0.0,18,12,60.14,66.67,19,435.0,47054.0,6,6,3,15,40.0,3.0,33.33333333333333,100.0,100.0,100.0,33.33333333333333,3.33,0.0,22.66,10.34,39.86,33.33,26.55
SCH0192,Govt. Middle School Varty,Bathinda,Bathinda,168,Secondary,Punjabi,30,78.94,3,3,1,10.0,10.0,3.33,23,16,62.98,69.57,14,427.8,26262.0,7,4,2,13,53.85,2.0,50.0,100.0,50.0,50.0,50.0,3.0,0.0,21.06,10.0,37.02,40.0,27.02
SCH0386,Govt. Elementary School Sama,Moga,Nihal Singh Wala,169,Secondary,Punjabi,33,79.59,1,0,2,3.03,0.0,6.06,20,15,65.49,75.0,32,615.7,83041.0,17,6,7,30,56.67,5.0,75.0,60.0,40.0,50.0,0.0,2.0,0.0,20.41,0.0,34.51,60.0,28.73
SCH0414,Govt. Elementary School Goyal,Amritsar,Tarn Taran,342,Higher Secondary,Hindi,38,80.71,0,0,2,0.0,0.0,5.26,13,11,68.14,84.62,17,270.1,27385.0,7,5,3,15,46.67,3.0,100.0,33.33333333333333,100.0,100.0,66.66666666666666,3.67,1.0,19.29,0.0,31.86,26.67,19.45
SCH0492,Govt. Middle School Dalal,Bathinda,Rampura Phul,99,Secondary,Punjabi,34,79.81,1,1,1,2.94,2.94,2.94,20,13,64.37,65.0,14,454.4,30463.0,7,4,2,13,53.85,4.0,100.0,100.0,75.0,50.0,25.0,3.5,0.0,20.19,2.94,35.63,30.0,22.19
SCH0344,Govt. Senior Secondary School Bala,Sangrur,Sangrur,84,Upper Primary,Hindi,37,82.68,5,5,1,13.51,13.51,2.7,10,7,65.16,70.0,17,402.9,25610.0,6,7,2,15,40.0,7.0,71.42857142857143,100.0,83.33333333333334,33.33333333333333,50.0,3.0,0.0,17.32,13.51,34.84,40.0,26.42
SCH0309,Govt. Primary School Garde,Ferozepur,Zira,368,Upper Primary,Hindi,45,81.43,4,2,1,8.89,4.44,2.22,12,9,62.5,75.0,23,492.3,50933.0,10,5,6,21,47.62,4.0,75.0,66.66666666666666,100.0,50.0,33.33333333333333,2.75,0.0,18.57,4.44,37.5,45.0,26.38
SCH0131,Govt. Elementary School Dani,Moga,Unknown,200,Secondary,Punjabi,23,86.4,2,1,1,8.7,4.35,4.35,15,11,67.42,73.33,11,227.0,26654.0,1,5,3,9,11.11,7.0,75.0,100.0,85.71428571428571,80.0,66.66666666666666,3.0,0.0,13.6,4.35,32.58,40.0,22.63
SCH0100,Govt. Elementary School Sandal,Ferozepur,Zira,437,Secondary,Hindi,30,86.7,4,3,3,13.33,10.0,10.0,12,9,67.16,75.0,26,589.8,47085.0,11,9,4,24,45.83,5.0,100.0,100.0,80.0,60.0,75.0,4.0,2.0,13.3,10.0,32.84,20.0,19.04
SCH0373,Govt. Middle School Soman,Amritsar,Amritsar-I,328,Secondary,English,43,82.44,6,3,1,13.95,6.98,2.33,18,15,70.65,83.33,18,465.7,41300.0,5,4,5,14,35.71,4.0,100.0,75.0,75.0,66.66666666666666,25.0,3.25,0.0,17.56,6.98,29.35,35.0,22.22
SCH0088,Govt. Middle School Golla,Bathinda,Talwandi Sabo,264,Primary,Punjabi,25,83.68,0,0,1,0.0,0.0,4.0,12,8,70.18,66.67,21,524.0,43436.0,9,6,3,18,50.0,1.0,100.0,100.0,100.0,100.0,100.0,5.0,1.0,16.32,0.0,29.83,0.0,11.54
SCH0459,Govt. Elementary School Mani,Bathinda,Rampura Phul,108,Secondary,English,27,82.59,5,3,1,18.52,11.11,3.7,16,15,70.45,93.75,12,304.8,31806.0,7,3,1,11,63.64,4.0,100.0,75.0,50.0,50.0,50.0,3.0,0.0,17.41,11.11,29.55,40.0,24.52
SCH0331,Govt. Primary School Raju,Patiala,Unknown,291,Upper Primary,Hindi,41,81.4,3,1,3,7.32,2.44,7.32,8,8,62.4,100.0,21,498.3,60416.0,14,4,3,21,66.67,6.0,66.66666666666666,75.0,66.66666666666666,66.66666666666666,40.0,2.83,1.0,18.6,2.44,37.6,43.33,25.49
SCH0215,Govt. Elementary School Saha,Bathinda,Bathinda,187,Primary,Punjabi,34,80.78,2,2,0,5.88,5.88,0.0,15,12,73.32,80.0,24,550.5,54775.0,10,10,2,22,45.45,5.0,75.0,100.0,100.0,60.0,0.0,3.2,0.0,19.22,5.88,26.68,36.0,21.95
SCH0467,Govt. Elementary School Krishnan,Bathinda,Rampura Phul,336,Upper Primary,Punjabi,24,78.81,0,0,2,0.0,0.0,8.33,16,11,62.94,68.75,18,494.8,52675.0,14,3,1,18,77.78,3.0,100.0,66.66666666666666,33.33333333333333,100.0,33.33333333333333,2.33,0.0,21.19,0.0,37.06,53.33,27.9
SCH0122,Govt. Senior Secondary School Ahluwalia,Ludhiana,Unknown,442,Upper Primary,Hindi,32,83.24,4,3,1,12.5,9.38,3.12,12,9,67.36,75.0,22,468.6,52471.0,12,4,2,18,66.67,5.0,100.0,100.0,100.0,0.0,40.0,2.8,0.0,16.76,9.38,32.64,44.0,25.69
SCH0021,Govt. Elementary School Sami,Sangrur,Sunam,316,Higher Secondary,Hindi,33,81.52,4,3,0,12.12,9.09,0.0,14,12,61.27,85.71,16,420.6,41680.0,2,6,3,11,18.18,2.0,0.0,100.0,50.0,50.0,0.0,1.5,0.0,18.48,9.09,38.73,70.0,34.08
SCH0072,Govt. Senior Secondary School Sengupta,Ferozepur,Makhu,54,Secondary,English,30,80.36,3,1,0,10.0,3.33,0.0,21,14,67.78,66.67,19,517.7,41873.0,12,3,1,16,75.0,8.0,100.0,100.0,100.0,50.0,57.14285714285714,3.25,1.0,19.64,3.33,32.22,35.0,22.55
SCH0107,Govt. Elementary School Krishna,Patiala,Rajpura,338,Higher Secondary,Punjabi,34,79.38,1,0,1,2.94,0.0,2.94,11,10,63.63,90.91,19,439.6,50523.0,7,10,1,18,38.89,8.0,100.0,100.0,71.42857142857143,62.5,37.5,3.12,1.0,20.62,0.0,36.37,37.5,23.62
SCH0271,Govt. Elementary School Mohan,Sangrur,Sunam,274,Secondary,Hindi,33,82.75,2,1,2,6.06,3.03,6.06,8,7,72.16,87.5,19,428.3,37575.0,8,8,2,18,44.44,3.0,100.0,100.0,100.0,50.0,0.0,2.33,0.0,17.25,3.03,27.84,53.33,25.36
SCH0436,Govt. Primary School Joshi,Ferozepur,Unknown,253,Secondary,English,40,83.55,4,1,2,10.0,2.5,5.0,6,6,62.5,100.0,23,626.0,55190.0,10,6,2,18,55.56,7.0,66.66666666666666,100.0,66.66666666666666,42.857142857142854,57.14285714285714,3.14,0.0,16.45,2.5,37.5,37.14,23.4
SCH0103,Govt. Elementary School Parsa,Amritsar,Ajnala,385,Higher Secondary,Punjabi,34,78.65,3,2,0,8.82,5.88,0.0,16,13,62.92,81.25,21,667.0,56243.0,7,12,0,19,36.84,7.0,83.33333333333334,100.0,83.33333333333334,66.66666666666666,42.857142857142854,3.43,1.0,21.35,5.88,37.08,31.43,23.94
