inspection_id,date,school_id,has_electricity,has_drinking_water,has_functional_toilet,has_boundary_wall,has_playground,inspector_name,remarks
INSP02966,2025/04/02,sch_0476,H,True,True,Yes,,Fariq Tripathi,Good condition
INSP00970,13.05.2025,SCH0337,True,True,Yes,True,H,Unnati Kulkarni,Good condition
INSP01386,2025/06/26,SCH0127,True,True,False,Working,Functional,Girik Natt,Toilets locked
INSP01234,02-Jun-2025,SCH0372,False,No,True,True,Broken,Rudra Kurian,Good condition
INSP02997,2025/10/29,sch0517,True,True,True,True,False,Mohammed Dara,Average
INSP02408,10-30-2025,sch_0334,,False,True,False,True,,No remarks
INSP02849,23.07.2025,S0229,Y,True,True,Yes,Broken,Meera Sachar,Needs repair
INSP01240,2025-12-29,0072,True,1,haan,False,0,Shivani Konda,Toilets locked
INSP02649,2026-01-20,SCH0516,True,Yes,Working,Haan,1,Yachana Mody,Good condition
INSP01667,2025/05/12,sch_0182,Hai,Hai,haan,na,haan,Eiravati Choudhry,Good condition
INSP02398,05/01/2026,SCH0221,Yes,No,Haan,0,Yes,Ira Choudhary,No remarks
INSP01451,2025-12-29,S0026,True,False,True,True,Yes,,Needs repair
INSP00613,2025-10-04,SCH0092,Haan,True,Available,,False,Maya Chada,Good condition
INSP01189,2025-12-25,sch0063,True,0,True,True,False,Caleb Lala,Toilets locked
INSP00832,02-Oct-2025,S0509,Broken,,True,True,False,Xavier Gade,
INSP02501,2025/05/10,SCH-0033,Available,True,True,No,Nahi,Kamya Ravi,Toilets locked
INSP00333,10/09/2025,SCH0477,Available,,haan,False,True,Jasmit Ramachandran,Toilets locked
INSP02727,2025/10/06,SCH0522,H,Haan,Working,Working,Yes,Chasmum Uppal,Good condition
INSP00145,22/11/2025,sch_0215,No,True,True,True,Kharab,Yachana Mangat,Toilets locked
INSP02233,23-Oct-2025,SCH0428,True,True,True,True,Nahi,Samaksh Khare,Average
INSP01671,2025-12-22,S0042,True,Functional,Working,Under Repair,H,Manan Mangat,Needs repair
INSP01776,14/09/2025,S0403,False,1,Y,1,,Manbir Sodhi,Needs repair
INSP01733,23-Oct-2025,SCH0175,Y,H,False,True,True,Qarin Nayar,Toilets locked
INSP02204,06.02.2026,0010,0,True,1,No,Yes,,
INSP02552,04-08-2025,SCH-0140,False,True,True,Functional,Yes,Gaurangi Ratti,Toilets locked
INSP00219,09.09.2025,sch_0325,N,Yes,True,True,False,Zehaan Deshpande,Average
INSP00292,25.11.2025,0371,True,True,True,False,1,Chasmum Ganguly,No remarks
INSP02177,26/04/2025,SCH0583,Hai,True,,na,Working,Jonathan Jain,Good condition
INSP00818,16/09/2025,SCH0078,True,False,True,Hai,False,Krishna Gaba,Average
INSP00602,2025-11-20,sch0360,True,True,True,Y,False,Umang Sagar,Average
INSP00018,15/03/2026,SCH0582,Hai,Yes,H,True,N,Unnati Goel,
INSP00171,02/04/2025,SCH0067,False,True,Kharab,na,Broken,Sneha Ghosh,Good condition
INSP01738,02-Oct-2025,S0230,True,True,Hai,Nahi hai,Nahi,Osha Bajwa,
INSP02283,21-Sep-2025,S0559,True,Haan,1,Haan,haan,Sai Warrior,Average
INSP02803,2026-02-19,SCH-0238,Broken,Available,True,na,Nahi hai,Ekaraj Sehgal,
INSP01408,10.03.2026,SCH0274,,True,Haan,Nahi,H,Kamala Roy,Average
INSP00179,12-09-2025,SCH0577,Working,H,True,True,Yes,Riya Kant,Good condition
INSP01337,2025-06-03,SCH0011,H,1,True,No,False,Imaran Tandon,Toilets locked
INSP01815,2025-05-01,sch_0240,False,False,True,True,Not Available,Lavanya Choudhry,Average
INSP02205,07/11/2025,sch0037,True,True,Functional,Nahi,Nahi,Rudra Bail,Toilets locked
INSP01412,05-Aug-2025,SCH0596,Nahi,Working,Functional,na,na,Sai Bhasin,Average
INSP02746,13.11.2025,SCH0422,1,True,Haan,Hai,,Isaac Kalla,
INSP01663,06/03/2026,sch_0456,0,1,haan,False,,Neel Ganesh,Needs repair
INSP01227,29/06/2025,SCH0398,True,False,,True,True,Isaiah Mangat,
INSP02025,2025-10-08,SCH0219,Haan,True,Functional,Hai,Available,Bhanumati Chaudhari,
INSP02771,03.02.2026,SCH0339,True,Functional,True,True,False,Rajata Mistry,Toilets locked
INSP02097,05.05.2025,sch_0564,na,False,True,True,,Laksh Dugar,Good condition
INSP00135,03-09-2026,SCH-0542,,H,True,False,Working,Jackson Narasimhan,Toilets locked
INSP02846,2026-02-12,SCH0258,False,1,Yes,True,False,Ishanvi Arya,Average
INSP02987,24/06/2025,SCH-0131,,1,Y,0,Functional,Kevin Gade,Needs repair
INSP00103,24/02/2026,0022,haan,True,Y,Yes,True,Netra Ram,Average
INSP00415,05-Nov-2025,SCH0093,True,True,Working,haan,True,Liam Sibal,Average
INSP02697,2026-02-12,sch0122,Yes,1,Yes,False,True,Hritik Naidu,Toilets locked
INSP01484,21/12/2025,S0362,Y,Available,Yes,True,Functional,Hamsini Pandya,Toilets locked
INSP01188,2025/06/15,sch0005,Nahi hai,na,Yes,Broken,True,Max Shenoy,Toilets locked
INSP01730,2025-10-26,SCH0476,False,1,True,True,0,,Good condition
INSP02006,2025/08/02,0075,H,True,Functional,na,Nahi hai,Zashil Hegde,Average
INSP02154,12-Oct-2025,0434,True,0,Functional,True,Under Repair,,No remarks
INSP02572,28/04/2025,SCH0556,haan,False,True,na,1,Girindra Tiwari,
INSP01147,30.09.2025,SCH0535,True,Nahi,True,No,False,Vritti Agarwal,No remarks
INSP00310,20/02/2026,SCH0037,True,Working,True,True,Under Repair,,
INSP02274,2025/12/19,0434,True,1,True,haan,na,Baghyawati Chana,Toilets locked
INSP02440,09.01.2026,sch_0458,Broken,True,Y,True,False,Shivansh Trivedi,Toilets locked
INSP00193,12.03.2026,SCH0533,False,haan,True,1,Y,Shivansh Tara,No remarks
INSP00195,07/12/2025,SCH0346,True,Available,Yes,True,False,Nimrat Hayer,Toilets locked
INSP00777,18.06.2025,S0058,Yes,False,Working,True,False,Oeshi Pradhan,Needs repair
INSP01678,03-24-2026,sch_0263,Working,H,Yes,1,False,Fitan Halder,Toilets locked
INSP01236,03/11/2025,SCH-0442,N,True,0,False,Nahi hai,,Good condition
INSP01394,14/09/2025,SCH0261,True,Y,Functional,False,Broken,Yamini Naidu,Needs repair
INSP00045,11-04-2025,SCH-0003,Haan,Functional,Broken,1,True,Nicholas Keer,No remarks
INSP01765,28.04.2025,S0167,False,True,N,False,False,Zinal Bhavsar,Average
INSP00946,2025/06/09,SCH0129,Hai,True,True,False,Haan,Isaac Khatri,
INSP02052,18/08/2025,SCH0398,Functional,Y,False,True,0,Peter Mody,No remarks
INSP00830,07-20-2025,SCH-0526,True,False,H,Y,False,Yatin Ghose,Toilets locked
INSP02967,16.09.2025,sch_0153,Not Available,True,True,False,False,Falak Jaggi,Good condition
INSP02922,2026/02/04,SCH0194,True,H,haan,Yes,0,Isaiah Nagarajan,
INSP01279,2025/12/13,SCH0475,haan,True,0,True,na,Ekani Oommen,Average
INSP02900,28.06.2025,S0138,Nahi,Yes,True,True,No,Maya Sastry,
INSP02808,30/04/2025,sch_0052,N,True,True,False,True,Vyanjana Badal,Good condition
INSP01802,02-28-2026,sch_0364,False,1,True,True,N,Aishani Dhillon,Needs repair
INSP00486,06-Sep-2025,SCH0501,,True,Haan,0,Hai,Faras Yohannan,Average
INSP02372,03-13-2026,SCH0600,True,False,True,True,False,Upkaar Narang,Good condition
INSP00443,2025-05-15,SCH0530,Working,Nahi,Haan,Yes,,Gauri Deshmukh,Average
INSP01642,26.11.2025,SCH0239,True,True,True,,True,Vasudha Jayaraman,Average
INSP02598,28/04/2025,SCH0223,Yes,Available,Hai,True,True,Pranav Master,Average
INSP01714,05/07/2025,sch0320,False,True,True,True,True,,Good condition
INSP02982,26-Sep-2025,SCH-0169,Under Repair,Y,,,True,Sanya Choudhry,Toilets locked
INSP00757,2025-10-22,SCH-0129,Broken,H,Yes,0,True,Bhanumati Sridhar,Needs repair
INSP01881,2025/04/29,SCH0593,Y,True,haan,True,Nahi,Hemani Chander,No remarks
INSP00241,2025-11-09,sch_0360,True,True,Haan,Haan,True,Peter Rajagopalan,Needs repair
INSP02355,01-22-2026,SCH0211,True,True,N,True,True,Alexander Gokhale,
INSP01666,2025-12-27,S0199,True,True,False,False,Nahi hai,Diya Saini,
INSP02431,16.03.2026,0083,True,Working,Haan,False,Haan,Ikshita Dhillon,No remarks
INSP01744,02-10-2026,sch_0308,H,Functional,True,0,Hai,Ekansh Bhandari,No remarks
INSP00140,10.07.2025,SCH0103,True,True,False,1,N,Zaitra Chandran,Good condition
INSP00195,07/12/2025,SCH0346,True,Available,Yes,True,False,Nimrat Hayer,Toilets locked
INSP00347,16/09/2025,sch_0194,,True,False,H,True,Neel Murthy,
INSP01537,2025-10-29,0105,True,Functional,Haan,False,True,Chandran Gopal,
INSP00315,13/11/2025,SCH0483,True,Available,Hai,Nahi hai,False,Anvi Tara,Needs repair
INSP01743,2026-02-06,SCH0257,True,True,True,True,Hai,,
INSP00323,02/10/2025,SCH0316,True,True,True,False,na,Raksha Jain,Good condition
INSP01682,2026-01-07,sch0302,Working,1,Hai,Haan,True,Vaishnavi Rau,Average
INSP01460,09-05-2025,0289,Working,False,True,na,,Charles Bahri,Average
INSP02034,12.01.2026,SCH-0386,Yes,False,0,False,False,Zarna Rau,
INSP00257,21/07/2025,sch0408,,Hai,H,True,Functional,Advay Rama,Average
INSP02300,17.01.2026,SCH0566,,No,True,N,True,Balhaar Wable,Toilets locked
INSP01732,11/12/2025,SCH0529,True,False,N,True,0,Dalaja Lala,Needs repair
INSP02601,01/03/2026,SCH0154,True,Haan,Functional,Nahi hai,na,Vrishti Dugar,Toilets locked
INSP00204,09/06/2025,SCH-0590,True,Hai,na,1,True,Jacob Mani,No remarks
INSP01785,04-03-2025,sch_0488,False,True,True,Not Available,False,Vidhi Om,Good condition
INSP00299,14/12/2025,sch0599,Nahi,True,H,No,False,Odika Bhandari,
INSP00052,2025-12-07,SCH-0320,False,True,Yes,Nahi,Kharab,Daksha Kapadia,Good condition
INSP00215,2025-05-19,SCH0419,True,True,True,Kharab,No,Ikbal Nagy,Needs repair
INSP00064,03.03.2026,SCH0051,Working,Haan,Functional,False,Nahi,Forum Choudhary,Toilets locked
INSP02497,23.02.2026,SCH0004,Y,True,Haan,Y,False,Ayushman Vyas,Needs repair
INSP02801,05/08/2025,SCH-0473,Nahi hai,na,N,True,True,Lavanya Thaker,Needs repair
INSP01358,11-12-2025,SCH0527,True,Nahi,Yes,False,False,Ojasvi Chad,Toilets locked
INSP00300,2025-04-13,sch_0443,False,Haan,Hai,N,True,Yauvani Narang,Toilets locked
INSP00433,27-Aug-2025,SCH0523,Working,Functional,Functional,Y,Yes,Viraj Munshi,Toilets locked
INSP01101,02-26-2026,sch0512,False,Haan,Hai,0,Yes,Abdul Dayal,Average
INSP00053,2025-04-05,SCH0112,True,True,Yes,Haan,False,Lipika Agarwal,Needs repair
INSP01227,29/06/2025,SCH0398,True,False,,True,True,Isaiah Mangat,
INSP00795,2025/10/20,0458,N,1,H,True,,Caleb Pandya,No remarks
INSP02078,10-15-2025,SCH0542,na,True,Yes,No,False,Raghav Bakshi,Average
INSP01252,22-Oct-2025,SCH-0450,True,Yes,Yes,False,False,Dev Sawhney,Average
INSP01075,2025/09/03,sch_0176,False,Yes,False,True,False,Oviya Sidhu,Average
INSP02378,2025/07/03,SCH-0441,Available,Working,True,True,Nahi,Manthan Bora,
INSP01588,2025-12-12,SCH0440,Available,Available,Functional,True,H,Yatin Mander,Toilets locked
INSP01289,2025-10-31,sch0546,True,True,1,True,True,Brijesh Natarajan,Toilets locked
INSP01675,2025/08/26,sch_0035,1,H,True,True,,Rachana Vaidya,No remarks
INSP02133,12-Jan-2026,SCH0367,Available,False,True,Under Repair,Nahi,Krishna Viswanathan,Toilets locked
INSP01448,2026-03-03,sch_0422,True,1,True,,False,Isaac Pall,Average
INSP02897,14.10.2025,sch_0263,Y,Yes,False,False,False,Idika Muni,No remarks
INSP00071,2025/08/20,0047,Hai,,True,False,N,Advaith Ghosh,No remarks
INSP00643,30/03/2026,sch0506,Working,Functional,Working,1,True,Anjali Lalla,No remarks
INSP02543,04-Mar-2026,SCH0164,False,Haan,Y,False,Working,Quincy Ramaswamy,No remarks
INSP00945,11/12/2025,SCH0073,Yes,True,Y,No,H,Omaja Ghose,Toilets locked
INSP02852,2026-01-11,SCH0050,1,Hai,Yes,,N,Hardik Venkatesh,
INSP02539,2025-04-21,SCH0131,True,,Hai,True,1,Jeet Swaminathan,
INSP01106,13/04/2025,SCH0254,True,,True,1,na,,No remarks
INSP01175,2025-04-22,SCH0422,Broken,na,True,Nahi hai,Kharab,Amaira Tara,Average
INSP02670,2025-08-10,sch0525,0,H,Broken,True,Under Repair,Krish Kala,
INSP01757,25-Apr-2025,sch_0354,,Yes,True,True,True,Siya Kashyap,
INSP00479,2025-07-09,SCH0535,True,N,True,Nahi hai,,Eiravati Buch,Toilets locked
INSP02178,03-01-2026,S0160,haan,True,False,na,True,Madhav Rattan,Needs repair
INSP02429,14/06/2025,0291,True,Y,False,True,False,Ekantika Nath,Needs repair
INSP00730,10-09-2025,SCH-0305,Y,False,Y,H,N,Eshana Dey,Needs repair
INSP01761,2025/07/18,S0564,Nahi hai,Y,Yes,H,,Tanveer Reddy,Average
INSP02282,30/10/2025,SCH0168,True,True,haan,False,Functional,Yug Sur,Average
INSP00290,12-28-2025,S0416,,True,,1,True,Warjas Vala,
INSP01092,23/12/2025,SCH0532,Yes,True,True,False,Y,Balendra Warrior,Needs repair
INSP01420,2025-05-01,sch0040,False,Y,haan,True,,Darsh Nori,Needs repair
INSP00451,2025-07-15,0490,True,True,N,Nahi hai,na,Qushi Tella,Average
INSP02443,02-23-2026,sch0473,1,,True,Yes,,Chavvi Pradhan,
INSP00808,02.07.2025,SCH0493,Working,Nahi,False,haan,,Azaan Basak,
INSP00464,30-Jun-2025,SCH0227,True,1,Hai,Available,Nahi,Bhavya Doshi,Average
INSP02529,2025-07-19,SCH0041,Yes,Available,No,True,1,Advik Raja,Needs repair
INSP02699,12-03-2025,SCH-0482,Haan,True,False,True,False,,
INSP00568,31.03.2026,0043,1,H,False,False,Nahi,Edhitha Srivastava,Needs repair
INSP01611,11/06/2025,SCH0493,True,Available,True,H,True,Zehaan Virk,Needs repair
INSP00077,2025-08-18,SCH0186,No,Not Available,H,True,False,Aachal Chandra,Good condition
INSP00332,20-Aug-2025,SCH-0450,1,True,True,True,haan,Fiyaz Chanda,Average
INSP00612,2026/03/17,SCH0327,True,True,Hai,0,,Geetika Raman,
INSP01074,10/12/2025,S0265,Nahi hai,Available,Haan,H,Kharab,Tanvi Wagle,Toilets locked
INSP00145,22/11/2025,sch_0215,No,True,True,True,Kharab,Yachana Mangat,Toilets locked
INSP00786,13/02/2026,SCH0313,na,False,Not Available,True,True,Zarna Bhargava,No remarks
INSP00046,14-Nov-2025,S0280,True,H,True,Y,No,Naksh Ray,Good condition
INSP02908,12-Jun-2025,SCH0248,True,True,Nahi hai,True,False,Bhavani Gaba,Toilets locked
INSP00344,01-06-2026,SCH-0451,Y,1,1,Working,True,Ganga Korpal,Toilets locked
INSP02171,2025-11-27,S0171,True,True,False,False,False,Anirudh Muni,Good condition
INSP01560,06.09.2025,0554,True,True,True,False,No,,Needs repair
INSP00545,02-Jun-2025,SCH-0302,False,H,True,True,True,Ishanvi Wason,Needs repair
INSP01024,11/08/2025,SCH0428,True,Y,Hai,True,Y,Rehaan Ahluwalia,No remarks
INSP00153,15.10.2025,sch0540,True,H,Y,Yes,True,Geetika Kulkarni,
INSP01981,2025/05/03,sch_0499,True,1,True,0,False,,Toilets locked
INSP01323,2025-09-07,SCH0264,Haan,Functional,H,Yes,False,Triya Dutta,No remarks
INSP01019,06-06-2025,sch_0303,Available,True,True,haan,Under Repair,Vedant Hayer,No remarks
INSP02182,2026-01-29,SCH0248,Haan,Working,True,False,True,Krisha Mital,Good condition
INSP00001,2025-09-22,0087,True,True,True,haan,,Ira Ranganathan,Good condition
INSP01463,2025-06-28,S0247,Nahi,Working,0,True,True,Alexander Garde,Needs repair
INSP00622,2025/10/05,sch_0089,False,True,True,False,False,Girish Batta,Average
INSP00409,17.04.2025,sch_0069,H,True,True,Nahi,Working,Vaishnavi Sarkar,No remarks
INSP02837,06-04-2025,sch0424,False,Under Repair,Nahi,False,Under Repair,Gabriel Biswas,Average
INSP01967,30/08/2025,SCH0105,True,na,Y,False,False,Yoshita Sridhar,Toilets locked
INSP02845,11-29-2025,SCH0341,True,True,True,True,True,Parth Bawa,Average
INSP01622,2026-03-15,SCH0546,True,True,False,Nahi,Y,Chaman Dubey,
INSP01367,2025/12/21,sch0078,True,Functional,Hai,True,Hai,Suhani Viswanathan,Good condition
INSP00888,21/08/2025,sch_0179,No,Nahi hai,True,,na,Niharika Subramaniam,
INSP01845,05-20-2025,SCH-0105,True,Working,True,True,Under Repair,Wridesh Patil,
INSP00033,2025/06/24,SCH-0323,Working,True,True,Yes,1,Urvi Dani,
INSP00212,22/05/2025,SCH0080,Working,True,Available,False,False,Daksh Vora,Good condition
INSP02551,2025/12/20,sch_0186,True,True,Working,1,Kharab,David Cheema,Toilets locked
INSP00015,2025-04-05,SCH0124,True,True,False,H,Y,Yashoda Jani,Average
INSP00094,28-Oct-2025,SCH0234,Y,na,True,No,True,Ekapad Rattan,Needs repair
INSP01256,30.08.2025,SCH0037,H,True,True,haan,True,Manya Mody,No remarks
INSP01398,2025-11-05,sch_0517,1,haan,haan,Nahi,False,Wahab Patil,Toilets locked
INSP02819,2025-11-10,SCH-0116,True,True,False,,Hai,,Good condition
INSP00355,03/02/2026,SCH0410,True,Y,,True,False,Yoshita Nazareth,Average
INSP00150,30/12/2025,SCH0428,True,False,False,No,True,Christopher Dutt,Good condition
INSP00255,05-May-2025,sch_0540,True,True,na,True,Available,Jai Varughese,Average
INSP02030,04/04/2025,sch0010,True,True,False,True,False,,
INSP00599,13.04.2025,S0292,True,Y,na,True,No,Bakhshi Shan,
INSP00185,30/05/2025,S0041,False,True,Y,False,False,Osha Iyengar,No remarks
INSP00579,2025/06/07,sch0345,0,Yes,Under Repair,False,False,,Average
INSP01091,12-09-2025,S0447,H,Y,True,True,True,,
INSP01174,25-Nov-2025,sch_0340,1,1,True,Yes,False,Maanav Rau,Needs repair
INSP02252,04-12-2025,SCH0476,True,1,Working,No,Nahi,Anita Kannan,
INSP00472,2025-08-26,SCH-0242,Available,True,Haan,False,Available,Janya Lalla,Average
INSP01966,2026-03-13,0281,Y,Y,False,False,True,Vihaan Varma,Good condition
INSP01964,21/06/2025,SCH0598,H,True,H,Available,False,Jeevika Pandit,Average
INSP01303,17/03/2026,sch_0359,True,Yes,,True,0,Vihaan Bora,Good condition
INSP02998,20-Mar-2026,SCH0117,haan,1,,True,0,Arya Shenoy,Toilets locked
INSP00258,07.06.2025,SCH-0067,False,True,H,Y,Nahi hai,Unnati Iyengar,Toilets locked
INSP01802,02-28-2026,sch_0364,False,1,True,True,N,Aishani Dhillon,Needs repair
INSP00933,02-Jul-2025,SCH0176,0,True,Y,True,Hai,Yashasvi Sethi,No remarks
INSP01685,20/11/2025,SCH0505,Available,Y,Nahi hai,Nahi hai,False,Ayushman Chand,Average
INSP00719,12/06/2025,SCH0533,True,haan,True,Haan,Haan,Harinakshi Boase,
INSP00597,06/02/2026,0014,N,True,False,True,No,Rohan Rau,No remarks
INSP00611,2025-09-01,S0432,haan,1,1,Functional,Hai,Nachiket Purohit,No remarks
INSP00756,24/10/2025,sch0489,,haan,Functional,False,False,Suhani Baral,Toilets locked
INSP02326,08-14-2025,SCH0196,Working,haan,1,True,Haan,Wazir Varty,Good condition
INSP01507,2025/09/28,sch0177,False,,True,False,Yes,Chanchal Parmer,
INSP02488,12-13-2025,SCH-0209,True,na,True,True,False,Urvi Datta,Toilets locked
INSP01887,16-Jul-2025,0019,True,Working,True,True,Under Repair,Balvan Vohra,
INSP01339,11-Apr-2025,sch0428,0,True,False,1,H,,Good condition
INSP02612,2025-09-08,SCH0400,,Working,haan,N,False,Wahab Thakkar,No remarks
INSP00175,18/04/2025,sch_0427,1,Hai,Working,N,Not Available,Abdul Ratti,Average
INSP01392,10-Jul-2025,S0428,1,H,True,True,1,Yug Pradhan,Needs repair
INSP02249,17/03/2026,SCH0026,haan,True,True,True,Under Repair,Tanmayi Goel,
INSP00121,2025/09/08,SCH0480,True,H,haan,H,True,Ekanta Ramesh,No remarks
INSP02893,09/01/2026,sch_0257,True,1,Hai,Y,True,Maya Cheema,Toilets locked
INSP00529,2026-03-25,sch0080,Haan,Working,haan,,True,Jacob Buch,Needs repair
INSP02568,2026-01-24,sch_0356,True,True,False,True,True,Mahika Swaminathan,
INSP00904,2026-02-13,S0380,,H,1,,False,Sai Vasa,Toilets locked
INSP01091,12-09-2025,S0447,H,Y,True,True,True,,
INSP02916,2026-03-19,sch_0327,True,1,Nahi,False,True,Aditya Korpal,Needs repair
INSP00440,10-15-2025,SCH-0026,haan,True,1,True,True,Ronith Desai,Toilets locked
INSP01379,06/04/2025,sch_0026,True,H,Yes,1,,Samar Sandal,Average
INSP02773,27-Aug-2025,SCH0124,True,True,True,Available,True,Pratyush Parsa,Good condition
INSP02145,07-12-2025,SCH0522,Yes,,False,haan,H,Hemal Contractor,Good condition
INSP00189,12/10/2025,SCH-0311,True,1,True,haan,Working,Ishanvi Mangal,Average
INSP01951,13.08.2025,SCH-0202,Haan,Y,0,haan,True,,Average
INSP01265,12/01/2026,SCH-0122,Y,Y,True,na,N,Maanas Murty,Toilets locked
INSP02351,20-Apr-2025,SCH0204,True,False,Y,False,Nahi hai,Leena Wason,
INSP01115,2025/04/09,sch_0269,,False,na,True,H,Darsh Krishna,No remarks
INSP00271,01-12-2026,SCH0240,haan,H,Yes,True,False,Timothy Ghosh,Toilets locked
INSP00001,2025-09-22,0087,True,True,True,haan,,Ira Ranganathan,Good condition
INSP00252,04/10/2025,SCH0111,Y,True,haan,1,False,Mohini Soni,
INSP00369,03-27-2026,0347,Nahi,True,Nahi hai,Yes,Haan,Geetika Mishra,Toilets locked
INSP00388,2025-06-27,sch_0573,Available,True,H,Nahi hai,Functional,Ishaan Chandran,Average
INSP00292,25.11.2025,0371,True,True,True,False,1,Chasmum Ganguly,No remarks
INSP01422,09.01.2026,sch0024,True,True,,haan,Nahi,George Rai,Good condition
INSP00810,25/10/2025,sch_0511,Nahi hai,True,True,False,False,Ira Lall,
INSP01953,2025/06/06,SCH0033,Kharab,,na,Nahi hai,True,Ria Ray,No remarks
INSP02483,2025-06-27,SCH0237,,H,1,True,True,Bhanumati Balay,Needs repair
INSP00247,2025/12/19,sch0255,No,True,False,True,False,,Needs repair
INSP01238,2025/05/20,SCH0211,1,Y,na,True,Yes,Finn Oommen,No remarks
INSP02432,2025-08-05,S0406,True,,Haan,Under Repair,True,Lekha Khanna,Average
INSP01150,09-Oct-2025,SCH0432,na,True,True,False,Nahi,Abhimanyu Gopal,Needs repair
INSP02168,03/09/2025,S0592,Not Available,1,H,True,Not Available,Isha Nazareth,
INSP00977,28.08.2025,0305,1,Yes,True,Working,N,Samar Modi,Good condition
INSP02500,09-14-2025,SCH0294,Y,Haan,1,True,,,Needs repair
INSP00719,12/06/2025,SCH0533,True,haan,True,Haan,Haan,Harinakshi Boase,
INSP02165,31-Oct-2025,SCH0541,True,True,haan,Hai,True,Vansha Mand,Toilets locked
INSP00444,04-Feb-2026,SCH0458,Hai,True,Working,True,haan,Abha Om,Toilets locked
INSP02806,12/10/2025,0599,Hai,True,False,False,True,Abhiram Karnik,Needs repair
INSP00565,21-Jul-2025,S0573,True,Nahi hai,True,Yes,False,Lohit Palan,Good condition
INSP02093,29-Oct-2025,S0375,Yes,Yes,True,Working,True,Rudra Master,Toilets locked
INSP00677,11-04-2025,SCH0143,0,True,Y,True,False,Turvi Agarwal,Needs repair
INSP00880,2025-07-08,SCH0590,Working,Y,True,,False,,Toilets locked
INSP02660,07/03/2026,sch0552,True,Y,False,True,na,Nidra Bhatt,No remarks
INSP01860,08-17-2025,SCH0576,True,True,Available,H,Nahi hai,Onveer Kalla,Toilets locked
INSP02795,15.12.2025,SCH0260,True,True,True,1,N,Arin Seshadri,Average
INSP00176,2025/11/13,SCH0556,1,True,Hai,False,False,Tanay Master,Toilets locked
INSP00556,16-Jun-2025,sch0479,na,True,Haan,False,Broken,Banjeet Garde,Toilets locked
INSP02222,19.11.2025,SCH-0140,Functional,True,True,,,Tanvi Gupta,Average
INSP01557,23/04/2025,S0097,N,True,True,Y,Yes,Vidhi Dora,Good condition
INSP02959,24/02/2026,SCH0062,False,H,True,Available,0,Zinal Halder,No remarks
INSP02293,2026-03-07,0237,False,haan,Haan,Broken,0,Janani Varkey,No remarks
INSP01809,19-Dec-2025,S0294,Available,Haan,,Nahi hai,haan,Nathaniel Mani,Needs repair
INSP00868,2025-04-09,sch_0321,Working,0,True,N,Kharab,,Good condition
INSP02119,2025-04-30,sch_0022,True,True,True,True,Haan,Dalbir Tandon,Good condition
INSP00450,2025-12-28,SCH0066,Nahi,Hai,Haan,Nahi hai,True,,Toilets locked
INSP01135,2025/10/20,SCH-0317,Haan,False,False,na,False,Advik Peri,Needs repair
INSP01851,02-28-2026,SCH0294,True,True,True,True,True,Keya Dua,
INSP00582,27.12.2025,S0312,False,H,False,,False,Lekha Mammen,
INSP02491,2026-01-27,SCH0066,False,Hai,Haan,Broken,True,Eta Lalla,Average
INSP02051,22.10.2025,SCH0072,Functional,H,Y,Available,Yes,Thomas Dhar,Good condition
INSP02664,06-13-2025,sch0199,No,True,False,,Nahi hai,Bakhshi Koshy,No remarks
INSP01426,2026-01-18,SCH-0067,True,1,1,True,True,Urvi Chandra,Average
INSP02172,05-25-2025,SCH-0172,False,Functional,haan,Yes,Hai,Upadhriti Singhal,No remarks
INSP00765,26/04/2025,SCH0333,na,True,False,Nahi,na,Maanas Gupta,
INSP02549,04-10-2025,SCH0193,True,Yes,True,Nahi hai,False,Advik Morar,Good condition
INSP00508,2026/03/14,SCH0042,Hai,True,False,True,True,,Good condition
INSP01946,13/11/2025,SCH0282,haan,Yes,Hai,False,True,Yug Sachdeva,Average
INSP00267,2025-12-26,SCH0482,True,True,Functional,False,False,Manthan Maharaj,Needs repair
INSP00197,2026-01-14,SCH0416,H,False,,Functional,True,Rajata Sarraf,Average
INSP02941,04-18-2025,SCH0198,Available,,True,False,False,Jalsa Dhar,Average
INSP00089,2025-06-14,SCH0256,H,True,False,No,True,Thomas Kar,No remarks
INSP02884,12/06/2025,SCH0265,haan,True,True,False,Y,Nitara Chandra,Needs repair
INSP01318,06.06.2025,S0350,Y,True,True,True,False,,Good condition
INSP02826,13.04.2025,SCH0414,Functional,True,True,True,True,Warinder Palan,Good condition
INSP00679,2025/07/25,SCH0278,True,1,Nahi,True,No,Wishi Hayre,No remarks
INSP00913,2025/05/03,S0592,Under Repair,Yes,haan,haan,False,Aarini Korpal,Toilets locked
INSP00728,2026/03/30,SCH-0033,H,True,True,True,True,Ridhi Gour,No remarks
INSP00411,23/01/2026,SCH0049,True,Working,True,True,False,Harita Bala,Needs repair
INSP00991,22.01.2026,SCH0546,1,True,True,Yes,False,Keya Sampath,Good condition
INSP00583,25/06/2025,sch0152,False,N,Y,True,False,,Needs repair
INSP02724,2025-12-23,sch0574,haan,Y,True,,False,Urvi D’Alia,
INSP00026,09-25-2025,0114,,True,True,Y,1,,Needs repair
INSP02359,08-03-2025,sch0388,,True,True,True,Not Available,Eshana Devan,
INSP02709,11.12.2025,sch_0525,Available,1,True,Yes,,,No remarks
INSP01948,2025/11/04,S0221,True,Functional,Yes,1,1,Wahab Nadig,Toilets locked
INSP02015,22/08/2025,SCH0162,True,True,haan,Nahi hai,False,Isaac Verma,Toilets locked
INSP02164,23-Jan-2026,SCH0093,True,Working,True,False,No,Chameli Ravel,No remarks
INSP01840,12.03.2026,S0388,True,,True,na,Under Repair,Laksh Puri,Toilets locked
INSP00322,25-Aug-2025,SCH-0408,True,Nahi,Y,False,True,Harrison Sharaf,Toilets locked
INSP01427,25.04.2025,SCH-0474,True,True,H,True,False,Siddharth Rajagopalan,Average
INSP02426,2025/07/14,SCH-0567,True,False,True,Available,Y,Jack Thaker,Average
INSP01610,30.08.2025,SCH-0406,True,Nahi hai,,Y,No,Abhiram Kapadia,
INSP00424,2025/10/22,S0072,True,H,True,Hai,na,Jonathan Murty,Needs repair
INSP01413,09-May-2025,S0543,True,True,1,False,1,Jairaj Buch,
INSP00068,08/05/2025,SCH0361,True,Working,True,False,True,Wahab Vala,
INSP02294,07-Mar-2026,S0319,True,True,Hai,True,False,Yashica Chatterjee,Toilets locked
INSP01619,09-13-2025,SCH0001,N,1,,Nahi hai,False,Devika Walia,Toilets locked
INSP02607,17.01.2026,sch_0046,True,False,,True,False,Yuvraj Dey,Average
INSP00032,2025/05/28,SCH0556,Yes,1,haan,True,Functional,Sai Rana,Good condition
INSP02679,2025-12-05,SCH0412,N,Functional,True,False,,Samesh Koshy,Good condition
INSP00528,2025-08-11,SCH0415,na,True,True,True,True,Ekavir Jayaraman,
INSP02288,12-12-2025,SCH0332,True,True,True,Nahi hai,Y,Geetika Chatterjee,Average
INSP00458,14-Jan-2026,SCH0311,Haan,True,True,Hai,No,Zansi Dhar,No remarks
INSP02659,02-12-2026,SCH0175,H,True,haan,Nahi,N,Michael Doctor,Average
INSP02902,19.04.2025,SCH0217,1,True,H,Y,True,Chasmum Sheth,
INSP02454,28-Jun-2025,SCH-0341,Y,True,1,Not Available,na,,No remarks
INSP02919,01-08-2026,SCH0463,Yes,haan,Y,True,True,Gaurika Acharya,Good condition
INSP00863,22/06/2025,SCH0195,Nahi,True,True,Yes,True,Caleb Thaman,Good condition
INSP02675,12-05-2025,SCH0065,True,Available,True,Under Repair,Working,Lavanya Chad,Needs repair
INSP00167,01-03-2026,sch_0002,H,True,Working,Yes,True,Ekapad Bandi,Average
INSP00125,09.08.2025,SCH0213,False,Y,True,haan,0,Yashica Dhar,Average
INSP02595,07-04-2025,sch_0201,True,Haan,True,Hai,False,,Good condition
INSP00683,02-Jun-2025,SCH-0075,False,True,haan,False,Nahi,Aarna Khalsa,Average
INSP02330,2025/07/18,SCH0296,False,Haan,True,False,True,Manya Vasa,Average
INSP00573,26-May-2025,SCH0521,False,Not Available,False,True,H,Hema Badal,Toilets locked
INSP01199,2025-12-16,SCH-0448,True,,True,True,False,Gaurav Ramaswamy,Toilets locked
INSP01090,03-05-2026,SCH0425,True,True,True,haan,,Sneha Bhalla,
INSP01360,13/07/2025,sch0168,Hai,1,H,True,Functional,Triya Dewan,Toilets locked
INSP02365,2025/07/03,SCH0260,True,haan,Yes,True,Working,Chanakya Manne,Good condition
INSP00507,09-Nov-2025,sch_0570,True,True,True,True,1,Anamika Parmar,Average
INSP01273,2025-12-23,SCH0191,True,True,True,True,H,Aachal Garg,Good condition
INSP02712,20/05/2025,sch0016,Available,False,True,Hai,True,Jacob Dani,Toilets locked
INSP02046,12.04.2025,sch_0228,Under Repair,No,1,True,Yes,Warda Mander,Needs repair
INSP01711,07-07-2025,SCH-0017,N,Y,1,H,True,Yamini Venkataraman,
INSP02871,25/05/2025,SCH-0126,Hai,H,True,na,False,Devansh Jaggi,Average
INSP02468,2025-08-07,SCH0528,Yes,Y,True,True,True,Arjun Dyal,Toilets locked
INSP00931,11.09.2025,S0040,True,True,True,True,Nahi hai,Chaitanya Palla,No remarks
INSP00177,27.01.2026,SCH0137,True,N,False,Nahi,,Shivani Dutt,Good condition
INSP00595,23/04/2025,SCH0586,Available,H,haan,True,True,Upadhriti Parmar,Good condition
INSP01564,2025/07/14,SCH0588,haan,True,True,Y,1,Patrick Pant,
INSP02031,10-03-2025,SCH0018,False,True,False,Broken,True,Madhav Dass,Needs repair
INSP02452,2025/12/26,sch_0043,Hai,Available,Hai,True,False,Ikbal Viswanathan,
INSP01002,27.10.2025,SCH0208,True,Y,True,True,Under Repair,Harsh Jani,Toilets locked
INSP01232,2025/04/24,SCH-0471,Nahi hai,Hai,True,,Haan,David Sant,Average
INSP00802,06-17-2025,sch_0517,True,False,True,Nahi hai,True,Advay Dugal,No remarks
INSP00434,2026-02-22,S0535,True,H,H,False,True,Nicholas Guha,No remarks
INSP00081,09-06-2025,sch0314,Haan,False,True,Haan,False,Kamya Sandhu,Good condition
INSP02263,16/06/2025,S0494,Kharab,Yes,,Functional,False,Krishna Dash,Average
INSP01197,2026/01/10,sch_0073,True,True,,False,False,Zaid Ram,Toilets locked
INSP02094,04/06/2025,sch_0431,H,Working,haan,Haan,Nahi,Urvashi Mane,No remarks
INSP00417,25.10.2025,SCH0200,1,True,na,Nahi hai,True,Pranit Luthra,Toilets locked
INSP02957,2025-09-24,SCH0212,True,True,True,True,True,Jalsa Choudhry,No remarks
INSP00496,23-Jan-2026,SCH-0380,Yes,Haan,False,N,Hai,Sanya Bava,Toilets locked
INSP01628,2025/09/25,sch0044,True,True,haan,H,N,Karan D’Alia,Good condition
INSP00938,11-Jun-2025,S0053,Hai,True,Haan,No,False,Advika Garde,Toilets locked
INSP02885,24-Aug-2025,SCH0225,Yes,Yes,True,Working,Working,Ranbir Rajagopalan,Average
INSP00371,28/09/2025,sch0214,No,True,True,True,False,Samarth Patla,Needs repair
INSP01548,2025-06-20,SCH0224,True,N,True,haan,Kharab,Fitan Upadhyay,Toilets locked
INSP01695,2025-05-25,sch0577,False,Available,Yes,,False,Chaaya Boase,Good condition
INSP01941,2025-06-30,SCH0478,True,False,1,False,True,Vasatika Jayaraman,Toilets locked
INSP01787,03.04.2025,sch0258,haan,True,Nahi,True,Not Available,Jagat Sachar,Average
INSP01927,2026-02-09,SCH0053,Yes,na,True,True,Haan,Vinaya Pau,Needs repair
INSP01573,2025-05-22,sch0553,True,0,Available,Working,True,Chatresh Devi,Toilets locked
INSP02196,2025-04-08,SCH0194,False,1,na,True,No,Tejas Subramaniam,
INSP00839,15.11.2025,SCH0552,True,Nahi hai,True,H,False,Banjeet Nigam,Toilets locked
INSP01243,04/02/2026,SCH0269,True,True,Functional,1,N,Hardik Anne,Good condition
INSP01865,2025-06-30,SCH0387,,Functional,False,H,True,Panini Raja,Average
INSP00142,25-Sep-2025,SCH0510,Under Repair,False,True,True,Nahi,Mugdha Dugal,Average
INSP01207,11-01-2025,sch0036,Haan,,Nahi,True,Y,Yauvani Karan,No remarks
INSP01728,06.11.2025,S0252,0,True,True,,Nahi,Wriddhish Rege,
INSP01481,04/04/2025,SCH-0032,1,Nahi hai,,,True,Raksha Rajagopal,
INSP01937,21-May-2025,SCH0523,True,,Hai,True,Nahi,Agastya Patla,Average
INSP01939,20-Dec-2025,SCH-0241,False,Y,H,True,True,Sathvik Agate,Toilets locked
INSP00533,2026/01/08,SCH0135,Haan,False,haan,Hai,True,Harita Mukherjee,Needs repair
INSP02895,2025-12-01,SCH0104,True,haan,Yes,Working,False,Hardik Bir,Good condition
INSP02245,09-Oct-2025,sch_0253,True,True,Nahi hai,True,Nahi hai,Omkaar Kothari,No remarks
INSP00655,13/01/2026,sch_0121,True,True,Y,True,1,Yatin Mann,No remarks
INSP02413,12/05/2025,SCH0157,haan,,haan,False,False,Aishani Bumb,No remarks
INSP00412,2025-04-02,sch_0426,Y,True,Not Available,True,False,Anirudh Ganesh,Needs repair
INSP00901,10/12/2025,0096,haan,True,No,Hai,Available,Neel Roy,
INSP00178,24/10/2025,sch0112,Working,Broken,0,False,,Inaya Batta,Needs repair
INSP00928,07/03/2026,SCH0085,Kharab,H,True,Not Available,True,Yashoda Halder,No remarks
INSP02887,2025-10-16,SCH0295,True,True,True,False,True,Gabriel Doctor,Average
INSP02535,22.02.2026,sch_0228,True,True,True,Hai,False,Zansi Varty,Toilets locked
INSP01821,12/12/2025,SCH0457,Available,Nahi hai,True,,Working,Darpan Dara,Toilets locked
INSP01000,20/10/2025,SCH-0210,Y,True,True,,False,Jasmit Bora,Toilets locked
INSP02345,21-Dec-2025,sch_0007,True,Hai,True,Yes,Y,Jagvi Borde,Good condition
INSP00480,2025-04-08,S0216,False,False,True,N,No,Damini Jha,Good condition
INSP00184,13/06/2025,SCH0332,Nahi,Hai,1,True,False,Ekbal Ranganathan,Toilets locked
INSP00696,27/06/2025,SCH0441,False,Hai,True,Y,True,Krishna Kale,Average
INSP01158,11/04/2025,sch_0489,True,Working,haan,,Kharab,Neel Dutta,Toilets locked
INSP00671,07-25-2025,SCH-0350,False,,True,Functional,False,Veda Korpal,Needs repair
INSP00606,13-Jul-2025,sch_0261,No,Hai,Yes,Nahi,,Mekhala Verma,
INSP02272,07-28-2025,sch_0277,Functional,Haan,H,True,Nahi hai,Janaki Shetty,No remarks
INSP01799,25/04/2025,SCH0421,1,True,Hai,Under Repair,True,Warda Kade,No remarks
INSP00760,21.09.2025,sch_0181,Under Repair,1,True,H,Under Repair,Kashvi Chander,Good condition
INSP02875,06-03-2025,SCH0239,Available,haan,True,False,Nahi hai,Arya Dey,Good condition
INSP00686,12.12.2025,SCH-0268,True,True,,True,True,Chanakya Raval,Needs repair
INSP00487,2026-03-19,SCH0291,Working,Hai,Yes,1,True,Aarini Joshi,Average
INSP01579,07-08-2025,SCH-0142,True,Working,Haan,H,No,Omaja Bhasin,Needs repair
INSP00394,2025-10-05,sch0114,1,True,True,True,True,Dhruv Jain,Needs repair
INSP01152,27/05/2025,SCH-0430,True,True,Under Repair,No,True,Laban Doshi,
INSP02029,28/02/2026,SCH0463,Yes,haan,True,True,False,,Needs repair
INSP02862,30/09/2025,sch_0350,True,Yes,Haan,,Y,Reyansh Uppal,Good condition
INSP00163,2025/10/09,0005,False,True,True,N,False,Anvi Sani,Average
INSP01223,06-15-2025,sch_0325,haan,True,1,True,False,Girik Tella,Good condition
INSP01916,10-03-2025,SCH0302,N,Yes,False,True,False,Balveer Bhatt,Toilets locked
INSP01049,05-Sep-2025,sch_0416,Hai,H,Functional,True,haan,Leela Gera,Average
INSP00431,2025-08-30,SCH-0582,Available,True,False,True,True,Chakradev Contractor,No remarks
INSP01104,2025/10/12,SCH-0386,Yes,Working,Nahi hai,na,Broken,Utkarsh Sarin,Good condition
INSP00439,09-05-2025,0279,Available,True,Y,True,True,Rachana Aggarwal,No remarks
INSP01884,2025-09-05,sch0133,False,Hai,True,haan,False,Aarini Sandal,No remarks
INSP01226,2026-01-30,SCH0070,Under Repair,1,True,Hai,False,Neha Yadav,Average
INSP02032,10-13-2025,SCH0497,True,True,True,True,Nahi hai,Yoshita Konda,
INSP01037,11-13-2025,sch_0322,Working,H,1,H,Haan,Krish Divan,Average
INSP01076,2025-10-02,SCH-0024,Nahi hai,True,True,True,1,,No remarks
INSP01749,05/02/2026,SCH-0301,H,,False,True,,,Toilets locked
INSP00031,06/06/2025,SCH0159,Haan,Yes,na,na,True,Noah Misra,Average
INSP02021,05/06/2025,SCH0019,True,True,na,True,False,Faras Behl,Needs repair
INSP02103,2025-08-18,0526,True,True,1,H,False,,
INSP00963,2025-10-18,S0375,1,True,,False,Not Available,Tanvi Seth,
INSP02285,2026/01/27,SCH0593,True,H,haan,na,1,Saumya Suri,
INSP00174,15.12.2025,SCH0093,True,True,H,True,Nahi,Vedika Chacko,Toilets locked
INSP02213,2025/12/15,0411,False,False,1,Nahi,Not Available,Gaurika Bail,Good condition
INSP00297,2026-01-26,SCH0018,True,Available,Working,False,1,Ayush Anne,No remarks
INSP00326,2026-02-10,sch_0180,True,Functional,False,True,1,Daksha Gole,No remarks
INSP01290,10-11-2025,SCH-0102,1,Hai,H,True,Broken,Nikita Baria,No remarks
INSP00507,09-Nov-2025,sch_0570,True,True,True,True,1,Anamika Parmar,Average
INSP00280,2025/06/29,SCH0138,N,Haan,Haan,False,No,Triya Chaudhuri,No remarks
INSP02655,2026-02-20,SCH-0117,Hai,haan,Nahi hai,Nahi,False,Aarav Mannan,
INSP02414,08-Aug-2025,SCH0417,Y,True,haan,No,Y,Mason Kara,Average
INSP01984,14.09.2025,SCH0383,Kharab,True,True,False,False,Aditya Kar,Needs repair
INSP00813,2025/10/28,SCH0506,Y,True,haan,Hai,False,Gautam Divan,Average
INSP01217,25.04.2025,SCH0455,False,True,Haan,Nahi hai,Hai,Upasna Rao,No remarks
INSP02617,2025-05-15,sch0155,haan,N,True,False,False,Kabir Borde,Good condition
INSP00701,11/09/2025,SCH0078,False,haan,True,True,True,Benjamin Jani,No remarks
INSP00558,21-Aug-2025,sch0236,False,Nahi hai,Haan,False,Functional,Baljiwan Yohannan,No remarks
INSP01899,21-Sep-2025,sch0184,True,Hai,True,True,False,Mitali Singh,No remarks
INSP02518,2025/09/30,SCH-0344,True,True,Yes,False,True,Zayyan Varughese,Needs repair
INSP01512,2025/11/30,SCH-0487,Available,Haan,True,True,,Yashawini Seth,Good condition
INSP00074,18.07.2025,SCH0365,True,,1,True,Functional,Raagini Krish,Average
INSP02255,2025/10/18,SCH0270,Working,True,Haan,1,No,Lavanya Subramanian,Toilets locked
INSP00049,07.05.2025,SCH-0083,Hai,True,H,Available,haan,Brijesh Mallick,Good condition
INSP00603,20-Mar-2026,sch0058,True,False,True,False,True,Zinal Kant,No remarks
INSP00681,28.01.2026,SCH-0239,True,haan,Broken,True,False,Vinaya Dayal,No remarks
INSP01452,11-24-2025,SCH-0218,True,H,True,False,Available,Gopal Sridhar,No remarks
INSP01903,24.09.2025,SCH0056,True,True,Functional,False,Hai,Aarini Kapadia,Average
INSP02406,16.01.2026,SCH-0269,,Working,0,Y,False,Fariq Garg,
INSP01445,11/06/2025,sch_0177,Y,Functional,haan,False,Y,Shravya Srinivas,No remarks
INSP02878,23.12.2025,sch0317,True,haan,na,Functional,False,Darpan Bala,Toilets locked
INSP01578,20/09/2025,SCH-0524,Kharab,True,True,False,H,Zaid Brar,Good condition
INSP00403,20/04/2025,sch_0590,1,,haan,True,True,Orinder Sarna,Needs repair
INSP01746,2026-02-06,SCH0303,True,na,True,False,False,Tarak Rattan,Needs repair
INSP02755,09-Apr-2025,SCH0029,True,True,haan,Available,True,,Needs repair
INSP01555,2026-02-15,SCH0078,False,Y,True,Kharab,Kharab,Avi Om,Good condition
INSP02738,09.12.2025,sch0201,1,,True,False,False,Chavvi Datta,Good condition
INSP01212,2025-10-04,SCH0380,1,haan,False,True,N,Ayushman Saxena,Toilets locked
INSP02561,2025/07/22,SCH0571,False,True,1,Working,Nahi,Mekhala Goyal,Average
INSP02270,2026/01/19,SCH0268,True,,No,Kharab,Available,Indali Peri,Good condition
INSP02237,30.12.2025,sch0357,True,True,Not Available,Working,Yes,Warda Nair,Average
INSP01513,12.01.2026,SCH0467,H,Y,No,Haan,False,Hemang Krishnamurthy,Average
INSP02356,12/07/2025,S0030,haan,Hai,Working,True,True,Ishani Doctor,Needs repair
INSP01875,2025-12-02,SCH0556,True,Haan,,haan,No,Urvi Loyal,No remarks
INSP01012,04.11.2025,SCH0185,Y,True,True,Functional,True,Neha Doctor,Average
INSP01072,04/03/2026,sch_0258,True,True,False,Hai,Nahi,Daksh Sarma,
INSP00680,2025-12-18,SCH-0443,False,1,na,False,False,Ethan Kurian,Good condition
INSP01712,2025-06-30,SCH0563,False,,True,Hai,0,Lucky Wadhwa,Average
INSP00325,03.07.2025,SCH0447,Yes,False,Hai,Nahi hai,Functional,Krishna Saxena,Toilets locked
INSP00820,16.01.2026,SCH0307,True,True,1,False,False,Rachita Wable,Average
INSP01489,2025-11-01,sch_0055,True,False,True,True,Nahi,Samarth Hayre,
INSP01812,2026/01/29,SCH0434,Y,True,True,False,Y,Arya Dara,Good condition
INSP00811,29.10.2025,SCH0585,False,0,Kharab,Haan,True,Chasmum Vyas,
INSP01973,28.11.2025,sch_0396,Functional,Nahi,H,True,Yes,Sathvik Acharya,
INSP02840,2025/04/18,SCH0232,True,True,True,False,True,,Needs repair
INSP02212,2026/03/29,SCH0046,1,True,True,Haan,Under Repair,Ekantika Manne,No remarks
INSP01129,2025-11-16,SCH0032,Yes,False,True,False,Available,Harish Vohra,Needs repair
INSP00502,06.07.2025,SCH-0297,haan,Haan,haan,False,Working,,
INSP02642,13-Aug-2025,sch0003,H,,Yes,False,False,Bhavini Wagle,Toilets locked
INSP02125,08-Nov-2025,SCH0076,True,Available,True,True,Hai,Guneet Wali,No remarks
INSP02828,2025/07/05,SCH-0126,False,False,Haan,False,False,Elijah Sen,Average
INSP00240,2025-11-07,S0029,Working,False,True,Y,haan,Vanya Sem,No remarks
INSP00762,2025-05-16,SCH0543,Nahi hai,Functional,Hai,No,na,,Good condition
INSP01717,2025/12/15,SCH0390,False,True,True,Under Repair,1,Chandran Kapadia,Good condition
INSP01229,03.08.2025,SCH0125,Available,Hai,,False,Yes,Prisha Bhat,Average
INSP01473,16-Oct-2025,sch0221,True,True,True,Working,True,Arunima Thakkar,Average
INSP00953,2025/10/27,SCH0133,True,True,True,False,True,Oeshi Bhatia,No remarks
INSP01262,22/07/2025,sch0195,Hai,Y,False,Hai,Haan,Joshua Sastry,Toilets locked
INSP02307,22/03/2026,SCH0141,Y,False,Available,N,True,Maya Behl,Average
INSP01654,2025-04-11,SCH0554,,True,na,True,na,Praneel Jani,Average
INSP01045,15-Feb-2026,sch_0366,False,haan,False,True,True,Ekta Goel,Average
INSP01478,16-Jan-2026,SCH-0502,False,Haan,Working,,Under Repair,Abha Memon,No remarks
INSP00512,2026/03/02,S0467,,No,False,Working,Working,Udyati Koshy,
INSP01361,26-Mar-2026,SCH0572,Hai,True,False,H,False,Bhavani Prabhakar,Needs repair
INSP02141,15-Oct-2025,SCH0513,False,True,1,True,haan,Ekaja Bal,No remarks
INSP00841,03-08-2026,0044,Working,True,Haan,Working,False,,
INSP02176,22.02.2026,0155,True,Available,1,1,False,Netra Sule,No remarks
INSP01831,12-10-2025,S0181,,Yes,True,True,False,Vrinda Comar,Good condition
INSP02769,2025-11-21,SCH0018,1,False,True,False,False,Qarin Dhingra,
INSP00638,2025-09-23,SCH-0120,1,Haan,haan,True,True,Tanvi Gaba,Good condition
INSP01950,2025-09-29,SCH0080,True,False,No,na,True,Zinal Buch,
INSP02954,2025/04/07,SCH0065,Yes,1,1,True,Working,Nisha Manda,Needs repair
INSP01722,07-Feb-2026,SCH0268,True,True,True,True,True,Ridhi Ahuja,Good condition
INSP00600,2025/05/26,sch_0008,False,True,True,True,1,Zayyan Om,No remarks
INSP01475,12-21-2025,sch_0235,Available,Functional,,1,True,Anita Acharya,Good condition
INSP02135,03-17-2026,0131,True,na,Functional,Yes,Haan,Sneha Shanker,No remarks
INSP02602,11-11-2025,sch0514,Yes,False,True,No,,,
INSP00109,01/09/2025,SCH0002,Haan,True,True,True,False,Sai Sarma,Good condition
INSP02401,02/07/2025,SCH0117,Hai,False,Haan,False,Under Repair,,
INSP01583,2025-12-01,sch0590,Working,False,True,N,False,Guneet Pai,Average
INSP00319,2026-01-22,sch_0477,Under Repair,haan,True,Yes,Nahi hai,Ladli Buch,Good condition
INSP02983,2026-03-20,sch_0229,Haan,Working,True,na,0,,Good condition
INSP02725,23-Mar-2026,SCH0281,True,True,True,True,Working,,Needs repair
INSP01095,04-17-2025,sch0469,True,Haan,True,True,Y,Ronith Kakar,Needs repair
INSP01695,2025-05-25,sch0577,False,Available,Yes,,False,Chaaya Boase,Good condition
INSP00569,2025/06/15,sch_0449,No,True,N,0,False,Vasana Dugar,
INSP02687,2025/12/26,SCH0202,True,haan,True,False,Haan,Widisha Bhatti,Needs repair
INSP02298,27/11/2025,SCH0085,1,haan,Y,True,,Madhavi Talwar,Needs repair
INSP02872,2025/10/01,SCH0148,Y,True,True,True,True,Fiyaz Puri,No remarks
INSP01546,2025-06-29,SCH0052,Nahi,Haan,True,False,No,Hemang Dar,Needs repair
INSP02974,2026-02-19,0569,True,1,Y,haan,Not Available,Gunbir Khare,Good condition
INSP01925,06-Feb-2026,sch0393,True,Hai,False,Y,False,Gaurang Pandey,Toilets locked
INSP02692,04/06/2025,SCH0189,,True,Y,False,Haan,Watika Toor,Average
INSP02805,10-May-2025,SCH-0337,Hai,True,True,False,Kharab,,Good condition
INSP01469,2025-09-21,sch0230,Yes,True,True,True,True,Janya Baral,Average
INSP00057,30.06.2025,SCH0456,True,,N,Yes,No,Wriddhish Merchant,
INSP01789,21-Jan-2026,SCH0547,True,Y,True,Haan,True,Quincy Thaker,No remarks
INSP02275,27.03.2026,sch0474,True,Working,Y,Y,False,Zayan Vig,Toilets locked
INSP02131,2025-05-26,sch0354,Available,H,Hai,False,Nahi hai,Charles Prashad,
INSP02197,2025/08/02,S0131,,haan,Haan,haan,False,Dhriti Kanda,Needs repair
INSP00469,19/05/2025,S0416,True,True,N,False,H,Isha Solanki,Average
INSP01886,17.02.2026,SCH-0564,Yes,Yes,Y,0,True,Vinaya Nagar,No remarks
INSP00941,24.10.2025,0310,Y,Haan,Yes,na,False,Girik Butala,
INSP00536,24/06/2025,SCH0141,1,True,True,False,True,Omisha Sankaran,Toilets locked
INSP01428,01-21-2026,SCH-0140,Yes,True,H,True,True,Kavya Lall,Average
INSP00555,08-16-2025,SCH0197,True,Functional,Nahi hai,na,Not Available,Yashodhara Mammen,Needs repair
INSP02621,2025-04-26,SCH0101,H,True,True,0,Nahi hai,Ekantika Oommen,Average
INSP02211,02-Jun-2025,SCH0566,True,True,Available,False,0,Rajeshri Mohan,Toilets locked
INSP02536,02-14-2026,0466,Working,True,False,,Nahi hai,Forum Sachdev,
INSP00692,04.10.2025,SCH0355,True,True,1,True,,Isaiah Bali,No remarks
INSP00070,15/02/2026,SCH0496,False,Haan,Yes,N,Y,Vasana Mahajan,Good condition
INSP02764,26.02.2026,sch_0433,,na,True,False,True,Omya Karan,Average
INSP01740,20/07/2025,sch0394,,H,True,False,na,Hema Khosla,
INSP00437,18/03/2026,S0438,True,,True,True,True,Jagat Sawhney,Good condition
INSP02122,08/12/2025,SCH0553,False,na,Working,Yes,0,Liam Tata,Needs repair
INSP00267,2025-12-26,SCH0482,True,True,Functional,False,False,Manthan Maharaj,Needs repair
INSP01004,2026/03/29,SCH-0145,Available,True,Haan,haan,1,Chatura Ben,Toilets locked
INSP01254,07-19-2025,sch_0379,True,1,H,,Available,Anmol Puri,Needs repair
INSP00566,04-04-2025,SCH-0304,Broken,Y,False,False,True,Isaiah Nayar,Needs repair
INSP00314,07-27-2025,sch0189,True,1,No,Working,True,,Good condition
INSP00234,24-Nov-2025,0340,Y,True,1,True,Nahi hai,,No remarks
INSP02381,2025/12/07,sch_0273,True,1,Y,,False,Samesh Bala,Good condition
INSP00735,08/06/2025,SCH0481,True,True,True,Y,No,Aryan Seth,
INSP01378,2025/04/10,SCH0030,True,Working,1,No,False,Mahika Sarkar,Needs repair
INSP00112,30.06.2025,sch_0399,True,H,Kharab,True,0,Anusha Kalita,Needs repair
INSP01345,05-Nov-2025,SCH0236,True,Y,True,Functional,Kharab,Ishita Deep,
INSP01506,2025-04-16,SCH-0055,Yes,False,True,H,False,Advika Ahuja,No remarks
INSP01053,04.04.2025,SCH0468,True,True,True,haan,False,Chameli Gour,
INSP02321,11-Jul-2025,SCH-0528,True,Hai,Kharab,,True,Balendra Saxena,Good condition
INSP02043,2025-12-21,SCH-0141,False,True,True,False,False,Alexander Sami,Toilets locked
INSP00473,14/08/2025,SCH-0183,1,Haan,True,na,na,Henry Hayre,Needs repair
INSP01377,2025/11/12,SCH0389,False,Hai,True,Available,Not Available,Dalbir Keer,
INSP01614,2025-06-10,SCH0483,Available,True,Available,False,False,Ekta Kari,Good condition
INSP01178,2025/07/13,SCH0211,Working,True,True,1,na,Aishani Behl,
INSP01753,2025/06/25,SCH-0344,Hai,,Functional,True,True,Dalbir Patel,Needs repair
INSP01374,20/02/2026,SCH0430,True,H,na,True,False,Qushi Bhandari,
INSP02210,05-23-2025,S0214,Yes,True,True,Nahi,Working,Oeshi Kuruvilla,Toilets locked
INSP01341,21.09.2025,sch_0238,True,False,H,Nahi hai,Nahi hai,Qabil Dubey,Needs repair
INSP00747,27-Nov-2025,sch0027,True,True,True,True,1,Darsh Raja,No remarks
INSP02003,18.10.2025,S0009,True,Yes,True,Nahi hai,,Aradhana Parmar,Toilets locked
INSP01300,12-28-2025,SCH0084,na,True,H,Nahi hai,True,Upma Chander,Needs repair
INSP00362,2026/01/04,SCH-0386,Available,N,Yes,Haan,False,,No remarks
INSP00136,2025-11-24,SCH0281,True,True,True,Working,Nahi hai,Banjeet Rajagopalan,Needs repair
INSP01591,11/08/2025,SCH-0032,True,Y,Hai,Haan,True,Manan Tripathi,No remarks
INSP02286,28-May-2025,SCH0150,Yes,True,N,Yes,Y,,Average
INSP00860,01-10-2026,SCH0343,Nahi,True,False,True,No,Aadi Johal,Good condition
INSP02380,2026-01-06,SCH0332,Hai,haan,Hai,Yes,False,Girik Narain,No remarks
INSP00367,2025/09/07,SCH-0321,False,False,True,False,Not Available,Udyati Garde,
INSP01867,15.07.2025,S0459,1,False,Yes,True,True,Osha Chaudhary,Needs repair
INSP00030,08-Jan-2026,0484,Y,True,haan,haan,,Panini Choudhary,Needs repair
INSP02632,18.02.2026,SCH-0051,True,Nahi,True,Nahi hai,0,Upma Bir,Toilets locked
INSP00023,2025/07/26,SCH0082,True,True,1,Working,True,,Needs repair
INSP02507,2025-04-19,S0501,True,True,haan,0,True,Abeer Pingle,Average
INSP01134,01/07/2025,sch0284,Working,True,True,False,1,,No remarks
INSP01035,27/02/2026,S0442,1,True,haan,False,H,Nirja Cherian,Average
INSP00421,07-07-2025,sch_0273,,Y,haan,H,False,Om Shah,Good condition
INSP01538,11/03/2026,sch0496,H,Hai,False,False,No,Lucky Prabhu,Good condition
INSP00461,10.12.2025,sch0399,No,True,No,False,True,Bhanumati Balasubramanian,No remarks
INSP00044,09-28-2025,SCH0456,Yes,True,H,N,False,Girindra Chana,Needs repair
INSP00088,23-Nov-2025,SCH0282,False,Nahi,True,,Yes,Yuvraj Bhargava,Good condition
INSP00930,10.12.2025,SCH0012,True,True,Nahi,Y,True,Watika Subramaniam,No remarks
INSP01125,2026/01/18,SCH-0530,True,True,Yes,Yes,Yes,Gauri Chaudry,
INSP01772,04-11-2025,SCH0231,True,False,1,True,Y,Indira Wali,Toilets locked
INSP01018,2026-01-07,SCH-0531,Haan,haan,Hai,True,True,Udant Kumer,Needs repair
INSP00283,28/02/2026,sch0486,True,True,False,False,,Abhiram Singh,
INSP00694,2025-05-14,SCH0341,True,True,True,True,False,Maya Saraf,Average
INSP01942,2026-02-12,sch0137,True,1,Y,Working,N,Reyansh Kata,Average
INSP02910,09/06/2025,sch_0070,Haan,Hai,No,True,True,Krisha Tailor,Toilets locked
INSP02990,2026/03/08,sch_0521,Available,Hai,Not Available,True,Nahi hai,Upma Soman,Needs repair
INSP02112,28-Sep-2025,sch_0265,False,1,Y,Hai,True,Jhalak Vig,Toilets locked
INSP00534,2025-12-24,SCH-0219,True,H,True,Yes,Broken,Aadi Mukhopadhyay,Toilets locked
INSP01179,2025/06/19,S0336,Y,haan,Hai,,Under Repair,Ekantika Char,
INSP02581,11/01/2026,SCH0014,True,True,H,Nahi hai,Y,David Dyal,
INSP00790,02.05.2025,SCH0457,,True,True,True,Kharab,,Average
INSP02482,2025-07-03,sch_0513,True,True,Available,1,True,Leena Mohan,Toilets locked
INSP02516,24-Oct-2025,S0293,Yes,Functional,1,Nahi,,Samaksh Thakkar,
INSP02228,2025/07/28,SCH0210,Yes,True,True,1,na,Dominic Salvi,Average
INSP00875,18/06/2025,S0146,1,True,Yes,Available,na,Diya Suresh,
INSP00766,20-Feb-2026,0268,H,True,True,Haan,Available,Ayush Bakshi,Needs repair
INSP01042,21/02/2026,SCH0330,True,True,True,False,Haan,Gautami Ganguly,Good condition
INSP00791,2025-07-28,SCH0466,False,Available,True,Kharab,,Ishanvi Khatri,No remarks
INSP02816,27-Sep-2025,S0503,True,True,Haan,Y,H,Warda Chander,No remarks
INSP01566,14/06/2025,0298,True,Y,True,True,N,Sathvik Mallick,Good condition
INSP02311,2026/02/27,SCH-0090,True,Available,Hai,True,Under Repair,Abhimanyu Srinivasan,
INSP02190,2025/11/17,SCH0600,Y,H,Yes,False,0,Sanya Gokhale,Average
INSP02305,2025-07-07,SCH0151,True,Yes,False,False,No,Nitara Devi,Good condition
INSP02989,04-20-2025,sch_0380,False,True,1,True,Nahi,Advika Mitra,
INSP00222,13.10.2025,SCH0015,True,1,True,,1,Warjas Goda,
INSP00544,06-Aug-2025,SCH0233,Hai,True,haan,True,False,Amara Tiwari,
INSP01424,01/08/2025,SCH-0354,False,na,Y,True,False,Nikita Sampath,
INSP02259,2025-06-29,SCH0136,H,True,True,True,False,Vedant Prashad,Needs repair
INSP00706,10-02-2025,S0307,True,Hai,1,na,,Vincent Singh,Average
INSP02466,2025/09/10,0421,True,True,True,False,False,Arya Pal,Needs repair
INSP01007,2025/08/20,SCH0410,True,Y,True,,0,Darsh Lala,
INSP01794,2025-12-08,sch0208,True,True,True,False,Y,Ekani Rajagopal,Average
INSP02782,2025-10-05,SCH0592,True,na,haan,Haan,True,Anmol Palla,Needs repair
INSP02930,2026/02/27,sch0288,Yes,,True,Broken,True,Peter Lala,Needs repair
INSP00979,04-08-2025,SCH0488,True,Working,1,Nahi hai,False,Shaurya Krishnan,Needs repair
INSP01905,22.09.2025,sch0562,True,True,True,False,na,Ganga Bahri,Needs repair
INSP01799,25/04/2025,SCH0421,1,True,Hai,Under Repair,True,Warda Kade,No remarks
INSP00273,08-09-2025,SCH0413,haan,No,True,No,Functional,Eiravati Gara,
INSP00522,24/12/2025,S0509,1,True,Yes,Nahi,True,Jason Swamy,Needs repair
INSP00523,15/10/2025,SCH0419,True,haan,Nahi,Yes,False,Gagan Acharya,Good condition
INSP00437,18/03/2026,S0438,True,,True,True,True,Jagat Sawhney,Good condition
INSP01069,30/08/2025,SCH0439,True,1,True,H,True,Qadim Barad,Needs repair
INSP02068,01-Jul-2025,SCH0378,Yes,True,H,False,True,Tanay Vala,
INSP00351,19.08.2025,SCH-0141,False,True,Working,1,,Rachit Das,
INSP02248,18-Dec-2025,SCH0306,True,1,False,False,False,Yatan Sandal,Good condition
INSP01850,24/07/2025,sch0161,True,False,True,Nahi,False,Nisha Datta,Needs repair
INSP02439,2025-10-31,SCH-0212,True,True,True,No,True,Chakradhar Kohli,Good condition
INSP00652,08-May-2025,SCH0276,H,True,True,Working,True,,
INSP01808,09-19-2025,SCH0007,Haan,Yes,haan,Kharab,True,Mugdha Jayaraman,Toilets locked
INSP02726,03.02.2026,SCH0314,False,H,0,Available,True,Warhi Shetty,Needs repair
INSP02528,10-27-2025,SCH0096,False,1,Yes,True,True,Urvi Chaudhry,
INSP01346,29/08/2025,SCH-0341,True,True,Nahi hai,True,False,Samar Keer,Toilets locked
INSP01079,11.05.2025,sch_0420,N,H,Hai,H,0,Rishi Mani,No remarks
INSP02745,21.01.2026,sch_0436,True,True,1,False,False,Janya Jayaraman,Toilets locked
INSP00169,2025/11/04,sch0373,Yes,Available,True,True,False,Samuel Barad,Good condition
INSP02636,01.02.2026,0209,True,True,True,haan,Y,Fariq Samra,No remarks
INSP02604,14.04.2025,SCH-0411,True,True,Functional,Yes,Yes,Anay Karan,
INSP02924,07-18-2025,SCH0042,False,True,haan,True,False,Manthan Bali,Good condition
INSP02070,07-27-2025,S0344,True,Haan,Hai,No,Yes,Reyansh Narayanan,Average
INSP02324,2025-08-13,SCH0493,True,na,Nahi hai,False,Y,Ati Wagle,Average
INSP01934,25-May-2025,sch_0404,False,True,Nahi hai,Yes,True,Wahab Chaudhry,Average
INSP01638,21/01/2026,sch0392,False,No,Haan,Yes,False,Keya Jain,Good condition
INSP01838,08-30-2025,SCH0579,True,H,1,False,Y,Peter Varkey,Average
INSP01376,2025-07-23,SCH0513,True,True,True,1,Y,Tejas Patla,Good condition
INSP02354,2025/09/25,SCH0484,False,True,True,False,Broken,Charles Patla,No remarks
INSP00220,2025-06-23,sch0228,Y,1,,Functional,False,Ayush Chada,No remarks
INSP00368,06/04/2025,SCH0445,Haan,True,True,True,False,,Toilets locked
INSP02804,04.08.2025,SCH0220,,True,1,Haan,True,Pushti Wagle,
INSP00950,28.12.2025,S0446,True,haan,True,True,False,Varenya Ramaswamy,
INSP02399,27.01.2026,S0077,True,,Haan,False,na,Anamika Parekh,No remarks
INSP02253,2026-02-13,SCH0533,False,True,1,Hai,Nahi hai,,Needs repair
INSP01457,17.10.2025,SCH-0334,0,True,na,Yes,False,Yauvani Gade,
INSP00352,27.04.2025,SCH-0196,1,True,Haan,True,False,Charita Kant,Needs repair
INSP01098,29-Jan-2026,SCH-0340,Nahi hai,True,,,No,Theodore Chaudhari,
INSP01264,2025/06/25,SCH0083,haan,True,True,False,False,,
INSP02239,06-19-2025,sch0190,Nahi hai,Yes,Yes,True,Hai,Yatan Iyengar,Needs repair
INSP00491,29.06.2025,SCH0218,,True,Yes,False,Y,Zashil Narang,
INSP02827,16/10/2025,SCH0196,Y,1,False,True,Nahi hai,Mekhala Wadhwa,Good condition
INSP02494,09.03.2026,SCH-0516,Haan,True,Functional,N,Y,Nathaniel Das,Toilets locked
INSP00499,2025/04/24,sch0447,False,Y,Working,True,Not Available,Qabil Varty,No remarks
INSP02789,01/09/2025,SCH0100,True,True,Haan,Y,na,Alka Prabhu,
INSP00211,09/02/2026,sch_0164,haan,True,No,N,False,Ekapad Kulkarni,Needs repair
INSP00898,03/07/2025,sch0006,False,False,False,True,True,Warda Basak,Needs repair
INSP01205,2026/02/12,SCH0352,Functional,Haan,True,haan,Not Available,Wakeeta Dar,No remarks
INSP00651,31.12.2025,SCH0206,True,Yes,N,True,Nahi hai,Henry Om,Needs repair
INSP00228,03-23-2026,SCH0168,Hai,True,Haan,True,True,,
INSP00366,02-20-2026,sch0238,Y,Available,Y,True,Nahi hai,Ira Bhagat,
INSP02223,2025-06-10,SCH0369,0,True,0,True,False,,
INSP00277,2026/02/17,SCH-0318,True,Hai,True,True,True,Robert Tandon,Good condition
INSP02099,14/05/2025,0073,True,True,True,True,na,Janaki Kulkarni,Average
INSP01114,19-Nov-2025,sch_0431,Y,False,H,N,1,Mitesh Bains,Toilets locked
INSP00737,12-Jan-2026,SCH0465,haan,haan,True,True,Yes,Siddharth Kakar,No remarks
INSP02575,01-07-2026,sch0335,True,Hai,Available,No,False,Laksh Nayak,Average
INSP01994,08-12-2025,sch_0017,na,True,Yes,N,Nahi hai,,No remarks
INSP00408,09.06.2025,S0411,na,True,True,False,1,Eesha Khalsa,Needs repair
INSP02417,03/04/2025,SCH0482,True,No,Y,Y,Functional,Devansh Sathe,Needs repair
INSP02506,2025-05-01,SCH0521,True,Y,Available,1,No,Xalak Dixit,Average
INSP02458,2026/01/17,sch0411,True,Y,na,,N,Alexander Varughese,Average
INSP02247,2025-06-03,sch0378,,Yes,False,Nahi,False,Jackson Sinha,No remarks
INSP01666,2025-12-27,S0199,True,True,False,False,Nahi hai,Diya Saini,
INSP02531,2025/07/06,SCH0580,True,Available,1,H,False,Azad Sengupta,No remarks
INSP01771,2025-08-11,SCH0085,Haan,Not Available,,True,N,Azaan Ramanathan,Toilets locked
INSP00008,2025/06/04,SCH0059,True,True,True,haan,False,Falak Karpe,Good condition
INSP01492,12/12/2025,sch_0268,False,False,Haan,1,,,
INSP01533,30/05/2025,SCH0032,Y,True,haan,Y,False,Charles Sagar,Average
INSP01801,26-Sep-2025,0417,haan,True,1,True,False,Barkha Upadhyay,Needs repair
INSP00416,22/07/2025,SCH0024,Under Repair,True,True,True,No,Jason Kannan,Needs repair
INSP01607,21/01/2026,SCH0064,True,,True,Yes,Haan,Jasmit Kurian,Average
INSP00840,30-Aug-2025,sch0226,Haan,Haan,True,,Hai,Omisha Dua,Toilets locked
INSP01763,07-02-2025,0420,True,True,No,False,True,,Good condition
INSP00865,01-11-2026,S0583,False,True,Kharab,N,True,Atharv Dara,Average
INSP00200,2025-11-26,0193,True,Yes,True,Y,No,Oviya Keer,Average
INSP01117,2025/09/23,SCH0413,Y,Working,True,Nahi hai,N,Varsha Mohanty,
INSP00284,24/04/2025,SCH-0493,False,True,False,N,Working,Bhavani Tak,
INSP00232,10/01/2026,SCH-0433,True,True,Nahi hai,True,False,Jairaj D’Alia,Average
INSP02992,2026/03/22,SCH0015,False,True,True,False,False,Megha Keer,No remarks
INSP01081,2025/04/10,SCH-0226,haan,True,H,True,na,Vritti Bhalla,Toilets locked
INSP00097,11-07-2025,sch_0429,True,Hai,True,True,Hai,Abhiram Kapadia,Average
INSP01508,2025/07/29,SCH-0310,Yes,H,Functional,Nahi,Yes,Vidhi Butala,Good condition
INSP02760,10/09/2025,SCH0170,Working,True,True,True,True,Anmol Venkataraman,No remarks
INSP01813,2025/12/14,SCH0532,haan,True,True,False,True,Hemani Lad,
INSP02936,08-14-2025,SCH0151,Functional,Yes,True,False,False,Ojas Gola,Toilets locked
INSP01201,06-Dec-2025,SCH0297,Hai,False,Hai,False,0,Samar Bhatt,
INSP02587,2025/04/24,sch0338,True,True,False,True,True,David Shanker,No remarks
INSP01412,05-Aug-2025,SCH0596,Nahi,Working,Functional,na,na,Sai Bhasin,Average
INSP02720,12.03.2026,sch0294,Haan,True,True,H,Haan,Janani Keer,Average
INSP02556,2025/11/17,SCH-0524,True,Y,Functional,No,True,Jagat Kade,No remarks
INSP01890,09-21-2025,SCH-0312,True,Hai,Hai,False,Kharab,Samaksh Kant,No remarks
INSP00105,28-Jul-2025,SCH0086,,Yes,True,Working,1,Maya Tella,
INSP02350,2025-09-29,SCH0094,haan,True,haan,1,H,,Needs repair
INSP01928,19-Jul-2025,SCH-0096,Available,True,Y,True,True,Sai Karan,No remarks
INSP02715,2025-05-10,SCH0239,0,True,1,Yes,Y,Anvi Gara,Needs repair
INSP01124,31-Jan-2026,SCH0364,Under Repair,H,False,Available,Working,Gavin Mall,
INSP02009,11/12/2025,SCH0146,True,Functional,H,haan,True,Vrinda Ratta,
INSP00806,2025-12-28,sch_0231,False,True,True,Nahi hai,False,,Good condition
INSP02409,15.03.2026,SCH0182,True,True,Haan,True,Nahi,Riya Dewan,No remarks
INSP02582,2026/03/23,sch_0500,True,True,True,False,,Maya Mammen,No remarks
INSP00745,2025/09/20,sch_0264,Available,haan,True,True,Haan,Ijaya Ramesh,No remarks
INSP00227,2025-12-07,0420,Y,Working,Y,False,True,Bhavika Gandhi,Needs repair
INSP01222,2025/11/10,SCH-0556,False,Hai,False,True,False,,No remarks
INSP01293,2025-11-20,sch_0385,True,True,True,Haan,False,Wyatt Doctor,Toilets locked
INSP02421,11-20-2025,sch_0110,N,H,False,True,N,Yash Sagar,Needs repair
INSP00323,02/10/2025,SCH0316,True,True,True,False,na,Raksha Jain,Good condition
INSP02092,30/03/2026,SCH-0466,Y,Hai,H,False,False,Maanav Gour,Needs repair
INSP01030,11/03/2026,SCH0547,True,True,Hai,Kharab,False,Vedhika Saha,Average
INSP00890,2025-09-20,SCH-0423,False,True,Y,False,1,,No remarks
INSP01617,28.02.2026,sch_0432,haan,Working,True,False,Working,Chanchal Bhardwaj,Average
INSP01111,04/01/2026,SCH0438,Hai,haan,Y,False,Nahi,Avni Kuruvilla,
INSP02116,14.07.2025,sch_0215,Functional,Available,Functional,False,False,Pavani Saini,Needs repair
INSP00271,01-12-2026,SCH0240,haan,H,Yes,True,False,Timothy Ghosh,Toilets locked
INSP02763,2025/11/05,sch0330,False,True,haan,True,False,Isha Walia,No remarks
INSP01043,28-Oct-2025,SCH0379,Y,True,Hai,H,True,,
INSP01777,2025-06-04,SCH0080,haan,True,True,True,True,Zaitra Keer,Needs repair
INSP00465,2025-09-07,SCH0211,True,No,1,True,False,,Needs repair
INSP00882,02.04.2025,sch_0313,Yes,,haan,True,,Hardik Guha,No remarks
INSP02156,2025-04-28,S0302,,Haan,True,No,0,Aadhya Baral,Good condition
INSP00863,22/06/2025,SCH0195,Nahi,True,True,Yes,True,Caleb Thaman,Good condition
INSP01423,2025-07-04,SCH0416,True,Hai,True,False,False,Geetika Garde,Average
INSP02255,2025/10/18,SCH0270,Working,True,Haan,1,No,Lavanya Subramanian,Toilets locked
INSP00773,2025-09-09,SCH0413,True,True,True,False,1,Vidhi Karpe,Toilets locked
INSP01768,26.11.2025,SCH0544,True,True,True,Not Available,False,Pranit Deep,Needs repair
INSP01065,27-Jun-2025,SCH-0074,Haan,True,False,Haan,N,Jalsa Gokhale,Good condition
INSP00213,05-23-2025,SCH0284,True,True,Y,No,False,Vasudha Bal,No remarks
INSP00013,2026-01-05,SCH0345,Not Available,True,True,True,False,Advik Edwin,No remarks
INSP02568,2026-01-24,sch_0356,True,True,False,True,True,Mahika Swaminathan,
INSP00423,17.10.2025,SCH0321,na,True,,N,True,Sathvik Balasubramanian,Average
INSP02368,05.09.2025,SCH0384,1,Functional,True,Functional,Y,Zinal Chaudhary,Toilets locked
INSP01054,22-Jun-2025,SCH-0476,Yes,,False,True,,Varenya Ramakrishnan,Needs repair
INSP01230,07/10/2025,SCH0456,Available,H,0,H,Available,Lila Contractor,No remarks
INSP01456,03-11-2026,SCH0323,haan,1,Hai,1,Nahi hai,,Toilets locked
INSP00742,06/11/2025,sch0455,False,,Haan,na,True,Oviya Panchal,Needs repair
INSP02776,2025/07/09,SCH0139,True,haan,Y,False,True,Lakshit Sur,
INSP02700,2026/03/17,SCH-0252,True,True,Y,Hai,False,Rachita Rana,Needs repair
INSP02329,13.03.2026,SCH0596,Yes,N,H,Hai,Nahi hai,Baljiwan Mani,
INSP00799,2026/01/19,SCH-0035,False,Working,Under Repair,Haan,N,Megha Sanghvi,Average
INSP01432,2025-05-20,0057,1,Nahi hai,True,Available,haan,Hamsini Dugar,Toilets locked
INSP02427,11-Sep-2025,SCH0074,False,Yes,False,True,0,Pooja Kunda,Needs repair
INSP00510,2025/05/08,sch_0101,False,True,Working,True,Yes,Radha Sunder,Average
INSP00645,2025-10-18,SCH-0589,Available,True,Nahi,Functional,False,Amaira Padmanabhan,Average
INSP00598,2025-10-06,S0276,Working,True,True,,False,Niharika Pillai,Needs repair
INSP02714,2025-07-10,S0592,False,True,False,False,Under Repair,Andrew Batta,Good condition
INSP01162,28-May-2025,sch_0527,Working,haan,True,True,False,Sathvik Lala,Average
INSP01362,13.07.2025,SCH0206,False,False,True,False,,Vritti Som,No remarks
INSP00858,05-Jul-2025,SCH-0189,Not Available,haan,True,True,True,Imaran Mohan,No remarks
INSP02780,12-Dec-2025,SCH0072,True,Available,,Nahi hai,False,Charita Mangat,No remarks
INSP00519,07-27-2025,sch0309,Y,Broken,True,na,True,,No remarks
INSP00965,07-02-2025,S0287,Functional,Yes,haan,1,haan,Kashish Sankaran,Toilets locked
INSP02968,2025/10/04,SCH0074,Hai,False,Nahi hai,False,haan,Kavya Shan,
INSP00574,08-17-2025,sch0434,Yes,Y,Broken,Yes,True,Yashasvi More,No remarks
INSP00103,24/02/2026,0022,haan,True,Y,Yes,True,Netra Ram,Average
INSP02865,2025/04/27,SCH0095,False,True,0,True,Functional,Isaiah Rastogi,Average
INSP02544,2025/05/10,sch_0046,True,1,1,Hai,Hai,,
INSP02107,2025/12/27,SCH-0459,Haan,1,True,False,True,Fitan Devan,Needs repair
INSP02754,12.10.2025,SCH0363,N,Y,H,True,False,Vansha Buch,Good condition
INSP01308,15-Jul-2025,sch0173,True,Y,Nahi,1,1,Jack Subramanian,
INSP01587,18/04/2025,SCH0254,True,haan,1,Broken,True,Ryan Srinivasan,Needs repair
INSP00124,2025/12/18,SCH0515,0,na,Haan,H,False,Deepa Parmar,Average
INSP01498,2025-10-26,SCH-0324,Available,True,Yes,False,False,Advik Lata,No remarks
INSP00221,19/07/2025,sch0090,Y,Available,True,False,Working,Finn Ranganathan,Needs repair
INSP00204,09/06/2025,SCH-0590,True,Hai,na,1,True,Jacob Mani,No remarks
INSP00359,02.09.2025,SCH0288,False,True,Hai,False,True,Irya Bhatnagar,No remarks
INSP02530,2025/04/13,S0084,Y,Functional,haan,False,Yes,Amaira Upadhyay,Needs repair
INSP02777,22.10.2025,SCH0270,True,True,False,True,False,Advika Chacko,
INSP02113,05-14-2025,SCH0325,True,True,True,Hai,False,Kiaan Wable,Toilets locked
INSP01796,26/03/2026,sch0041,Y,1,True,Nahi hai,False,Hitesh Atwal,Good condition
INSP01698,29-Dec-2025,SCH0552,H,H,False,True,Nahi hai,Chakradev Sengupta,Average
INSP00260,2025/12/14,SCH0057,haan,True,False,Under Repair,haan,Zayyan Solanki,No remarks
INSP02913,21.10.2025,SCH0015,Functional,False,True,H,False,Atharv Varty,Good condition
INSP02415,2025-10-23,SCH0259,Y,Yes,Yes,False,False,Akshay Bahri,No remarks
INSP01351,2025-11-01,SCH0462,Hai,1,True,Y,True,Ekantika Nazareth,Average
INSP02517,05-23-2025,sch0266,False,Not Available,Y,Nahi hai,False,Pranit Tata,
INSP02378,2025/07/03,SCH-0441,Available,Working,True,True,Nahi,Manthan Bora,
INSP01107,04/12/2025,SCH0179,True,False,haan,False,Y,Devika Kari,Good condition
INSP02532,2025-09-26,S0116,True,True,Not Available,True,True,William Biswas,Needs repair
INSP01878,20.03.2026,0053,True,True,H,True,True,Onkar Din,Good condition
INSP01657,15/05/2025,sch_0163,True,False,True,False,Haan,Vidhi Mall,No remarks
INSP01094,02/11/2025,sch_0489,Y,Yes,True,Working,1,Advika Munshi,
INSP02856,2026-01-07,sch_0547,Hai,Y,True,False,False,Wishi Narang,
INSP02449,2025/11/20,sch_0486,Available,,na,na,False,George Om,
INSP00457,18.12.2025,0232,True,True,True,Yes,True,Zehaan Guha,
INSP00463,26/10/2025,SCH-0078,True,False,Y,na,Haan,Oeshi Krishna,Average
INSP00613,2025-10-04,SCH0092,Haan,True,Available,,False,Maya Chada,Good condition
INSP01692,07-01-2025,SCH-0156,True,Yes,Yes,haan,Kharab,Aditya Mukhopadhyay,Needs repair
INSP01668,2025-04-10,SCH-0339,True,0,True,False,H,,Average
INSP01414,2025/05/15,0096,False,True,True,True,haan,Nirja Chawla,Toilets locked
INSP00382,01-19-2026,sch_0242,Hai,1,False,Nahi hai,True,Harsh Chadha,No remarks
INSP02939,2025-09-22,sch0433,Hai,Yes,True,N,True,Varsha Tandon,Average
INSP01534,07.10.2025,S0208,Nahi,False,True,True,haan,Libni Deol,
INSP02473,03-Nov-2025,SCH-0205,True,,Hai,,Hai,Upadhriti Rai,
INSP02442,2026/02/21,sch_0512,N,na,True,Yes,Hai,Krish Sinha,Good condition
INSP00966,19-Jun-2025,sch_0426,False,True,Available,True,Working,Aishani Kara,No remarks
INSP02842,18/07/2025,SCH0113,Y,True,False,False,haan,Chakrika Kata,Good condition
INSP01778,12-Mar-2026,sch0556,True,True,True,False,False,Urvashi Batra,Toilets locked
INSP00943,05/05/2025,S0356,False,Yes,Haan,False,na,Anmol Deshmukh,Good condition
INSP00060,31-May-2025,sch_0564,Available,,True,H,True,Geetika Kapoor,Average
INSP02391,2026/01/07,sch_0301,False,Hai,True,Functional,na,Irya Mittal,
INSP02859,12-Mar-2026,SCH0279,False,H,N,Y,Working,,Average
INSP01766,05/01/2026,0360,H,Yes,False,False,na,Ayush Mann,Needs repair
INSP01576,11-Aug-2025,SCH0099,Hai,True,True,Available,Broken,Omya Swaminathan,Toilets locked
INSP02484,19/03/2026,SCH-0510,True,1,H,False,False,Panini Nayar,Good condition
INSP02411,22.12.2025,SCH-0105,False,False,Available,True,Y,Andrew Chahal,Toilets locked
INSP01028,22/01/2026,SCH0107,na,True,Hai,Nahi,1,Isha Vohra,Good condition
INSP00658,21.03.2026,sch_0117,,True,True,Nahi,Y,Peter Rao,Good condition
INSP01314,11-Aug-2025,sch_0351,False,True,na,Yes,Nahi hai,Siya Sahni,Toilets locked
INSP00846,28-Jun-2025,SCH-0190,Y,,haan,Nahi,Y,,Needs repair
INSP00543,24.01.2026,sch_0327,True,Haan,Functional,,True,Advaith Rajagopal,Toilets locked
INSP00870,20.08.2025,S0454,True,True,Working,Yes,False,Rachana Mani,No remarks
INSP01710,15-May-2025,SCH0016,True,Y,Hai,N,False,Harrison Bera,Toilets locked
INSP01310,08/09/2025,SCH0249,haan,True,True,True,False,,Needs repair
INSP02227,11-Aug-2025,sch_0097,Y,1,Available,,False,Xiti Walla,Needs repair
INSP02579,12-Dec-2025,sch_0008,True,Haan,Available,1,na,Frederick Mistry,Good condition
INSP01447,2026-03-24,SCH0035,Available,True,True,Hai,N,Advay Rege,
INSP02644,11/12/2025,sch_0130,True,True,True,1,N,Madhavi Dey,Average
INSP01656,03.12.2025,SCH0543,False,Working,True,H,Y,Maanas Basu,No remarks
INSP01504,2025-10-29,sch_0236,Y,True,Yes,na,Not Available,Akshay Iyengar,No remarks
INSP01085,2026-02-07,SCH-0262,Y,True,True,False,,Yashasvi Amble,Average
INSP00299,14/12/2025,sch0599,Nahi,True,H,No,False,Odika Bhandari,
INSP02379,30/03/2026,SCH-0284,True,,True,1,True,Oscar Basak,No remarks
INSP01433,2025-05-30,0590,Y,Yes,False,Y,Nahi,Akshay Narayan,Average
INSP02546,2025/11/06,SCH0182,True,na,1,True,Yes,Anjali Magar,Needs repair
INSP01892,31.08.2025,SCH-0238,True,True,True,H,False,Jairaj Hegde,Good condition
INSP01062,13-May-2025,SCH0009,False,Hai,N,Haan,Available,Lipika Cherian,Average
INSP00436,12-23-2025,SCH0581,True,True,True,True,Broken,Aachal Pai,Good condition
INSP02474,10/01/2026,sch0352,True,True,True,True,H,Abeer Toor,No remarks
INSP00238,09-08-2025,sch_0166,No,Available,Y,True,,Hiral Goda,Toilets locked
INSP01488,2025/08/17,SCH-0242,True,True,Yes,True,haan,Irya Prabhu,Toilets locked
INSP02728,2025-06-30,SCH0282,False,Hai,Y,Hai,True,Hiral Morar,
INSP00110,23-Apr-2025,SCH0119,No,Functional,True,False,False,Eiravati Chaudhuri,Toilets locked
INSP02084,2025/09/11,SCH0283,,No,1,Yes,0,Naveen Bhandari,Good condition
INSP00782,2026-01-10,SCH0162,True,True,Working,1,True,Tanveer Dyal,Toilets locked
INSP02165,31-Oct-2025,SCH0541,True,True,haan,Hai,True,Vansha Mand,Toilets locked
INSP00164,02-05-2026,sch0163,0,na,Haan,1,Broken,Vedhika Bora,Good condition
INSP00289,27.12.2025,SCH0457,True,True,True,True,False,Parth Bhatnagar,
INSP00064,03.03.2026,SCH0051,Working,Haan,Functional,False,Nahi,Forum Choudhary,Toilets locked
INSP00253,07/07/2025,SCH-0006,,True,False,True,Hai,Nicholas Agate,Toilets locked
INSP01118,07.08.2025,SCH-0382,Working,Yes,False,Nahi,Haan,Aishani Keer,Needs repair
INSP02127,15.12.2025,sch_0350,Working,True,Yes,1,Nahi,Tara Oza,Good condition
INSP01739,06.06.2025,SCH0436,,Y,False,True,Yes,Zilmil Kumar,
INSP00768,2026/02/19,sch_0172,False,False,True,False,0,Chatura Pradhan,Good condition
INSP00788,07.06.2025,SCH0421,True,True,True,False,True,Jeet Roy,Average
INSP01443,09-30-2025,sch_0463,True,True,True,True,True,Jairaj Chaudhary,Good condition
INSP00927,04-03-2025,sch0420,na,True,False,True,True,,Good condition
INSP01836,19/07/2025,SCH-0134,Haan,na,Y,N,Yes,Lavanya Seshadri,Average
INSP01074,10/12/2025,S0265,Nahi hai,Available,Haan,H,Kharab,Tanvi Wagle,Toilets locked
INSP01287,2025/05/29,SCH0119,H,Yes,,Y,Y,Qarin Bhavsar,No remarks
INSP01554,2026/01/21,SCH-0575,Functional,True,Yes,Nahi,,Urvashi Mann,Average
INSP02457,2025-08-02,sch0475,Working,Nahi hai,True,Y,Nahi hai,Liam Munshi,Good condition
INSP02230,2025-05-20,SCH-0207,True,True,Working,True,False,Nachiket Gara,Good condition
INSP02752,21.11.2025,sch_0255,Y,haan,Yes,Y,Functional,Urmi Shetty,No remarks
INSP02313,08-17-2025,sch_0542,Yes,Hai,Yes,True,Working,Gunbir Pingle,Average
INSP02563,23.01.2026,0049,True,True,Yes,False,Kharab,,Average
INSP00848,2025/07/02,SCH0009,1,True,N,0,Yes,Vasatika Khanna,Good condition
INSP01438,01/01/2026,SCH-0081,Working,Nahi,True,True,Nahi,Diya Anand,Toilets locked
INSP02541,27.07.2025,SCH0566,,1,Haan,Nahi hai,Nahi hai,Vamakshi Sura,Good condition
INSP00462,01.04.2025,SCH0277,Nahi,1,True,True,False,Tanmayi Vasa,Toilets locked
INSP02357,2025/06/29,SCH0059,Working,True,,False,Y,Robert Rattan,
INSP01603,2025-04-10,sch_0473,Y,Functional,Hai,True,Functional,,Toilets locked
INSP00158,07-17-2025,sch0331,Y,H,Yes,True,True,Umang Pai,Toilets locked
INSP02523,30/07/2025,SCH-0256,Available,True,False,False,False,Anita Dhingra,Good condition
INSP02087,11-06-2025,sch_0140,True,Y,Functional,True,Kharab,Noah Narayanan,Good condition
INSP01805,12.05.2025,sch0594,H,Y,True,Available,Y,Gavin Chahal,Needs repair
INSP00678,02-17-2026,SCH0230,True,True,Y,,N,Praneel Borde,Average
INSP01874,10-17-2025,S0304,False,True,Not Available,False,False,Luke Pingle,Toilets locked
INSP02373,2026-02-22,SCH-0532,Nahi,Yes,Available,No,True,,Toilets locked
INSP00239,04.03.2026,SCH-0449,Hai,0,True,False,1,,
INSP00980,2025/07/20,SCH-0600,True,True,True,True,False,Geetika Srinivasan,Needs repair
INSP01221,27/05/2025,S0542,True,True,Nahi hai,False,na,Chanchal Narula,Toilets locked
INSP00244,11-09-2025,SCH-0353,True,True,True,1,True,Samaksh Barad,Toilets locked
INSP00101,16-Sep-2025,SCH0478,Yes,True,Nahi,Hai,Functional,Jalsa Chaudry,Good condition
INSP00316,2025/07/14,SCH0212,Haan,True,True,H,N,,Average
INSP01011,03/03/2026,sch0556,Nahi hai,Haan,True,Working,True,Umang Sahota,No remarks
INSP02584,2026/02/10,SCH0380,False,Haan,True,True,True,Jacob Jha,Toilets locked
INSP02583,20-Oct-2025,0116,False,True,Functional,H,True,Nirja Rama,
INSP01056,2025/09/03,SCH-0467,True,True,True,,False,Alka Gopal,No remarks
INSP00262,25.06.2025,SCH0232,True,Y,Working,Functional,Yes,Utkarsh Oak,No remarks
INSP02664,06-13-2025,sch0199,No,True,False,,Nahi hai,Bakhshi Koshy,No remarks
INSP01834,11.09.2025,SCH-0295,Y,True,Y,0,True,,Good condition
INSP00196,02-Nov-2025,sch_0465,False,Under Repair,,Haan,False,Om Issac,
INSP01980,06-Jul-2025,sch0115,Y,,True,True,False,,Average
INSP02950,2026-02-26,SCH0314,False,True,1,Y,1,Mahika Sankaran,Average
INSP02384,2025-10-28,SCH-0346,Nahi,Not Available,Working,Broken,False,Zehaan Dugar,Toilets locked
INSP00180,09.09.2025,SCH0417,Kharab,Hai,True,False,True,Urishilla Shere,Good condition
INSP00835,24.02.2026,SCH-0572,False,False,True,False,Nahi,Krishna Sama,No remarks
INSP00843,2026/02/10,SCH0229,No,,True,Yes,False,Vaishnavi Salvi,No remarks
INSP02441,2026/02/07,SCH0485,H,,True,Working,True,Nirja Khurana,No remarks
INSP01581,01.08.2025,SCH0205,True,True,True,Nahi hai,False,Anirudh Purohit,Toilets locked
INSP01038,01-23-2026,sch_0465,Functional,,Yes,Functional,Under Repair,Vrishti Balakrishnan,Good condition
INSP00341,2025/05/07,SCH0098,True,Y,False,True,Nahi,Lohit Bala,Needs repair
INSP01180,2025-10-02,SCH0451,,0,,N,Nahi,Rachana Chander,Needs repair
INSP01988,26.12.2025,SCH0188,Functional,Nahi hai,False,True,False,Veda Rao,Average
INSP00749,03-09-2026,SCH0065,True,0,False,,False,Kala Kale,No remarks
INSP01193,30-Apr-2025,SCH0137,True,1,haan,N,Yes,Faraj Sura,Average
INSP00663,2025-11-30,S0424,True,Nahi hai,True,True,No,Manan Bhattacharyya,
INSP00481,2025-05-29,sch_0019,Working,True,,0,True,Amaira Balakrishnan,No remarks
INSP00804,12-03-2025,SCH-0524,True,Hai,True,Nahi,False,Waida Handa,Good condition
INSP00795,2025/10/20,0458,N,1,H,True,,Caleb Pandya,No remarks
INSP01455,26-Dec-2025,SCH0322,True,Y,True,Available,na,Nihal Dasgupta,
INSP01499,2025-08-01,0512,Haan,Nahi hai,,0,Yes,Urvi Warrior,Good condition
INSP02562,25/03/2026,sch_0118,False,True,H,True,True,,Toilets locked
INSP00550,17-Oct-2025,sch_0554,haan,haan,na,False,False,Unnati Chacko,Toilets locked
INSP01741,09/06/2025,sch0125,True,,Y,True,True,Yochana Dhillon,Needs repair
INSP00784,2025-06-06,SCH0334,Nahi hai,True,False,Nahi,Nahi,Daksh Sachdev,No remarks
INSP02848,04-18-2025,SCH0146,Yes,False,Not Available,Not Available,True,Lajita Mohanty,Average
INSP02314,2025-04-22,SCH0159,N,True,Hai,True,Working,Lila Sundaram,Average
INSP00743,24/04/2025,SCH-0420,H,Available,Available,No,H,Tanay Borde,Needs repair
INSP02578,2025/11/21,SCH0514,Y,Hai,True,True,True,Manan Kapur,Toilets locked
INSP02611,05-19-2025,S0097,Working,Working,False,na,True,,Average
INSP01764,2026-01-31,sch_0019,Yes,True,haan,,Yes,,Good condition
INSP02273,25.05.2025,SCH0483,True,,Available,True,False,Wishi Sachdeva,No remarks
INSP02085,12-Sep-2025,SCH0286,,True,True,Functional,True,Ekta Gala,Good condition
INSP01781,2025/09/19,SCH0492,True,True,Available,True,False,Divya Chaudhuri,Needs repair
INSP02419,01-08-2026,sch_0221,Yes,True,True,Yes,False,Kamala Sampath,No remarks
INSP01128,18-Mar-2026,SCH0022,True,Y,Haan,Nahi,1,Neel Singhal,Toilets locked
INSP00248,24-Mar-2026,SCH-0286,Working,True,Working,Available,Kharab,Wyatt Parmar,Toilets locked
INSP00872,12-06-2025,SCH0577,True,Working,1,True,Working,Chavvi Upadhyay,Average
INSP01026,02-Mar-2026,sch_0592,,Y,haan,True,False,Veer Biswas,Toilets locked
INSP02955,21-Dec-2025,sch_0306,False,True,Yes,False,H,Faris Dave,No remarks
INSP02860,21/05/2025,SCH0335,True,Haan,Yes,Yes,True,Jeevika Rama,Toilets locked
INSP00627,2026/02/14,0256,False,Yes,True,,No,,Average
INSP00348,18-Jan-2026,SCH0025,True,True,True,True,No,,
INSP00279,26/04/2025,sch_0174,1,Haan,True,,Yes,Hemal Lalla,Good condition
INSP01989,2025/08/29,SCH0436,True,True,,True,Working,Damyanti Kashyap,Good condition
INSP02404,2026-03-06,0011,True,1,Hai,True,N,Warjas Deol,No remarks
INSP00656,03-May-2025,SCH-0143,Hai,True,False,False,No,Ati Sandhu,
INSP01357,11/11/2025,SCH0106,1,True,No,Y,Under Repair,Lajita Saha,Toilets locked
INSP01033,16/08/2025,SCH0150,Under Repair,True,Haan,1,Functional,Kiaan Raval,No remarks
INSP00908,25/11/2025,S0572,Functional,Haan,True,False,Y,Ojasvi Thaman,No remarks
INSP02761,08-Apr-2025,SCH0334,,True,True,True,False,Champak Upadhyay,Good condition
INSP02721,10/11/2025,sch_0164,True,haan,True,1,False,Harita Saran,Good condition
INSP01136,2025-07-14,SCH0461,True,0,True,Nahi,,Hitesh Dixit,No remarks
INSP00912,10-07-2025,SCH0493,True,N,True,H,No,Yashawini Lalla,Needs repair
INSP01908,29.07.2025,sch0101,1,Working,True,False,True,Ekaja Yohannan,Good condition
INSP00633,2026/02/24,SCH0376,False,,True,False,False,Leela Deshmukh,
INSP01103,08/09/2025,0389,Broken,True,Haan,0,H,Varsha Shankar,
INSP00446,10/03/2026,SCH-0059,False,True,1,Not Available,False,Tanish Sunder,Toilets locked
INSP00618,18.03.2026,sch_0185,True,Working,True,True,Y,Adweta Divan,Needs repair
INSP01363,06-May-2025,S0108,Working,H,True,,False,,Needs repair
INSP01196,2025-07-27,sch0553,Not Available,True,No,0,True,Gaurika Narasimhan,Average
INSP01191,20.09.2025,SCH-0272,haan,True,Broken,Yes,Haan,Vihaan Ramaswamy,Toilets locked
INSP02292,29.10.2025,SCH0013,Working,Haan,Y,True,na,Niharika Gara,Good condition
INSP01748,08-30-2025,SCH-0488,Functional,,True,haan,haan,Abhimanyu Bansal,Good condition
INSP00845,16.03.2026,SCH-0131,No,True,True,haan,True,,No remarks
INSP02685,10/10/2025,SCH0512,,0,Nahi hai,Nahi,Yes,Ekanta Nagar,Toilets locked
INSP00548,07-Mar-2026,SCH0455,True,,True,True,,Yauvani Nagar,Average
INSP01979,28-Feb-2026,SCH0041,Working,Working,Working,False,False,,Needs repair
INSP02179,07.08.2025,0213,True,True,Broken,haan,False,Wriddhish Grewal,
INSP01058,06-Mar-2026,sch_0262,False,True,Hai,Not Available,True,Gayathri Baria,No remarks
INSP00264,2025/12/15,SCH0139,H,Yes,True,Working,True,Veer Gera,Toilets locked
INSP02996,05-Apr-2025,SCH0492,True,Haan,True,False,True,Naveen Swamy,No remarks
INSP02477,2026-03-18,SCH0280,1,,True,haan,,,No remarks
INSP02024,2025/06/15,SCH-0583,True,Yes,Y,False,na,Hamsini Majumdar,Needs repair
INSP00354,2025/08/21,sch0301,True,1,True,Nahi,True,Veer Chana,Average
INSP00803,22/03/2026,0180,True,Broken,Under Repair,True,N,Qushi Zachariah,Average
INSP00209,24/04/2025,sch_0294,Y,True,Nahi hai,True,0,Naksh Andra,Good condition
INSP00614,23.03.2026,SCH-0027,H,True,True,False,,Jasmit Rama,Good condition
INSP01048,03/07/2025,SCH0133,Working,False,True,Yes,No,Ethan Sarkar,Toilets locked
INSP02158,2026-02-21,SCH0593,haan,True,False,False,True,Faras Grewal,Average
INSP01676,11.12.2025,S0381,True,N,False,Haan,True,Yashawini Sem,
INSP01272,17/07/2025,SCH0020,True,True,True,False,Under Repair,Maanas Chaudhry,Good condition
INSP01271,12-29-2025,SCH0557,True,True,N,True,False,Onkar Behl,Toilets locked
INSP01954,01.05.2025,SCH0029,True,N,Working,True,1,Osha Loyal,Toilets locked
INSP02693,2025/06/01,SCH-0526,False,False,True,True,Nahi,Warinder Vora,Average
INSP00058,2026/03/14,SCH0064,H,Y,True,1,Nahi,,Needs repair
INSP02348,2026/01/09,sch_0424,False,Working,,haan,0,Isaac Natarajan,Needs repair
INSP00812,07-Mar-2026,SCH0548,0,True,H,False,Nahi hai,Varsha Pingle,Good condition
INSP01552,25/07/2025,SCH-0089,Y,False,True,N,Available,Amaira Gandhi,No remarks
INSP02737,2025/04/03,SCH0348,Functional,H,True,True,Working,Hardik Borde,Average
INSP00562,03/05/2025,S0072,True,True,True,Functional,True,Lakshmi Ganesh,No remarks
INSP02310,05.06.2025,SCH0452,True,H,True,False,Working,Indali Bhatt,No remarks
INSP00230,2025-07-12,SCH0124,Not Available,True,True,na,True,Mason Hari,
INSP02640,20.08.2025,SCH0169,Haan,Y,Yes,haan,No,Gaurav Bobal,Toilets locked
INSP02033,2025/06/09,SCH0099,True,True,Working,True,H,Ryan Trivedi,
INSP02933,24/09/2025,sch0177,Y,haan,,False,Hai,Anusha Parekh,Good condition
INSP00539,06-15-2025,SCH0302,,True,True,True,True,Vamakshi Shroff,Needs repair
INSP01736,2026-02-17,SCH-0259,True,False,N,Available,,Janaki Upadhyay,Average
INSP02576,17/03/2026,S0249,Yes,True,haan,N,Haan,Sarthak Warrior,Good condition
INSP02229,2026-03-14,SCH0307,H,Functional,haan,N,True,Eiravati Baral,Needs repair
INSP02870,12/04/2025,SCH-0402,Yes,True,Functional,True,False,Anmol Chawla,Average
INSP00561,01-16-2026,SCH0113,True,True,True,Y,True,Mitali Setty,
INSP00708,2026-01-01,S0121,Y,True,False,True,Kharab,Aayush Krish,No remarks
INSP01235,2025-06-12,SCH0486,True,False,Nahi hai,N,True,Ishanvi Gera,Needs repair
INSP00425,06-May-2025,S0068,Yes,na,haan,False,Yes,Aahana Ravi,Average
INSP00648,2025/04/10,SCH-0425,False,Nahi,haan,1,True,Lajita Radhakrishnan,Average
INSP01883,10-08-2025,SCH0185,Haan,True,True,False,Available,Shivansh Bir,Good condition
INSP01324,17-Jul-2025,0553,True,True,False,Haan,haan,,Good condition
INSP02596,14/05/2025,SCH0031,Y,True,haan,False,False,Anay Atwal,
INSP01160,30-Dec-2025,SCH0388,,Functional,False,True,0,Samuel Sankaran,Good condition
INSP01006,29/11/2025,sch0053,False,True,H,False,False,Irya Bawa,Toilets locked
INSP00621,06.08.2025,sch0451,True,1,True,,na,Neel Dugal,No remarks
INSP01361,26-Mar-2026,SCH0572,Hai,True,False,H,False,Bhavani Prabhakar,Needs repair
INSP00554,2025/08/08,sch_0124,,True,True,Hai,na,,Average
INSP02802,2026/01/02,sch_0505,True,Working,1,True,True,Onkar Chadha,No remarks
INSP01558,11.01.2026,SCH-0220,True,1,H,Functional,False,,
INSP00999,17-Jul-2025,SCH0557,False,Functional,Y,True,True,Amol Brahmbhatt,Needs repair
INSP01365,2026-01-16,SCH0239,True,True,Available,,True,Dhruv Lad,
INSP01755,2026-02-09,SCH0039,Haan,Yes,Nahi,H,True,Nachiket Varty,No remarks
INSP02886,12-27-2025,sch0063,False,True,,False,False,Alexander Hayre,Good condition
INSP00930,10.12.2025,SCH0012,True,True,Nahi,Y,True,Watika Subramaniam,No remarks
INSP01645,14/06/2025,SCH0280,1,Y,Available,False,Haan,Sanaya Ramakrishnan,Needs repair
INSP00441,09/02/2026,SCH-0356,Working,1,Functional,True,Functional,Niharika Bansal,Toilets locked
INSP00509,2025-10-05,SCH0322,False,True,H,False,Kharab,Abdul Dugar,Good condition
INSP00590,2026/03/12,S0487,,haan,True,True,Nahi,Yashica Tiwari,Average
INSP01237,12-17-2025,SCH-0448,1,1,Yes,na,False,Aarush Bassi,Good condition
INSP00650,2025-12-23,sch_0534,True,False,na,False,No,Vedika Kohli,Needs repair
INSP02041,12/07/2025,sch0236,,True,Y,False,False,Yashawini Ganesan,
INSP02683,04-23-2025,SCH0186,True,True,H,haan,False,Vihaan Saini,Good condition
INSP01317,14.07.2025,SCH0315,1,True,1,Working,True,Harita Chatterjee,
INSP01335,2026/01/11,SCH0210,Available,1,True,True,False,Mitali Lad,Good condition
INSP01843,2026-03-15,SCH-0032,True,Y,False,True,N,Meera Sampath,
INSP00631,11/01/2026,SCH0292,Nahi hai,Functional,True,Available,Haan,Vasatika Grewal,
INSP01403,2025-11-13,sch_0469,Under Repair,Yes,True,True,Haan,Kabir Cheema,No remarks
INSP00483,06-07-2025,0389,True,Yes,haan,Broken,,,Average
INSP01245,29-Dec-2025,sch_0463,Broken,Yes,False,True,True,Ekanta Bahri,Toilets locked
INSP00728,2026/03/30,SCH-0033,H,True,True,True,True,Ridhi Gour,No remarks
INSP02571,05/11/2025,SCH0079,True,True,,True,Yes,Wridesh Soni,Needs repair
INSP00686,12.12.2025,SCH-0268,True,True,,True,True,Chanakya Raval,Needs repair
INSP02231,29.08.2025,sch0263,haan,Working,Y,False,True,Aayush Ratti,No remarks
INSP02096,29-Oct-2025,SCH0362,True,True,1,Nahi hai,,Reva Sidhu,No remarks
INSP00857,07-11-2025,S0368,No,True,Hai,True,True,Fitan De,Good condition
INSP00531,15.03.2026,S0594,,True,Y,1,False,Ranveer Tank,
INSP01996,04.11.2025,sch_0188,True,H,Hai,Available,Hai,Yagnesh Borra,No remarks
INSP00050,2025-10-03,SCH-0466,Y,Not Available,Y,Available,False,Hamsini Golla,Toilets locked
INSP00859,17/12/2025,SCH0578,Y,1,1,H,No,Pallavi Wagle,Needs repair
INSP01073,27.09.2025,sch_0583,True,Y,Yes,False,True,Wriddhish Bal,Toilets locked
INSP00720,2026/03/01,SCH0370,H,False,True,H,na,Anita Sengupta,Toilets locked
INSP01826,2026/02/08,S0416,Hai,True,False,na,True,Xalak Raghavan,Average
INSP01430,2025/09/07,SCH-0255,Nahi hai,False,True,Haan,False,Veda Parikh,Needs repair
INSP02370,2025-12-11,sch_0058,True,False,Yes,False,Y,Brinda Buch,
INSP01449,2025/12/07,SCH-0317,Hai,haan,True,,na,Chandresh Gokhale,
INSP01633,11-25-2025,SCH0554,True,True,Working,N,Haan,Tara Mahal,Good condition
INSP02244,2026/03/25,0475,True,Available,na,H,False,Vinaya Vala,Average
INSP02888,23-Apr-2025,sch_0061,True,True,Haan,False,H,Advika Raghavan,Needs repair
INSP02744,20/06/2025,SCH-0105,True,Hai,H,False,True,Brijesh Naidu,No remarks
INSP01544,12-17-2025,SCH-0236,H,True,Y,,False,Logan Sarin,
INSP02167,08-Apr-2025,sch_0365,False,True,True,True,True,,No remarks
INSP01792,2026-03-29,sch_0032,haan,na,Hai,Available,Functional,Dhriti Boase,Average
INSP01393,2025-05-01,SCH0397,Y,Haan,True,Available,Y,Veer Ramaswamy,
INSP02257,26.08.2025,SCH0036,,True,Haan,Nahi hai,haan,Dalaja Karnik,Good condition
INSP02766,05.08.2025,S0287,Hai,Hai,1,,True,Gaurangi Barad,Average
INSP01651,25.07.2025,sch_0026,Haan,Available,Functional,Hai,Yes,Dev Kata,
INSP00298,2025/12/01,SCH0141,,Y,haan,Yes,True,Jagdish Gulati,Toilets locked
INSP01327,05/02/2026,SCH-0276,True,True,True,Nahi hai,Hai,Parth Krishnamurthy,Needs repair
INSP01458,03-22-2026,SCH-0067,True,True,True,Working,True,Forum Handa,No remarks
INSP00959,05/05/2025,SCH0128,True,Y,True,True,True,Aadhya Baral,Needs repair
INSP01321,2026-01-30,S0524,False,Available,True,1,Haan,,Average
INSP01609,26/02/2026,SCH0290,0,True,Available,Haan,True,Kala Nath,Toilets locked
INSP01214,2025-11-30,sch_0212,True,False,False,0,False,Vedhika Ahluwalia,
INSP00350,05/12/2025,SCH0285,Yes,,1,True,Haan,Anamika Choudhury,No remarks
INSP02565,2025-12-30,SCH-0579,True,True,haan,False,False,Nathan Padmanabhan,Average
INSP00644,01-31-2026,sch_0260,True,haan,Available,Not Available,False,Ekaja Wason,Needs repair
INSP01897,2025-09-28,sch_0567,True,,Kharab,False,1,Dhruv Batra,Needs repair
INSP01284,03.11.2025,SCH0489,Y,True,Yes,Haan,False,Avni Modi,Toilets locked
INSP00670,08.10.2025,SCH0291,Functional,False,True,N,Hai,Warjas Mody,Average
INSP02537,2025-04-17,0265,Nahi,Hai,haan,False,Yes,,Average
INSP01643,15-Oct-2025,SCH0111,True,True,True,Functional,True,Aarini Chawla,Toilets locked
INSP01955,15/01/2026,S0561,Not Available,True,Nahi hai,na,Working,Siya Parekh,
INSP02591,2026-01-31,sch0252,Hai,True,Functional,Hai,Yes,Chaman Mistry,Average
INSP02499,15.03.2026,sch0322,True,True,True,No,,Chaitaly Bath,
INSP01553,12-17-2025,sch0071,True,Working,,False,Working,Indrajit Nori,Good condition
INSP01715,20.03.2026,SCH-0262,Y,True,Nahi,True,No,,Needs repair
INSP00787,2025-10-02,sch_0244,Haan,haan,Y,Working,Yes,Arya Ramesh,No remarks
INSP02833,21.10.2025,SCH0138,Y,Functional,False,Available,False,Harita Ratta,Toilets locked
INSP00141,14/05/2025,SCH-0318,haan,Functional,Hai,True,False,Hemani Rastogi,Toilets locked
INSP00789,2025-11-21,SCH0074,Available,H,True,Nahi hai,False,Qasim Mody,Good condition
INSP01726,2025/11/13,sch_0316,True,Nahi hai,Hai,True,True,Chakradhar Kapoor,Average
INSP02688,19-Jul-2025,SCH0009,,H,1,False,Nahi,Baljiwan Gaba,No remarks
INSP00715,2025-09-30,SCH-0334,,True,,True,True,Udyati Soman,Average
INSP01466,24/10/2025,SCH0047,True,Working,Y,False,False,Hitesh Chana,No remarks
INSP01718,11.06.2025,sch_0443,True,Haan,Hai,True,H,Peter Tella,No remarks
INSP01601,07-21-2025,0468,False,False,Haan,1,Nahi hai,Harinakshi Suri,
INSP01627,14/11/2025,SCH0018,False,True,True,True,Yes,Qasim Krishnamurthy,Average
INSP00619,07-07-2025,SCH0033,Kharab,Hai,True,H,na,Arin Nagarajan,
INSP00407,29/09/2025,SCH-0344,haan,Functional,False,True,False,Lekha Radhakrishnan,
INSP01519,09-23-2025,SCH0173,True,haan,H,Broken,False,Tanveer Tiwari,
INSP02017,09/02/2026,0420,N,True,Available,True,True,Orinder Ahuja,Good condition
INSP02937,18-Mar-2026,sch0344,False,True,True,,,Raghav Mall,No remarks
INSP01269,2025/10/04,sch0488,haan,True,True,na,,Ojasvi Rattan,
INSP01780,15-Feb-2026,sch_0453,,False,True,True,No,Qadim Prabhu,Needs repair
INSP00498,11/05/2025,sch_0590,True,True,False,Functional,True,Divya Kari,Toilets locked
INSP00343,2025-05-28,SCH-0346,True,H,Under Repair,Yes,na,Yamini Badami,Average
INSP02879,12-15-2025,SCH-0063,,,True,H,True,Devika Tank,Toilets locked
INSP02390,12/06/2025,SCH0119,0,True,False,Yes,Available,Onveer Jaggi,Good condition
INSP00783,16.06.2025,0078,Y,False,True,0,False,Harish Kaul,Average
INSP02291,2025/07/04,S0008,True,True,na,True,Nahi,Nitesh Zachariah,Average
INSP00304,2025-11-03,S0325,N,Available,Nahi,Haan,0,Faqid Mitter,
INSP01952,10-27-2025,SCH0086,True,True,True,na,False,Urvi Pai,Needs repair
INSP00665,2026-03-15,SCH0450,True,True,1,Working,H,Harinakshi Shenoy,Toilets locked
INSP01814,2026/01/19,SCH0197,No,False,True,Yes,No,Zarna Saxena,Toilets locked
INSP01624,23.06.2025,SCH0401,Functional,,Not Available,True,False,,Average
INSP02836,2025/10/18,SCH0370,False,haan,H,False,False,Lavanya Nazareth,Toilets locked
INSP01629,2025-09-03,sch0321,Available,haan,False,Not Available,False,Isaac Wagle,Average
INSP00085,05-14-2025,SCH0466,Haan,Yes,False,H,True,Bhanumati Gaba,Needs repair
INSP02333,2026/01/25,SCH0590,True,True,Broken,No,True,Yuvraj Butala,No remarks
INSP00942,28-Sep-2025,SCH0494,False,No,H,False,False,Ikbal Verma,Average
INSP00962,24-Jul-2025,sch0143,Yes,False,False,False,True,Vasatika Barad,No remarks
INSP00842,21/01/2026,sch_0142,Yes,True,True,Broken,,Veda Ratta,Good condition
INSP02777,22.10.2025,SCH0270,True,True,False,True,False,Advika Chacko,
INSP02502,2026-01-05,SCH0335,False,haan,Y,Nahi hai,True,Rachit Sibal,Good condition
INSP02651,06.01.2026,sch_0106,,True,True,False,Available,Nilima Kannan,Toilets locked
INSP01415,2025/08/19,S0330,1,True,Yes,haan,False,Odika Deol,Toilets locked
INSP00291,05/02/2026,S0441,Working,haan,H,True,H,Ikbal Swamy,Needs repair
INSP02195,01.05.2025,sch_0509,Yes,Haan,True,True,Nahi hai,Qushi Zachariah,Needs repair
INSP01242,31.12.2025,SCH-0386,False,True,True,True,0,Abha Bal,Average
INSP00605,2026-02-25,sch_0138,True,True,False,False,True,Kalpit Varma,Average
INSP02150,27.04.2025,SCH0047,True,Working,,Nahi,True,Elijah Kade,Average
INSP00917,2025/05/06,sch_0474,Functional,True,Y,Nahi,True,Lakshmi Menon,
INSP02622,16/03/2026,SCH0216,False,True,Working,na,Available,,Toilets locked
INSP01823,2025-11-03,SCH0221,False,,Y,Under Repair,Hai,Bishakha Pant,Toilets locked
INSP01100,2025/05/08,SCH0486,True,Functional,False,False,Kharab,Advay Kamdar,
INSP01089,07-Aug-2025,sch_0600,True,True,No,Yes,0,Lakshit Sem,Average
INSP02214,07.02.2026,SCH0103,True,True,Working,,False,Nitara Ghosh,Needs repair
INSP01442,2025/07/15,SCH0205,,1,haan,True,0,,No remarks
INSP00822,2025/07/12,SCH-0393,Available,H,Yes,Broken,1,Aachal Babu,
INSP02597,27/09/2025,sch_0084,haan,H,,Y,False,,Toilets locked
INSP01001,29-May-2025,SCH0240,Hai,Functional,Available,Nahi hai,True,,No remarks
INSP01495,2025-08-30,0062,False,False,Available,False,False,Garima Sodhi,
INSP00019,03-Mar-2026,SCH0418,False,haan,True,False,Available,,Needs repair
INSP02975,2026/02/18,SCH0543,Y,True,True,True,False,,Needs repair
INSP01126,11-11-2025,SCH0219,Haan,haan,,Nahi,Working,Wriddhish Kalla,Needs repair
INSP01352,08/07/2025,SCH0545,True,N,,True,True,Jack Munshi,
INSP02251,2025/10/07,SCH0497,H,,haan,Y,Not Available,Jasmit Ghose,Good condition
INSP01396,13.06.2025,SCH0390,False,True,True,False,False,,Good condition
INSP01719,07.01.2026,S0538,True,True,N,0,Hai,,Average
INSP01594,2025-11-04,SCH0378,False,haan,Working,Nahi,False,Ranveer Randhawa,Good condition
INSP01810,30.01.2026,SCH0343,H,True,,Haan,True,Divya Purohit,Toilets locked
INSP01658,17-May-2025,SCH0247,False,Yes,True,No,True,Sudiksha Nagy,Average
INSP02128,2025-04-23,S0059,Hai,1,True,True,False,Avi Chawla,Toilets locked
INSP01518,2025/05/10,SCH-0190,True,True,0,Y,1,Zansi Kaul,Toilets locked
INSP01010,10/06/2025,sch0566,na,True,haan,,True,Yutika Chowdhury,No remarks
INSP00361,12/09/2025,SCH-0410,Functional,False,True,Nahi,False,Faris Lad,Average
INSP02690,05/07/2025,SCH0292,Functional,True,True,False,False,Ethan Gala,Toilets locked
INSP02013,16.08.2025,SCH0098,True,H,Available,N,haan,Kamala Khatri,Good condition
INSP02739,2025-12-10,SCH0198,Y,True,Working,True,N,Urvashi Kala,Toilets locked
INSP01232,2025/04/24,SCH-0471,Nahi hai,Hai,True,,Haan,David Sant,Average
INSP02506,2025-05-01,SCH0521,True,Y,Available,1,No,Xalak Dixit,Average
INSP01841,10-14-2025,sch0164,False,0,True,False,False,Samaksh Murthy,Good condition
INSP00345,2025-04-12,SCH0535,True,False,True,Under Repair,Yes,Deepa Goyal,Toilets locked
INSP00987,2025-04-15,sch0385,True,True,True,True,Y,Anya Palla,
INSP02026,2026-03-06,0382,Nahi,Hai,True,True,False,Tanmayi Gokhale,Toilets locked
INSP01912,2026-03-17,S0459,True,True,N,True,False,Priya Das,Needs repair
INSP01476,27.06.2025,SCH-0258,Available,Nahi,False,False,No,Caleb Mallick,No remarks
INSP01299,2025/11/01,S0075,True,,True,Haan,Haan,Warjas Jani,Toilets locked
INSP00114,16/06/2025,SCH-0302,Haan,Hai,Yes,Available,True,Sara Palla,
INSP01211,28.06.2025,SCH0306,Y,H,Haan,True,False,Rajeshri Sheth,Needs repair
INSP02023,2025/10/04,SCH0181,No,True,Functional,False,Under Repair,Hitesh Rajan,Good condition
INSP01895,23/05/2025,SCH0220,True,False,True,False,na,Jai Kara,Toilets locked
INSP00086,12/01/2026,SCH0244,True,True,True,Hai,Nahi,Dipta Rastogi,Toilets locked
INSP02175,01-Nov-2025,S0020,H,True,haan,False,Y,Triya Sibal,No remarks
INSP00669,2026/01/29,sch_0321,Yes,True,Functional,Nahi,No,,
INSP01015,2025-12-07,sch_0060,,Working,True,False,Nahi,Daksha Wadhwa,No remarks
INSP00129,2026-01-31,SCH-0030,Available,1,Nahi hai,Haan,Under Repair,Pooja Pillai,No remarks
INSP02498,10.02.2026,sch0236,True,Y,0,haan,False,Eshana Chanda,No remarks
INSP02961,08-18-2025,SCH-0144,1,Y,False,True,haan,Azad Sachar,
INSP00892,29.04.2025,sch0400,Nahi hai,True,Hai,True,haan,Vedika Krish,Good condition
INSP01584,2025-11-27,sch0151,1,Yes,True,False,True,Zinal Rege,Good condition
INSP00308,2025/12/21,SCH0116,Yes,Yes,Hai,haan,True,Nicholas Pathak,No remarks
INSP00384,2025-10-15,SCH0051,True,na,Y,na,True,Maanas Mangat,Good condition
INSP02044,2025/10/23,SCH0245,True,Haan,Hai,True,1,William Mohanty,
INSP01296,2025/12/12,sch_0346,True,True,,False,Under Repair,Azaan Deol,
INSP02067,05/11/2025,sch_0215,H,haan,Haan,haan,False,Jagrati Grover,Needs repair
INSP00427,12-Jan-2026,SCH0452,Working,True,True,True,1,Chakrika Bajaj,Good condition
INSP00495,16.02.2026,SCH0491,Y,Nahi,True,False,True,Kai Mitra,Needs repair
INSP01208,03/04/2025,SCH0526,Yes,Nahi hai,True,True,True,Shivani Chahal,Toilets locked
INSP02084,2025/09/11,SCH0283,,No,1,Yes,0,Naveen Bhandari,Good condition
INSP01209,30/01/2026,0479,False,1,True,True,haan,Krishna Iyer,Good condition
INSP01273,2025-12-23,SCH0191,True,True,True,True,H,Aachal Garg,Good condition
INSP02317,2025-08-14,SCH0241,,Hai,1,Y,True,Daniel Nagy,No remarks
INSP01400,24/10/2025,SCH0072,True,,True,True,True,Balendra Sundaram,Needs repair
INSP01767,22.06.2025,SCH0105,Y,False,Functional,Working,No,Krisha Sheth,Toilets locked
INSP00276,10-Feb-2026,S0512,Available,True,Hai,Under Repair,1,,Toilets locked
INSP00490,08-06-2025,SCH-0353,False,Haan,True,Y,Nahi,Charvi Iyer,No remarks
INSP02667,2026/03/31,SCH-0114,0,Broken,,False,True,Jeremiah Tandon,No remarks
INSP00691,12/10/2025,sch0310,False,True,Nahi,False,False,,Average
INSP01798,2026/02/28,SCH-0582,1,Y,Haan,haan,Available,,Toilets locked
INSP01770,2026-03-21,SCH-0105,False,H,Haan,True,True,Isha Issac,
INSP02258,07/03/2026,SCH0567,1,1,True,False,Working,Guneet Kannan,No remarks
INSP01331,10.12.2025,SCH0498,1,Yes,False,Available,Yes,Nitesh Baria,No remarks
INSP00880,2025-07-08,SCH0590,Working,Y,True,,False,,Toilets locked
INSP02868,13-Feb-2026,sch0322,H,,True,Yes,False,Girish Zachariah,Good condition
INSP01059,27-Aug-2025,S0425,True,True,Nahi,na,No,,Toilets locked
INSP00119,08/05/2025,SCH-0009,True,Nahi,Kharab,Functional,True,Owen Koshy,Average
INSP01025,19-Mar-2026,SCH0056,1,True,Y,True,True,Amara Sura,Average
INSP02784,01-07-2026,SCH0042,True,True,False,True,True,Aishani Butala,Needs repair
INSP00282,04-26-2025,sch0148,Nahi hai,haan,True,Yes,True,Yuvraj Suri,Good condition
INSP01672,27.02.2026,SCH0540,True,True,True,No,False,Bahadurjit Jhaveri,
INSP02459,01-Feb-2026,sch0298,False,Haan,haan,,No,Zaitra Brahmbhatt,
INSP00969,09-18-2025,SCH-0290,False,True,False,H,False,Sanya Dutta,Toilets locked
INSP02064,25-Jan-2026,SCH-0080,True,False,True,True,False,Ethan Muni,
INSP01919,01-Jun-2025,SCH0536,,True,True,N,Y,Chaaya Parekh,
INSP01790,2025-08-14,SCH-0213,na,False,Hai,True,N,Yoshita Rastogi,No remarks
INSP00156,04-11-2025,SCH0331,False,Y,No,True,False,Christopher Kohli,
INSP00305,2026/03/01,sch_0416,,Haan,True,True,Nahi,Krisha Patel,No remarks
INSP02054,2025-11-12,SCH-0232,True,True,Functional,True,True,Vasatika Dyal,
INSP02684,2025/12/05,SCH0340,Under Repair,Hai,True,True,True,,Average
INSP01690,05-Apr-2025,S0237,Haan,False,True,1,False,Anirudh Swaminathan,Needs repair
INSP02781,19/04/2025,SCH0405,True,True,True,na,True,Saksham Palla,No remarks
INSP02360,2025/12/18,sch_0040,False,False,Hai,Nahi hai,True,Qabil Mani,Toilets locked
INSP01526,26/01/2026,SCH0418,,1,False,True,False,Netra Puri,No remarks
INSP00576,31.03.2026,SCH0018,Nahi hai,Available,Y,False,True,Ubika Nath,Needs repair
INSP02065,17/02/2026,sch0487,Nahi hai,Functional,True,True,False,Unnati Dayal,Needs repair
INSP02705,27-Feb-2026,SCH0063,H,True,True,True,N,Chatresh Gala,Good condition
INSP02759,2025-04-05,SCH0448,True,True,Nahi,Not Available,N,Upkaar Kamdar,Toilets locked
INSP01584,2025-11-27,sch0151,1,Yes,True,False,True,Zinal Rege,Good condition
INSP01322,04-28-2025,sch_0209,Haan,haan,False,False,False,Harita Zachariah,Good condition
INSP00844,2025-07-26,SCH0053,Kharab,,True,,Hai,Warjas Sundaram,No remarks
INSP01407,24-Nov-2025,sch0459,na,True,False,Nahi hai,False,,No remarks
INSP00270,2025-12-26,sch0175,Y,True,H,,Working,,Good condition
INSP00630,2026-01-26,SCH-0104,True,True,True,True,True,Dayamai Gola,No remarks
INSP01034,2025/10/13,SCH0111,haan,True,True,Y,na,Charan Bhakta,Needs repair
INSP00287,2025/05/09,SCH-0395,Haan,True,Yes,Yes,Haan,Warhi Kanda,
INSP02331,03-29-2026,SCH0379,,True,No,True,False,Siya Shan,Good condition
INSP00301,2025-10-31,SCH-0078,Yes,Hai,H,False,True,Saanvi Tripathi,Toilets locked
INSP01510,23-Aug-2025,S0336,True,True,H,True,Nahi hai,Jagdish Warrior,Toilets locked
INSP02020,31.12.2025,sch_0209,True,,False,False,False,Anmol Pau,Needs repair
INSP01868,2026-01-19,SCH0283,True,True,Yes,haan,True,Ayaan Handa,Good condition
INSP01468,01-18-2026,SCH0452,,True,Available,N,na,Quincy Dewan,Toilets locked
INSP00066,2025-07-01,SCH0242,True,Haan,Working,True,Hai,Yadavi Krishnan,
INSP02340,02.03.2026,SCH-0174,True,N,Y,False,False,Lohit Sahni,Toilets locked
INSP00891,08-Dec-2025,SCH0446,False,Haan,haan,False,True,Radha Mahajan,Average
INSP01879,2025-09-29,SCH0430,True,True,True,True,0,,No remarks
INSP01972,2025-07-21,SCH0168,True,Haan,1,Y,Functional,Kalpit Varkey,Needs repair
INSP02657,12-16-2025,sch_0125,False,H,haan,Haan,1,,
INSP02976,09-Jan-2026,SCH-0388,Yes,True,H,,True,,Average
INSP00231,2025-07-01,sch_0365,Y,True,True,True,True,Irya Patla,Needs repair
INSP00504,17-Apr-2025,SCH0265,Yes,Haan,False,haan,haan,Balvan Babu,Needs repair
INSP01353,17/08/2025,sch0179,True,Y,Hai,True,haan,Veda Sethi,No remarks
INSP01511,04-24-2025,SCH-0419,,Functional,True,Available,,Gabriel Bhakta,Average
INSP01613,12.01.2026,S0361,0,True,Yes,Kharab,True,Ekta Pingle,No remarks
INSP01375,29.09.2025,SCH0310,True,True,,Haan,True,Ojas Mohanty,No remarks
INSP01005,19/04/2025,SCH0138,True,No,Hai,0,Nahi,Qasim Walia,Average
INSP00837,03/05/2025,sch_0428,Y,True,True,True,True,Ethan Som,Good condition
INSP01724,2025/06/15,SCH0348,,True,haan,True,True,Yadavi Suresh,No remarks
INSP00375,19-Feb-2026,sch0204,No,True,,True,1,Warjas Solanki,No remarks
INSP01399,2025-07-12,SCH0517,1,Y,Functional,Haan,Haan,Osha Mandal,
INSP02226,2025-10-09,SCH0431,Yes,False,True,Available,True,Ekanta Karpe,Toilets locked
INSP01993,21-Nov-2025,SCH-0214,True,,na,Yes,False,Raghav Saxena,
INSP02012,11-25-2025,SCH0223,1,False,Y,False,na,,
INSP01006,29/11/2025,sch0053,False,True,H,False,False,Irya Bawa,Toilets locked
INSP00752,01-04-2026,SCH0381,H,haan,True,Hai,H,Rajata Srinivas,Toilets locked
INSP00100,01/08/2025,sch_0033,Hai,True,True,haan,1,Onkar Sarma,Average
INSP01923,05-Apr-2025,SCH0253,Hai,Yes,Functional,H,False,Harita Toor,Needs repair
INSP00867,2025-10-01,0495,Yes,True,True,True,True,Robert Pradhan,
INSP00911,2025/09/18,SCH-0400,False,True,True,Functional,1,,Toilets locked
INSP01477,09-15-2025,sch0297,na,True,Haan,Yes,True,Sanya Tata,Average
INSP00530,12-15-2025,0524,True,,True,Nahi hai,Hai,Jonathan Narasimhan,Average
INSP01261,07/04/2025,SCH0204,1,False,True,False,Broken,,Toilets locked
INSP01832,2025-11-15,sch_0362,False,True,Hai,Nahi hai,Haan,Devansh Rai,
INSP00637,27/10/2025,SCH0038,Y,False,haan,Kharab,False,Noah Mittal,Good condition
INSP01270,2025/11/11,SCH0056,True,Available,True,True,Yes,Jeevika Gola,Good condition
INSP00186,28-Aug-2025,SCH-0179,Yes,True,True,True,True,Charita Karan,
INSP01382,2025-11-16,SCH0306,Haan,Nahi,False,H,True,Ekbal Dalal,No remarks
INSP01568,2025-06-27,sch_0076,Y,True,,haan,False,Abdul Kara,Average
INSP00932,2025/09/23,SCH0311,Available,,True,,0,Barkha Chaudhuri,Toilets locked
INSP02877,08.06.2025,sch_0404,False,True,Working,Working,False,Anika Deshmukh,
INSP02419,01-08-2026,sch_0221,Yes,True,True,Yes,False,Kamala Sampath,No remarks
INSP01559,11-03-2025,SCH0544,H,True,Nahi hai,Under Repair,False,Triya Acharya,No remarks
INSP02810,2025/08/16,SCH-0587,Broken,True,True,False,Hai,Mohammed Wable,Average
INSP01274,14-Jul-2025,SCH0356,,True,False,True,H,Ekaja Guha,Average
INSP02180,25.10.2025,sch_0591,Yes,True,True,False,True,Advaith Badal,Average
INSP00608,2025-08-26,sch_0580,Y,True,No,True,False,David Viswanathan,Toilets locked
INSP01503,16/10/2025,SCH0140,True,True,True,True,1,Krishna Thaman,Needs repair
INSP00152,2025-10-05,SCH-0127,No,True,Functional,True,False,Zayan Ramakrishnan,Good condition
INSP01437,2025/04/03,SCH0373,Hai,Haan,True,na,False,Aadhya Sachar,Needs repair
INSP02260,22-Jun-2025,SCH0239,Haan,True,,False,True,Girik Wable,No remarks
INSP00732,13.09.2025,SCH0480,True,Y,Nahi,Available,True,Lopa Balay,No remarks
INSP02857,02-10-2026,SCH0305,na,na,Haan,True,True,Vasudha Badami,Toilets locked
INSP00094,28-Oct-2025,SCH0234,Y,na,True,No,True,Ekapad Rattan,Needs repair
INSP02869,2025-04-21,SCH0566,True,haan,True,Yes,True,Rajeshri Mitra,Toilets locked
INSP00024,03-09-2026,SCH0056,True,True,1,True,Not Available,Bhavna Kamdar,No remarks
INSP02627,16.09.2025,S0495,False,True,True,haan,True,Arunima Krishna,Average
INSP00159,14.10.2025,SCH0559,True,True,True,0,Nahi hai,Nidra Rout,Good condition
INSP00862,09/05/2025,SCH0168,N,Yes,False,H,False,Ishanvi Patil,
INSP00903,24/02/2026,SCH-0331,Working,H,False,N,H,Aachal Tella,Toilets locked
INSP02981,25-Feb-2026,0253,True,True,False,False,True,Balendra More,Toilets locked
INSP01231,2025-08-25,SCH-0243,True,1,True,,True,Balveer Garde,Needs repair
INSP02377,12-Dec-2025,SCH0540,True,True,1,Kharab,Nahi hai,Bina Deshpande,Average
INSP00445,09-Jul-2025,SCH-0569,H,1,Haan,False,Kharab,Hiral Ray,Toilets locked
INSP01821,12/12/2025,SCH0457,Available,Nahi hai,True,,Working,Darpan Dara,Toilets locked
INSP00755,15/07/2025,S0575,Available,Functional,True,H,na,Dayita Om,Toilets locked
INSP00924,12-10-2025,SCH-0155,True,Hai,Yes,1,True,Lucky Ratti,Needs repair
INSP01942,2026-02-12,sch0137,True,1,Y,Working,N,Reyansh Kata,Average
INSP02988,03/05/2025,SCH0242,No,Haan,True,Yes,False,Janaki Bajwa,Average
INSP00312,03-23-2026,sch0175,True,Haan,True,False,True,Nihal Panchal,Needs repair
INSP00549,2026-01-29,SCH0429,1,Yes,True,False,False,Lila Oak,Toilets locked
INSP02105,23-Jan-2026,S0173,True,True,Not Available,False,False,Ati Sankar,No remarks
INSP01625,2025-04-13,SCH0498,False,True,True,0,Nahi,Kevin Gole,
INSP00307,28/12/2025,sch0595,True,True,True,H,Nahi hai,David Pillai,Good condition
INSP00288,03-Nov-2025,S0283,Yes,False,True,True,Haan,,Needs repair
INSP00695,09-Apr-2025,sch_0278,True,True,H,H,True,Nimrat Prashad,Needs repair
INSP00309,2025/05/10,SCH0487,True,True,Available,Nahi hai,na,Osha Kant,Average
INSP02444,2026-01-01,sch0286,True,haan,0,True,True,Qarin Mandal,Average
INSP00750,24.03.2026,sch_0080,False,True,Haan,True,True,Udant Sehgal,Toilets locked
INSP01602,03/02/2026,SCH0323,True,True,1,,True,Zarna Rama,
INSP02632,18.02.2026,SCH-0051,True,Nahi,True,Nahi hai,0,Upma Bir,Toilets locked
INSP01691,29.07.2025,0570,True,Y,True,Y,na,Advay Sandhu,Average
INSP01577,2026/03/24,SCH-0552,,True,Haan,,False,,Good condition
INSP00909,16-Jun-2025,sch_0112,H,Y,,1,True,Zarna Purohit,No remarks
INSP00087,2025-12-27,SCH0568,No,True,True,True,1,Sachi Vyas,Average
INSP02504,06/08/2025,SCH-0059,H,True,True,Yes,N,Fitan Kanda,No remarks
INSP02958,28.06.2025,SCH0264,Yes,Working,Nahi,True,Under Repair,Michael Amble,Toilets locked
INSP02624,2025/09/01,SCH0035,False,Yes,H,True,True,Mugdha Dasgupta,No remarks
INSP00971,2025-08-22,SCH0547,Yes,True,True,,True,Jairaj Jaggi,Needs repair
INSP00014,05/01/2026,SCH-0325,Functional,True,False,haan,Haan,Falan Sankaran,Needs repair
INSP00874,12-09-2025,SCH0011,1,True,1,Nahi,haan,,Needs repair
INSP00809,28/01/2026,sch_0064,No,True,Not Available,False,True,Viraj Barad,Good condition
INSP02711,2026-02-23,SCH0168,False,Haan,False,Broken,True,Zehaan Kumer,Toilets locked
INSP00515,2025/04/05,SCH-0548,Haan,True,Available,True,na,Vidhi Khalsa,No remarks
INSP02779,08/02/2026,sch0481,True,H,True,Working,na,Sai Mahal,Needs repair
INSP00410,2025/11/03,sch0072,1,H,Haan,No,False,Wishi Babu,
INSP02010,2025-09-18,sch_0206,H,True,True,N,True,Praneel Bhandari,No remarks
INSP01338,2026/01/17,SCH0261,Functional,Yes,,True,False,Mitali Krishnamurthy,No remarks
INSP02383,02-05-2026,0199,Broken,Functional,True,False,False,Siya Grover,No remarks
INSP01462,03-Jun-2025,sch_0138,Kharab,Y,True,True,N,Nidra Dasgupta,Toilets locked
INSP01371,01.03.2026,SCH0275,False,Haan,Y,,Nahi hai,Laban Menon,Average
INSP02807,02-Sep-2025,SCH0259,True,1,Available,Nahi hai,False,Aachal Johal,Good condition
INSP01585,15/09/2025,sch0263,1,1,,H,Y,Chasmum Mittal,Good condition
INSP00383,09-17-2025,SCH0473,True,1,True,Nahi,False,Fariq Naidu,Needs repair
INSP02016,04-07-2025,0201,True,False,True,Not Available,H,Ojas Garde,Good condition
INSP02663,29.09.2025,SCH-0229,True,Hai,True,True,Y,Falguni Dasgupta,
INSP02496,2025-09-10,SCH0243,False,Y,Nahi hai,True,True,Garima Mane,No remarks
INSP02462,2025/07/07,SCH0016,True,True,True,H,,Viraj Batta,Toilets locked
INSP01848,18/01/2026,sch_0051,Haan,Haan,1,True,False,Oscar Maharaj,Good condition
INSP02059,2026-01-16,SCH0145,True,Y,Haan,Nahi hai,,Chaitaly Mutti,Good condition
INSP02629,03-22-2026,SCH0448,Y,True,True,False,True,Jeremiah Sidhu,Toilets locked
INSP00553,25-Aug-2025,SCH0245,haan,Y,True,Not Available,False,Jagvi Kumar,
INSP00223,2025/10/14,SCH0027,N,Nahi,,Not Available,Broken,Shravya Divan,
INSP01097,2025/07/25,S0530,Functional,True,,True,N,Jagat Pathak,Toilets locked
INSP00045,11-04-2025,SCH-0003,Haan,Functional,Broken,1,True,Nicholas Keer,No remarks
INSP00009,29/12/2025,SCH0555,True,Available,Y,True,True,Benjamin Bali,Needs repair
INSP02863,23-Jan-2026,SCH0586,,Hai,Hai,Under Repair,Hai,Onkar Mohanty,Needs repair
INSP00317,2026/02/25,sch_0154,True,Hai,False,True,Hai,Chatresh Naik,
INSP01329,16-Apr-2025,SCH0151,H,H,False,Y,False,Praneel Keer,Toilets locked
INSP00428,28.06.2025,SCH0207,,Yes,True,N,Hai,Robert Sarraf,Average
INSP01492,12/12/2025,sch_0268,False,False,Haan,1,,,
INSP00106,17.01.2026,0441,True,True,True,True,True,Pahal Upadhyay,Needs repair
INSP02241,22-May-2025,SCH0505,Haan,1,False,Not Available,False,Zaitra Narula,No remarks
INSP00143,13-Dec-2025,sch0402,True,True,True,haan,Available,Bhavya Mannan,Good condition
INSP00122,03.07.2025,SCH0359,True,H,False,Available,No,Geetika Sampath,Average
INSP02495,26.07.2025,sch0504,,Hai,Functional,Functional,False,Vedhika Srinivas,Average
INSP00409,17.04.2025,sch_0069,H,True,True,Nahi,Working,Vaishnavi Sarkar,No remarks
INSP01190,2026-03-08,SCH-0496,Nahi hai,haan,H,True,True,Damini Madan,Good condition
INSP02081,02-14-2026,SCH0443,,True,Nahi hai,1,na,Hema Basu,Good condition
INSP02783,17-Jul-2025,sch0480,1,True,True,Y,False,Oni Bhagat,
INSP02114,2025-10-24,SCH-0388,Nahi,haan,Hai,N,na,,
INSP00116,2026/01/07,S0071,na,False,True,Hai,False,Ekbal Mohanty,Average
INSP01570,10/02/2026,sch0257,True,True,haan,True,Nahi hai,Deepa Kalla,Toilets locked
INSP02269,2026/02/08,SCH-0558,True,True,True,Working,True,Prisha Tank,No remarks
INSP02261,20-Sep-2025,SCH0509,True,True,True,Yes,haan,Yash Andra,Good condition
INSP01818,26-Jun-2025,SCH0211,Yes,Yes,Y,Yes,No,Krisha Sabharwal,Average
INSP00417,25.10.2025,SCH0200,1,True,na,Nahi hai,True,Pranit Luthra,Toilets locked
INSP01784,30-Jul-2025,SCH0397,1,True,True,Haan,No,,Good condition
INSP02004,2025/10/05,sch0132,,1,False,H,H,Andrew Raju,Average
INSP00673,04.09.2025,SCH-0173,True,False,Nahi,True,Hai,Vrishti Misra,No remarks
INSP01727,26-Jul-2025,SCH0371,False,True,haan,H,Nahi hai,Irya Suri,
INSP01819,30/03/2026,S0495,Yes,Y,Yes,False,True,,
INSP02186,04/05/2025,sch_0193,N,True,Available,N,Y,Aayush Viswanathan,Average
INSP00592,2025-12-03,sch_0329,Haan,,False,Hai,False,Laksh Narayanan,
INSP02187,14.01.2026,SCH0049,True,True,True,Working,True,Idika Vasa,Good condition
INSP00889,2025-07-01,S0379,True,True,Yes,0,False,Wriddhish Lal,
INSP01958,2025/10/18,SCH0525,N,True,Haan,True,True,Christopher Choudhury,Toilets locked
INSP02292,29.10.2025,SCH0013,Working,Haan,Y,True,na,Niharika Gara,Good condition
INSP02058,10-16-2025,sch0588,Yes,True,,Functional,False,Vritti Om,No remarks
INSP00214,30/08/2025,SCH0147,Available,True,H,True,Yes,Balveer Din,Needs repair
INSP00779,08.08.2025,sch_0418,True,True,Haan,Not Available,,Gaurika Dugal,Good condition
INSP01863,27.08.2025,sch0092,Nahi,,Haan,Not Available,na,Pratyush Mani,
INSP00801,2025-08-06,sch0552,False,Y,Available,haan,True,Henry Modi,Average
INSP02610,2025/12/19,SCH0145,,1,True,Y,Nahi,Bishakha Subramaniam,No remarks
INSP01615,05-22-2025,S0534,Working,Yes,True,Y,False,Bishakha Baria,Needs repair
INSP01703,30.05.2025,SCH0242,Y,True,True,H,N,Harini Ahluwalia,Needs repair
INSP02407,16/01/2026,S0533,False,False,,True,0,Ati Lala,Needs repair
INSP02915,2025/11/21,SCH0144,,True,1,False,False,Oliver Dubey,
INSP02986,04-Sep-2025,sch_0293,Yes,True,H,True,True,Nandini Mann,Good condition
INSP02851,22.03.2026,S0442,True,False,True,0,1,Yug Chand,Needs repair
INSP01344,10/03/2026,SCH0450,False,True,haan,False,No,Omya Minhas,Good condition
INSP00274,21.07.2025,SCH0453,True,True,True,0,N,Lekha Khanna,Average
INSP00072,23-Sep-2025,SCH0321,,Haan,True,No,False,,Good condition
INSP02534,29/05/2025,SCH0023,True,haan,Y,na,False,Avi Rau,
INSP01088,2025-07-31,S0316,True,True,1,True,False,Chatura Cheema,No remarks
INSP00395,28-Feb-2026,sch_0191,Haan,,Haan,Working,0,Harita Balan,Average
INSP00584,09.08.2025,SCH0196,True,Available,Available,na,False,Tanmayi Mann,Good condition
INSP01704,06/04/2025,SCH0433,No,,Functional,True,Functional,Gaurang Bandi,No remarks
INSP02124,27-Apr-2025,SCH0043,True,Y,Haan,Haan,1,,
INSP02130,2025-10-02,SCH0199,H,Available,Functional,N,True,,No remarks
INSP00501,22-May-2025,SCH0126,True,Not Available,True,False,Nahi,Chandresh Bava,Toilets locked
INSP02894,2025/06/19,SCH0479,Haan,,False,Nahi hai,No,Faraj Nori,Good condition
INSP02343,2025/07/09,sch_0320,True,No,True,True,False,Zayyan Khare,Good condition
INSP00766,20-Feb-2026,0268,H,True,True,Haan,Available,Ayush Bakshi,Needs repair
INSP02881,25/12/2025,SCH0080,Nahi,1,,True,Hai,Vansha Solanki,Average
INSP01652,2025-12-25,SCH0088,Haan,Functional,True,Haan,Y,Ayaan Tak,Good condition
INSP01260,12-May-2025,SCH0477,N,1,,True,Hai,Avni Butala,Average
INSP02909,2025-12-16,sch_0308,False,Not Available,,N,True,Laban Hari,Needs repair
INSP02242,29-Nov-2025,SCH0171,True,Yes,Hai,,False,Balendra Thaker,Needs repair
INSP00206,23/11/2025,SCH0218,True,haan,True,True,False,Yahvi Brahmbhatt,Average
INSP00734,2025/05/28,SCH0419,True,False,True,H,Hai,Anay Dubey,Good condition
INSP02514,07-Jun-2025,sch_0442,True,Working,False,No,1,Benjamin Mahajan,
INSP00527,2026/03/30,SCH-0209,True,Nahi hai,True,False,Nahi hai,Bhavini Contractor,No remarks
INSP01917,10-25-2025,SCH0232,True,True,,False,Functional,Garima Dhawan,Toilets locked
INSP00899,2025-07-30,SCH-0108,0,Not Available,False,False,1,Upma Mani,
INSP00378,21-Aug-2025,sch_0299,Available,True,Y,True,Nahi,Ikshita Kadakia,Toilets locked
INSP01926,2025/06/04,SCH0247,True,1,True,1,haan,,Needs repair
INSP02820,17-Dec-2025,sch0328,N,Hai,True,Functional,False,Yasti Arya,
INSP01612,30.04.2025,0205,False,Hai,True,Broken,True,Azad Narayan,Needs repair
INSP00387,07/05/2025,SCH0307,True,1,True,H,Haan,Gaurang Chowdhury,Needs repair
INSP00199,06-08-2025,sch0253,False,H,1,True,False,Harshil Choudhury,
INSP01051,12-25-2025,SCH0319,,True,1,True,Hai,Ubika Kari,Good condition
INSP00591,27/03/2026,SCH0384,True,H,Y,False,Y,Anirudh Dewan,Needs repair
INSP00520,19.03.2026,0220,Nahi hai,True,Broken,False,Nahi,,No remarks
INSP02132,2025-07-31,sch_0568,True,0,False,N,Working,Yadavi Dora,Average
INSP02747,23/07/2025,SCH0174,True,Available,True,N,False,Nathaniel Purohit,No remarks
INSP00430,31-Jan-2026,SCH-0412,False,True,True,False,Y,Chandran Singhal,Toilets locked
INSP01084,01/03/2026,SCH0194,Nahi hai,Y,True,,No,Nirja Bandi,Average
INSP00208,24/11/2025,SCH0376,True,True,Y,,False,,No remarks
INSP00492,2025-04-10,sch_0536,True,True,True,True,na,Ethan Samra,No remarks
INSP02104,2025/10/17,0321,False,True,False,No,True,Siddharth Ramesh,
INSP01360,13/07/2025,sch0168,Hai,1,H,True,Functional,Triya Dewan,Toilets locked
INSP00793,06.09.2025,SCH-0228,Functional,haan,No,N,Available,,No remarks
INSP02623,2025/04/16,SCH0074,H,True,0,Y,Nahi,Faras Deo,Needs repair
INSP01187,19/12/2025,SCH-0269,Hai,True,Y,False,N,Fariq Kunda,
INSP01186,04-26-2025,S0540,Kharab,Nahi,False,na,False,Saumya Parsa,Toilets locked
INSP01965,2026-02-07,SCH-0079,Functional,True,Yes,True,haan,Hardik Dhillon,No remarks
INSP01816,25/09/2025,SCH0216,True,Y,False,True,Y,Urishilla Gour,No remarks
INSP02352,2025/07/19,S0348,Hai,Hai,Yes,Working,False,Siya Mody,No remarks
INSP01411,01/10/2025,SCH0289,,1,True,Yes,0,,Needs repair
INSP00084,01-02-2026,S0093,,True,True,haan,,Meera Sura,Good condition
INSP02554,22-Dec-2025,SCH0278,False,True,Broken,True,Yes,Irya Srinivas,Needs repair
INSP02346,02.07.2025,sch0523,H,True,Haan,False,No,Girindra Gade,
INSP00021,12-Apr-2025,sch0199,True,True,False,True,Kharab,,No remarks
INSP01539,2025-05-08,S0149,False,Haan,False,Yes,haan,Ubika Kala,Average
INSP01707,15/04/2025,SCH0550,Haan,,True,Hai,0,Arjun Bava,No remarks
INSP01745,03-21-2026,SCH0599,True,True,True,True,True,Ijaya Andra,Average
INSP01406,20/10/2025,SCH0111,True,True,True,True,True,Aarush Venkataraman,No remarks
INSP02867,2026/01/14,0535,Kharab,Available,True,Yes,True,Mohammed Prashad,
INSP02343,2025/07/09,sch_0320,True,No,True,True,False,Zayyan Khare,Good condition
INSP02832,2025-05-15,S0063,haan,Y,True,False,na,Eiravati Tripathi,Toilets locked
INSP02883,05-Aug-2025,SCH0449,True,True,True,False,Yes,,No remarks
INSP00974,25/05/2025,SCH0276,,True,False,True,haan,Keya Zacharia,Good condition
INSP02932,08-19-2025,sch_0516,False,Functional,True,haan,0,Devansh Loyal,
INSP00884,2025-10-17,SCH0377,Hai,Haan,,True,Haan,Ishita Raja,
INSP01099,04-25-2025,sch0239,True,True,True,False,,Orinder Sur,Good condition
INSP00157,09-10-2025,SCH0201,True,True,Working,True,False,Wazir Panchal,Needs repair
INSP02400,05-07-2025,SCH0464,True,True,haan,Haan,No,,Average
INSP00887,2025-09-23,SCH0105,Hai,True,,True,Y,Balhaar Dhawan,Needs repair
INSP02013,16.08.2025,SCH0098,True,H,Available,N,haan,Kamala Khatri,Good condition
INSP01779,09-17-2025,SCH0063,Haan,Yes,Haan,False,False,Zayan Aurora,Average
INSP02608,2025/08/04,SCH0290,haan,Broken,True,True,Available,Fariq Mitra,Toilets locked
INSP01673,02-26-2026,sch_0471,Y,N,True,H,0,Sarthak Bhardwaj,Good condition
INSP02666,2025/04/21,SCH0600,No,Y,True,Under Repair,Nahi hai,Ganga Nayak,Needs repair
INSP02487,10-Dec-2025,SCH0438,Under Repair,True,1,True,Broken,Chanakya Hayer,
INSP02977,2025-04-14,SCH-0359,Nahi hai,True,True,haan,False,Jeremiah Chaudhari,
INSP01454,02/09/2025,S0141,H,N,H,True,False,Adya Issac,No remarks
INSP02786,05-19-2025,SCH0358,Yes,,Nahi,Available,na,Ayush Deshmukh,
INSP00459,27/12/2025,sch0307,Y,True,False,Y,True,Reyansh Raval,
INSP00015,2025-04-05,SCH0124,True,True,False,H,Y,Yashoda Jani,Average
INSP00079,13.12.2025,SCH-0207,True,True,Functional,True,Nahi,,No remarks
INSP02679,2025-12-05,SCH0412,N,Functional,True,False,,Samesh Koshy,Good condition
INSP01057,2025-06-06,S0009,True,True,Working,Nahi,Nahi,Veda Chada,No remarks
INSP00907,2026/03/12,sch0598,True,True,False,False,True,Turvi Banerjee,Needs repair
INSP01750,21-May-2025,SCH0089,False,H,Y,Nahi,,Yashvi Mohan,
INSP02334,22-Nov-2025,sch_0046,haan,haan,Working,No,No,Samesh Krishnan,Toilets locked
INSP02835,10-28-2025,S0273,Y,True,True,No,False,Nathan Keer,Good condition
INSP00381,03-Nov-2025,sch_0235,True,H,True,True,Not Available,George Arya,No remarks
INSP00948,03-12-2026,SCH-0071,na,Working,Yes,False,Hai,Nihal Devan,Good condition
INSP01911,19.05.2025,sch0423,True,True,,Y,Under Repair,Owen Nagy,Average
INSP02118,03.01.2026,SCH0429,True,True,True,Hai,True,Maanas Handa,Average
INSP00716,27.10.2025,SCH-0117,True,True,Y,Available,1,Jagdish Gour,No remarks
INSP02108,10-14-2025,SCH0295,haan,Available,Hai,Nahi,Available,Widisha Pall,Toilets locked
INSP00687,17.10.2025,SCH0284,True,Functional,Y,True,False,Yug Kamdar,No remarks
INSP02698,03-Jun-2025,SCH0282,True,True,1,True,na,Gaurika Upadhyay,
INSP01294,23-Oct-2025,SCH0099,False,Yes,True,Y,H,Udant Muni,Needs repair
INSP00306,17-Jun-2025,0447,Available,,False,False,True,Isaiah Golla,Toilets locked
INSP00210,2025-12-22,sch0500,False,Y,True,Working,Yes,Divya Atwal,Toilets locked
INSP01660,2026/01/27,SCH-0026,Yes,,Haan,True,False,,Good condition
INSP02341,2025-09-14,SCH0561,N,1,False,False,Hai,Nitara Comar,Toilets locked
INSP01201,06-Dec-2025,SCH0297,Hai,False,Hai,False,0,Samar Bhatt,
INSP01721,2025-04-08,SCH0600,Nahi,True,True,Hai,True,Om Sanghvi,Needs repair
INSP00886,07-12-2025,S0409,Y,haan,True,True,False,Gautam Krishnan,Toilets locked
INSP02615,31/05/2025,SCH0129,False,1,True,False,False,,No remarks
INSP00918,01-Aug-2025,SCH0221,True,H,True,No,Kharab,Umang Kulkarni,
INSP01861,2025-09-25,SCH0061,True,Functional,H,False,0,Aarush Ramakrishnan,Toilets locked
INSP01065,27-Jun-2025,SCH-0074,Haan,True,False,Haan,N,Jalsa Gokhale,Good condition
INSP00192,30/03/2026,sch0188,Hai,False,True,1,1,Tanvi Bahri,No remarks
INSP01949,01-23-2026,SCH0203,H,True,Functional,,Working,Ganga Nayak,Needs repair
INSP02148,21.09.2025,S0058,False,False,1,Working,,Netra Shetty,Needs repair
INSP01266,2026-03-20,SCH-0479,True,N,Hai,True,False,Wyatt Shroff,Needs repair
INSP00484,14-Aug-2025,sch_0004,Y,haan,True,1,Not Available,Michael Thakur,Toilets locked
INSP00916,11.08.2025,SCH0274,Hai,False,Working,False,False,Ethan Swaminathan,No remarks
INSP02733,08.09.2025,sch_0071,True,True,Haan,Yes,Haan,,Average
INSP00278,2026/02/06,sch_0530,False,True,True,False,Nahi,Joshua Rajagopalan,Toilets locked
INSP00989,31/03/2026,SCH0413,1,False,True,Hai,,Gavin Taneja,Toilets locked
INSP01957,2026-03-26,SCH0210,Y,True,False,True,False,Ayushman Raju,No remarks
INSP01246,2025/07/06,SCH-0285,Hai,haan,True,0,,Henry Basak,Good condition
INSP01815,2025-05-01,sch_0240,False,False,True,True,Not Available,Lavanya Choudhry,Average
INSP00572,2026-02-21,SCH-0369,1,Working,Broken,True,Available,Bakhshi Raman,Toilets locked
INSP01436,09/04/2025,SCH0312,Nahi,True,True,True,na,Manthan Raja,Average
INSP00994,2026/02/08,SCH0595,Haan,False,N,Kharab,True,,Good condition
INSP01567,08/01/2026,SCH0434,False,True,False,False,False,Jatin Ganesh,
INSP01563,2025-10-10,SCH0589,False,na,Yes,0,False,Waida Thakkar,No remarks
INSP00586,2025/04/21,SCH0569,False,True,,haan,H,,Needs repair
INSP02526,10-28-2025,sch0484,N,True,N,True,False,Dayita Nayar,Needs repair
INSP02788,18.02.2026,SCH-0508,,True,1,,No,Samar Munshi,
INSP02324,2025-08-13,SCH0493,True,na,Nahi hai,False,Y,Ati Wagle,Average
INSP01350,2025-08-21,SCH0169,H,1,N,Hai,Nahi hai,Tarak Shetty,
INSP01008,04-04-2025,SCH-0583,0,True,na,Yes,Nahi hai,Omisha Oza,
INSP00675,31.07.2025,SCH0513,Hai,False,1,True,Y,,Average
INSP02203,10-Jul-2025,S0472,True,True,,True,True,Chanakya Tandon,Average
INSP00856,01-Aug-2025,S0373,True,True,0,Not Available,True,Jagrati Krishnamurthy,Needs repair
INSP00448,01-Jun-2025,S0066,Hai,True,Functional,,True,Odika Maharaj,Needs repair
INSP01843,2026-03-15,SCH-0032,True,Y,False,True,N,Meera Sampath,
INSP01862,11-Apr-2025,0243,1,True,True,True,No,Praneel Kalla,Toilets locked
INSP01804,13/05/2025,SCH-0246,H,1,False,,Broken,Madhav Wali,Needs repair
INSP02382,2025/09/25,SCH-0043,True,Yes,Haan,0,1,Caleb Thakur,Needs repair
INSP02813,2025/12/03,SCH0281,True,True,False,False,True,Anita Tara,
INSP02509,11-03-2025,sch_0589,H,Working,H,True,na,Chanakya Taneja,Needs repair
INSP01915,03/05/2025,SCH0390,Haan,True,1,True,,Anay Golla,
INSP02809,01-Aug-2025,sch_0326,True,True,Haan,True,False,Anthony Jha,
INSP02619,21-Dec-2025,SCH0320,haan,True,True,True,False,Vihaan Parsa,Average
INSP01248,22/03/2026,SCH0520,True,True,True,Nahi,False,Logan Balasubramanian,Average
INSP00295,20-Jul-2025,S0283,True,Yes,Functional,True,False,Unnati Tella,Needs repair
INSP01548,2025-06-20,SCH0224,True,N,True,haan,Kharab,Fitan Upadhyay,Toilets locked
INSP00589,2026/03/30,SCH-0044,Nahi hai,N,True,False,False,Jacob Pandit,Toilets locked
INSP01282,18-Apr-2025,SCH0086,,Y,Y,Yes,False,Manbir Sethi,
INSP01589,11-13-2025,sch0438,Functional,False,,haan,N,Dhriti Pandit,No remarks
INSP02035,04-May-2025,SCH0445,True,,haan,N,False,Chavvi Khurana,Good condition
INSP02695,13.05.2025,SCH0276,Yes,H,haan,False,Not Available,Upasna Kade,Good condition
INSP02520,30.01.2026,SCH0039,na,True,True,1,True,Ria Menon,Good condition
INSP02376,2025-04-14,sch_0417,True,True,True,False,Haan,,Good condition
INSP01418,2025/07/18,SCH0204,True,True,True,True,True,Tara Loyal,Average
INSP00426,19/07/2025,S0254,False,False,True,False,True,Wishi Rama,Average
INSP00535,14/04/2025,sch_0280,H,True,True,True,True,Yahvi Sengupta,Good condition
INSP01055,2026-01-03,SCH0500,Working,True,Y,False,True,Janya Saxena,Needs repair
INSP02567,2026/03/27,SCH0524,True,Yes,Available,haan,False,Arin Sood,
INSP02635,28-May-2025,SCH0003,Yes,True,True,True,False,,Average
INSP02928,2025-08-01,SCH-0508,False,False,False,Functional,False,Vinaya Ghosh,Needs repair
INSP00133,08-04-2025,SCH-0250,False,True,Y,Hai,True,Mugdha Varma,Average
INSP00315,13/11/2025,SCH0483,True,Available,Hai,Nahi hai,False,Anvi Tara,Needs repair
INSP02184,2025-11-05,SCH0230,True,False,False,True,True,Yatin Prasad,Average
INSP00422,31/12/2025,SCH0093,True,True,True,na,True,Leela Narula,Needs repair
INSP02796,06.07.2025,SCH0600,False,True,True,True,,Anay Mahal,No remarks
INSP02149,08-22-2025,0566,True,True,False,False,True,Alka Bawa,
INSP01761,2025/07/18,S0564,Nahi hai,Y,Yes,H,,Tanveer Reddy,Average
INSP01369,28/04/2025,SCH0287,Functional,Working,True,False,na,Rachana Dass,Toilets locked
INSP00557,2025-04-30,SCH0356,False,Yes,True,False,1,Saumya Narang,Average
INSP02460,04-16-2025,SCH-0257,True,haan,No,Not Available,Nahi,Dipta De,Toilets locked
INSP01661,25/12/2025,SCH0119,True,H,haan,Under Repair,Haan,Wyatt Sharaf,Toilets locked
INSP02817,22-Jun-2025,S0054,False,Yes,,True,,Aahana Sani,
INSP02045,06.07.2025,SCH0458,True,1,Hai,Nahi hai,False,Rishi Sridhar,Good condition
INSP00571,07-30-2025,SCH0223,True,True,True,True,,Yash Sami,
INSP00353,2025/06/17,SCH-0276,True,True,Y,Broken,No,Patrick Rau,
INSP00092,07.01.2026,sch_0555,Haan,Hai,Available,False,Under Repair,Warda Krishna,
INSP02969,10/09/2025,sch_0329,True,Functional,1,1,Hai,Rayaan Mital,Needs repair
INSP02665,11.04.2025,SCH0314,False,True,Y,No,Broken,,No remarks
INSP01171,29-Nov-2025,SCH0534,True,Nahi hai,Yes,Working,Haan,Chaitaly Balan,No remarks
INSP02896,09/06/2025,SCH-0075,Not Available,No,False,,Available,Praneel Deo,
INSP01286,24.03.2026,sch_0423,True,,True,True,False,Wazir Sehgal,Average
INSP02169,16/06/2025,SCH0037,haan,True,False,1,No,Qarin Parmar,No remarks
INSP02226,2025-10-09,SCH0431,Yes,False,True,Available,True,Ekanta Karpe,Toilets locked
INSP02216,27.09.2025,sch_0318,True,True,Nahi,False,No,Vedika Deshpande,
INSP01592,2025-06-17,SCH0234,True,True,haan,Hai,na,Jhalak Choudhry,
INSP02634,11-Feb-2026,SCH0442,Functional,False,Y,True,True,Wazir Kapur,Toilets locked
INSP00698,15.08.2025,SCH0351,True,H,True,Available,Y,Victor Bhandari,
INSP02637,2025/09/17,SCH-0327,Yes,Functional,No,False,Y,Oscar Sunder,No remarks
INSP00349,2026-02-05,SCH0207,0,True,Available,Yes,False,Qushi Shere,Good condition
INSP01747,30/05/2025,SCH0344,Kharab,True,H,False,Not Available,Edhitha Soman,No remarks
INSP02470,2025-10-14,S0078,,True,Nahi hai,Nahi,True,Yauvani Mistry,Average
INSP02858,2025/07/10,sch0154,True,True,Y,Nahi,H,Reyansh Bhatnagar,
INSP02358,2025-06-24,sch0109,True,H,True,1,True,Wakeeta Gaba,Average
INSP01138,06/12/2025,SCH0007,True,True,Hai,Nahi hai,1,Brinda Nanda,No remarks
INSP02005,2025-04-08,sch_0422,True,,na,Nahi hai,True,Ranveer Chadha,Toilets locked
INSP01621,01.10.2025,sch_0482,haan,Nahi,Haan,True,0,Darsh Narang,Needs repair
INSP02979,08-03-2025,sch0031,1,True,,False,Y,Samesh Dar,Needs repair
INSP02963,19/08/2025,SCH0398,True,Functional,True,True,No,Anika Pandya,Toilets locked
INSP01340,15-Mar-2026,SCH0223,True,True,True,False,True,Lipika Kara,Average
INSP02620,09-Feb-2026,0584,True,na,True,False,True,Ucchal Kapur,Needs repair
INSP00454,22/06/2025,SCH0071,0,,Y,H,Working,Yashvi Talwar,Toilets locked
INSP00914,12/09/2025,SCH0323,Y,True,Yes,Haan,0,Ati Suri,Average
INSP02339,01-07-2026,0069,True,Broken,True,True,True,Hritik Dutt,
INSP01200,24.06.2025,0009,Hai,,haan,True,False,Janya Murty,Good condition
INSP01275,2026/03/29,SCH0562,True,Y,Nahi,Nahi,True,Ekanta Mangat,Average
INSP02060,12-20-2025,sch0571,na,Hai,False,True,1,Dev Walia,
INSP00038,16-Aug-2025,sch0496,H,True,Haan,False,H,Deepa Mahal,Needs repair
INSP00975,26/05/2025,SCH0464,Nahi hai,Y,True,True,True,Gaurika Ranganathan,Good condition
INSP02912,24/11/2025,SCH0404,Nahi hai,Haan,True,True,Available,Veer Narayanan,Needs repair
INSP00984,14/10/2025,0114,,H,No,Hai,False,,Needs repair
INSP02014,28/04/2025,SCH0409,Nahi,1,True,Yes,,Kiaan Vaidya,Average
INSP02120,26-Jul-2025,sch0457,Available,True,True,Not Available,False,Victor Subramaniam,Needs repair
INSP01419,17/02/2026,SCH0280,False,True,H,Working,Kharab,Joshua Korpal,Needs repair
INSP01285,30/03/2026,sch_0291,True,Kharab,Yes,Yes,na,Yutika Behl,Average
INSP02162,2025-07-10,SCH0001,True,Yes,1,False,False,Imaran Iyengar,No remarks
INSP00040,04-18-2025,sch0180,True,True,True,Under Repair,Functional,Xavier Manda,Needs repair
INSP01487,2025-05-18,SCH-0280,Y,haan,True,Y,Working,,
INSP01992,09/06/2025,SCH-0382,H,Available,True,True,0,Indali Gandhi,No remarks
INSP00170,2025-07-04,sch0102,Haan,True,True,True,Hai,Ekani Kaul,Good condition
INSP01356,05-18-2025,S0017,True,Available,0,False,Under Repair,Dipta Kapoor,
INSP00738,2025-08-28,SCH0497,False,True,True,True,Kharab,,Good condition
INSP01737,2025-05-10,sch_0181,True,True,True,Haan,False,,
INSP02839,11.02.2026,SCH0511,True,True,1,Yes,Haan,Rudra Memon,
INSP01565,26/05/2025,SCH-0533,True,0,True,,True,,Average
INSP02088,05/03/2026,sch_0087,1,True,haan,True,Y,Rachana Wali,Toilets locked
INSP00635,30.10.2025,SCH-0523,True,True,0,True,na,,
INSP02785,04-Jul-2025,SCH0067,1,False,True,True,False,Yatin Dara,Average
INSP02090,24-Jul-2025,SCH0491,,True,True,Under Repair,0,Jonathan Iyer,Toilets locked
INSP01641,26-Jan-2026,0430,Working,True,N,Nahi hai,True,Darpan Ganesh,Good condition
INSP01291,29.03.2026,sch0163,,True,na,Hai,Working,Sachi Mahal,
INSP02461,04/03/2026,S0435,True,True,N,False,Under Repair,Adya Date,No remarks
INSP01381,2026/02/13,SCH0460,True,haan,0,False,False,Ishaan Sharaf,Good condition
INSP00580,2025/04/15,SCH0164,False,Y,False,0,na,Nathan Dhar,Good condition
INSP00329,2025-12-23,SCH-0294,Available,Y,Functional,True,False,Simon Koshy,No remarks
INSP01833,17/05/2025,sch_0252,True,Yes,Yes,False,True,Nirja Bhardwaj,Toilets locked
INSP00893,02.09.2025,SCH-0062,False,No,True,1,True,Vaishnavi Setty,Toilets locked
INSP01144,11.07.2025,sch_0112,N,haan,False,True,False,Utkarsh Mallick,Toilets locked
INSP00781,05-09-2025,SCH0441,N,False,Yes,True,haan,Samaksh Shukla,No remarks
INSP00160,01-Jan-2026,sch0200,False,False,Y,True,0,Nidra Hayer,No remarks
INSP01731,06-22-2025,sch_0149,True,Y,Functional,False,H,Ishani Goel,Toilets locked
INSP01930,30-Dec-2025,SCH0396,haan,False,True,No,,Madhavi Bassi,Good condition
INSP02448,28-Jul-2025,SCH0445,Functional,H,Y,False,Nahi,,No remarks
INSP00062,2026/02/04,sch0502,True,True,Nahi,na,False,Abhiram Gandhi,
INSP00850,03.07.2025,sch0055,True,False,True,1,False,Niharika Kannan,Toilets locked
INSP02246,21-Jun-2025,SCH0081,True,Yes,True,True,Nahi,Upadhriti Chada,Toilets locked
INSP02145,07-12-2025,SCH0522,Yes,,False,haan,H,Hemal Contractor,Good condition
INSP02852,2026-01-11,SCH0050,1,Hai,Yes,,N,Hardik Venkatesh,
INSP01597,10/01/2026,SCH0326,Yes,,False,True,False,Aashi Bassi,Toilets locked
INSP01044,2026/03/16,S0066,haan,True,H,H,Y,Chandresh Varghese,Toilets locked
INSP02984,05-15-2025,SCH-0311,True,haan,Available,Yes,1,Bishakha Sood,No remarks
INSP01545,2025-10-24,SCH0116,False,True,True,Nahi hai,Kharab,Rayaan Chauhan,Average
INSP02100,2025-08-05,0194,Functional,True,True,False,False,Priya Tank,Needs repair
INSP00496,23-Jan-2026,SCH-0380,Yes,Haan,False,N,Hai,Sanya Bava,Toilets locked
INSP01071,2025-05-25,SCH-0456,haan,True,False,True,Hai,Daniel Oak,No remarks
INSP00054,12/04/2025,SCH0271,Yes,Functional,Hai,True,No,,Toilets locked
INSP02672,2025-10-29,SCH0229,,Yes,True,True,True,Ekani Devi,Needs repair
INSP00259,10-28-2025,0392,True,Y,H,N,No,Baghyawati Mani,Toilets locked
INSP00506,21-Jan-2026,S0207,True,Yes,Y,,,Vansha Chaudhary,Toilets locked
INSP00753,2025-09-19,sch0109,True,True,True,na,True,Mahika Sabharwal,Needs repair
INSP02402,30-Mar-2026,SCH0033,1,Haan,haan,,False,Indrajit Sarma,Needs repair
INSP00218,04-19-2025,SCH-0457,True,Y,1,True,haan,Tanvi Ramakrishnan,Good condition
INSP00825,19-Oct-2025,SCH0152,True,True,False,Hai,False,Qabil Khanna,Average
INSP01962,2026/02/01,S0172,True,Y,,False,False,Chatura Bassi,Toilets locked
INSP02373,2026-02-22,SCH-0532,Nahi,Yes,Available,No,True,,Toilets locked
INSP02397,15-May-2025,SCH0095,Yes,True,True,,Nahi,Kamya Virk,Average
INSP01390,2025/06/20,SCH0390,True,Y,No,True,False,Inaya Grewal,Good condition
INSP02633,05.08.2025,SCH-0174,,1,haan,False,haan,Champak Chander,Average
INSP01267,09/10/2025,SCH0343,True,True,Haan,Working,Functional,Amrita Buch,Toilets locked
INSP02594,2025/06/24,sch0107,H,True,True,True,Nahi,Daksh Oza,No remarks
INSP01910,05-04-2025,SCH0439,True,False,Haan,No,0,Baljiwan Kunda,Good condition
INSP01599,02-18-2026,sch0303,True,True,Yes,False,True,Balvan Naik,Needs repair
INSP02160,2025-05-07,SCH0594,Hai,Yes,True,No,False,Vrishti Dhaliwal,Toilets locked
INSP01608,05.09.2025,sch_0367,1,N,True,True,Not Available,Bakhshi Sani,
INSP01830,11-Sep-2025,SCH0390,,Working,Yes,,True,Yauvani Mani,Average
INSP00772,2025/12/12,sch_0104,Working,Functional,True,Under Repair,Y,Finn Bath,Good condition
INSP02945,2025/11/11,sch0551,False,,True,False,No,Aayush Vora,Toilets locked
INSP01961,2025-08-01,SCH-0007,Hai,Yes,1,True,False,,No remarks
INSP02823,29.07.2025,sch0587,True,True,False,True,N,Kashvi Sarin,Toilets locked
INSP01086,2025-11-19,sch0383,Available,True,True,,False,Meera Narain,
INSP02250,2025-08-27,SCH-0023,True,,True,Y,na,Jagvi Bhardwaj,
INSP02347,2026-02-14,sch_0556,True,H,True,Yes,True,Aadhya Ramanathan,Good condition
INSP01326,2025-05-19,SCH0360,,1,Working,False,False,Vihaan Soman,Needs repair
INSP02235,01-18-2026,SCH0014,True,,True,0,Nahi hai,,No remarks
INSP01742,03-09-2026,SCH-0501,True,Functional,Y,Broken,True,Ojasvi Nigam,Average
INSP01913,2025-08-09,SCH0553,H,1,True,True,False,,No remarks
INSP02363,2026/03/26,0076,Hai,Y,1,False,True,Azaan Rastogi,Needs repair
INSP01404,2025-09-23,SCH0083,1,True,,Hai,Hai,Warinder Kari,Good condition
INSP02994,18/12/2025,SCH0150,Hai,True,False,False,True,Rachana Seth,Needs repair
INSP02366,2025/05/09,sch_0436,False,True,Working,False,False,Xiti Sandhu,Toilets locked
INSP01914,11-22-2025,SCH0444,Working,Nahi,No,False,0,Zashil Bora,
INSP01164,2025/05/10,sch0456,Functional,Haan,1,0,False,Finn Jhaveri,No remarks
INSP00964,04-10-2025,sch_0430,True,,True,1,0,Chakradev Loke,Toilets locked
INSP02426,2025/07/14,SCH-0567,True,False,True,Available,Y,Jack Thaker,Average
INSP02564,28/09/2025,sch_0114,Under Repair,True,True,True,False,Bahadurjit Ben,
INSP00399,15/05/2025,SCH0555,False,Working,True,True,na,Jonathan Sharma,Toilets locked
INSP00585,2026-03-02,sch0495,na,True,Hai,Nahi hai,Working,Agastya Varma,Toilets locked
INSP00949,01/11/2025,sch0136,Haan,True,True,haan,Yes,Parth Wagle,Good condition
INSP00705,2025-12-05,sch_0266,True,Available,True,Haan,na,Kiaan Date,No remarks
INSP00432,2026/01/28,SCH0254,True,True,Yes,1,False,Max Bath,Good condition
INSP01689,27/04/2025,SCH0130,H,Nahi,True,False,Yes,Libni Agarwal,No remarks
INSP00293,2025/08/23,sch_0064,True,H,Haan,True,Working,Warinder Sachar,Needs repair
INSP00146,07-Jul-2025,SCH0518,Hai,Available,False,False,0,Xiti Rege,Toilets locked
INSP00324,22-Jan-2026,SCH0564,True,True,False,H,na,Max Garg,Needs repair
INSP02723,05-07-2025,SCH-0103,1,True,True,True,Nahi,Theodore Sidhu,Needs repair
INSP02224,11/07/2025,SCH0536,H,True,True,True,False,Amrita Raju,
INSP01166,16-Jul-2025,SCH0067,True,Broken,True,True,True,,Toilets locked
INSP01453,17.04.2025,SCH0029,Yes,True,False,True,False,Nathan Shenoy,Needs repair
INSP00003,04-06-2025,SCH-0568,,False,Available,Haan,N,Azad Pingle,Good condition
INSP01713,2025-12-11,SCH0300,Yes,H,True,True,haan,Kritika Wason,Toilets locked
INSP00577,2026/02/25,SCH0536,N,H,haan,True,,Krish Manda,No remarks
INSP02424,10-Dec-2025,sch_0296,False,1,False,True,0,Ekaja Madan,Needs repair
INSP00340,10-Jan-2026,SCH0300,Haan,False,True,Y,True,Neha Devi,Average
INSP02903,18.11.2025,SCH-0450,Available,True,Y,Hai,Functional,Yug Nair,Average
INSP02479,02/05/2025,sch_0326,1,Hai,Haan,False,Under Repair,Upadhriti Chander,No remarks
INSP00926,2025/04/16,sch_0403,True,Available,Available,True,Y,Yadavi Madan,Needs repair
INSP00266,2025/04/12,S0237,True,Working,True,False,na,Manthan Bal,Good condition
INSP00377,2025-10-29,SCH0050,Haan,False,0,na,Nahi hai,,No remarks
INSP02469,2025/09/25,sch_0037,,Yes,False,True,0,Anamika Kunda,Average
INSP01464,11-11-2025,SCH0070,Haan,haan,True,Functional,Haan,Dakshesh Memon,Good condition
INSP00272,2025-10-25,S0239,Functional,Yes,True,False,True,Jasmit Sampath,No remarks
INSP00697,01-21-2026,SCH-0010,H,H,N,Hai,Nahi,Parth Natt,No remarks
INSP00756,24/10/2025,sch0489,,haan,Functional,False,False,Suhani Baral,Toilets locked
INSP00245,2026-02-22,SCH0474,True,True,False,Kharab,False,Rudra Jha,Good condition
INSP02956,10-15-2025,sch_0368,True,Yes,False,Hai,0,Quincy Bath,No remarks
INSP00477,26.05.2025,0505,Nahi hai,1,True,Available,,Manya Mani,Toilets locked
INSP02011,2025/07/05,SCH-0120,H,1,True,Available,Haan,Varsha Gupta,Average
INSP01922,06-02-2025,sch_0228,True,1,True,True,Working,,Needs repair
INSP00814,06/03/2026,SCH0221,Hai,,True,Hai,True,Ayushman Parmar,Good condition
INSP01872,2025-10-06,SCH0184,True,1,haan,False,True,Ekanta Bose,Needs repair
INSP02669,2026-01-11,SCH0505,0,False,True,True,False,Harinakshi Contractor,Good condition
INSP02926,09-25-2025,SCH-0064,Nahi,True,H,Available,Y,,Needs repair
INSP02176,22.02.2026,0155,True,Available,1,1,False,Netra Sule,No remarks
INSP01165,2025-08-21,sch0463,No,True,True,na,H,,Toilets locked
INSP02289,03-25-2026,sch_0210,Yes,True,Available,Functional,Yes,Chandresh Mahal,Needs repair
INSP00251,09.04.2025,SCH0554,True,Y,False,Yes,Y,Laban Saini,Toilets locked
INSP00414,17.03.2026,0401,True,Haan,Yes,N,False,Ekapad Sibal,Toilets locked
INSP00546,2025/06/09,sch_0219,Yes,Functional,True,,N,,Good condition
INSP01194,21/07/2025,SCH0231,H,Hai,Nahi hai,True,True,Pranav Sagar,Average
INSP00739,12-Apr-2025,S0583,False,True,H,Working,Y,Sai Issac,Good condition
INSP00311,2025-11-22,SCH0143,N,Yes,True,Haan,True,Divya Sankaran,
INSP01375,29.09.2025,SCH0310,True,True,,Haan,True,Ojas Mohanty,No remarks
INSP00894,14/10/2025,SCH-0347,H,True,True,False,Hai,Sarthak Dey,Good condition
INSP01132,22.10.2025,SCH0317,Working,Haan,Y,Available,False,Akshay Magar,Average
INSP01450,12-07-2025,SCH-0147,H,True,False,na,No,Lakshmi Mandal,Needs repair
INSP02112,28-Sep-2025,sch_0265,False,1,Y,Hai,True,Jhalak Vig,Toilets locked
INSP00016,05-16-2025,SCH0028,Functional,True,Yes,Haan,Yes,Nidhi Kadakia,Good condition
INSP02109,2025-07-21,S0122,True,,Functional,False,1,Nirja Bassi,Toilets locked
INSP00722,09/06/2025,S0212,True,haan,True,Y,True,,Needs repair
INSP01421,2025/04/08,SCH-0352,True,False,True,Nahi,N,Diya Guha,Average
INSP02770,2026-01-14,0119,Hai,True,True,na,False,Yamini Agate,Toilets locked
INSP00982,2025-07-31,SCH-0128,False,,True,0,False,Aarini Atwal,No remarks
INSP02219,05-23-2025,SCH-0159,Hai,True,Y,False,True,Ekbal Bakshi,Average
INSP01540,21.07.2025,SCH0559,,True,0,True,True,Faqid Kapur,Needs repair
INSP02662,03/02/2026,sch_0122,Working,True,1,N,False,Janya Joshi,Needs repair
INSP01551,2025/06/20,SCH0096,na,True,True,False,True,Ekavir Mallick,Needs repair
INSP02548,2025-05-31,SCH0033,N,True,False,Hai,haan,Odika Nori,
INSP00364,10-22-2025,sch0100,True,True,True,True,True,Aachal Toor,No remarks
INSP00983,26.01.2026,sch_0584,Functional,Hai,True,True,False,Ridhi Pathak,Toilets locked
INSP00183,2025-04-01,SCH0257,True,True,1,False,Available,Meghana Chowdhury,
INSP00986,2025-10-28,SCH0122,,,Hai,False,Broken,Yatan Prabhu,Needs repair
INSP01271,12-29-2025,SCH0557,True,True,N,True,False,Onkar Behl,Toilets locked
INSP01195,2026/03/26,SCH0070,haan,Functional,True,1,False,Yashasvi Ahluwalia,Good condition
INSP01974,10-14-2025,SCH0275,haan,True,,False,True,Bahadurjit Mallick,Average
INSP01870,2025/07/23,SCH-0173,Working,Y,True,False,0,,No remarks
INSP01122,05/12/2025,SCH0157,True,True,na,Nahi,False,,Good condition
INSP00188,18-Apr-2025,sch_0509,True,True,Hai,na,Kharab,Ekansh Dayal,No remarks
INSP00620,18.06.2025,sch0368,True,True,True,False,No,Timothy Balasubramanian,Toilets locked
INSP02899,02/05/2025,S0154,False,1,True,Yes,False,Urvashi Barad,
INSP01176,13-Jun-2025,sch_0345,False,True,True,haan,Yes,Yug Parsa,
INSP01183,03-Sep-2025,SCH0133,True,True,Yes,Functional,1,Zilmil Doshi,Average
INSP02508,2025/04/19,SCH0566,Haan,True,True,,Nahi hai,Tanay Sahota,No remarks
INSP02320,10.11.2025,SCH0277,No,Working,True,True,Yes,Ati Sama,Good condition
INSP00615,20/07/2025,SCH0372,H,Functional,Yes,Under Repair,Yes,Nandini Golla,Good condition
INSP01514,10/09/2025,SCH-0402,No,Functional,True,Nahi,True,Vivaan Bhattacharyya,Average
INSP01467,28/12/2025,SCH0368,True,,Available,Y,False,,Average
INSP00402,31.08.2025,S0357,True,Hai,True,Haan,False,Siddharth Sethi,Average
INSP00995,2026-01-14,SCH0031,True,False,haan,Broken,Nahi,Rajata Dhaliwal,Toilets locked
INSP00935,22.02.2026,S0364,False,False,True,True,True,Ronith Gole,Average
INSP00372,24.05.2025,S0315,True,Haan,Haan,True,No,,Needs repair
INSP02091,2025-06-13,0199,True,True,True,False,False,,No remarks
INSP02284,2025-08-04,SCH0556,True,haan,H,False,True,Samesh Gulati,Good condition
INSP00594,20-Mar-2026,SCH0203,Yes,Y,Hai,Working,Yes,Raghav Chaudhuri,Toilets locked
INSP02829,2025-07-12,sch0491,True,na,True,True,False,Januja Pal,
INSP00727,2025-11-09,SCH0022,True,True,True,True,1,Unni Sama,No remarks
INSP00827,29-Jun-2025,SCH-0080,,Haan,H,Kharab,True,Aditya Vyas,No remarks
INSP01869,2025/09/01,SCH0394,Working,Haan,,,True,Yash Nadig,Needs repair
INSP00688,19.12.2025,SCH0141,Yes,Y,True,False,Nahi hai,Rayaan Sundaram,No remarks
INSP02335,2025/10/26,SCH0107,Hai,True,Available,Hai,False,Faqid Amble,Average
INSP00137,04-17-2025,sch_0237,Functional,Available,False,True,0,Leela Mangal,Toilets locked
INSP02577,01.03.2026,SCH-0184,1,1,True,False,True,,Average
INSP00629,2026/02/26,SCH-0035,True,True,Hai,Y,False,,Good condition
INSP00335,2026/03/29,SCH-0248,False,Y,Nahi,Working,False,Christopher Yadav,Good condition
INSP01806,24/11/2025,SCH-0102,True,na,True,Hai,True,Aadhya Lad,Toilets locked
INSP00391,2025-08-16,sch0600,Kharab,Y,1,Hai,False,Forum Shetty,No remarks
INSP02934,14.03.2026,SCH-0535,True,H,False,No,N,,Average
INSP01110,2025/07/20,SCH-0391,True,True,True,False,Nahi,Adya Gara,Good condition
INSP01938,20/12/2025,SCH0150,haan,Yes,H,False,False,Arin Nagi,
INSP01818,26-Jun-2025,SCH0211,Yes,Yes,Y,Yes,No,Krisha Sabharwal,Average
INSP02838,12-07-2025,S0170,False,Y,,Nahi hai,N,Divya Bhalla,Needs repair
INSP00711,2025-12-26,SCH-0513,True,No,Yes,True,No,,Average
INSP01040,2025-08-27,sch0348,Haan,Working,haan,True,True,,Toilets locked
INSP02072,06-26-2025,0032,True,True,H,False,Hai,Warjas Doshi,Good condition
INSP02874,24-Jul-2025,SCH0443,Haan,True,Y,Broken,False,Bhavika Om,Toilets locked
INSP02729,25.09.2025,SCH0355,Y,True,Hai,,False,Ganga Shere,Toilets locked
INSP01562,04-08-2025,SCH0372,True,True,False,na,,Pooja Gill,Toilets locked
INSP02898,25/11/2025,sch_0095,Y,False,Working,na,False,Max Dewan,Good condition
INSP01595,26.07.2025,SCH-0538,,True,Hai,True,,Ira Bala,Good condition
INSP02991,23-Nov-2025,SCH-0205,Yes,,False,False,Functional,Avi Vig,No remarks
INSP02652,2025-04-22,SCH-0019,True,False,Hai,Working,Y,Ayush Mangat,
INSP01113,17/07/2025,S0319,1,True,Functional,True,,,Toilets locked
INSP00466,2026/01/16,sch_0397,True,True,,Y,1,Ojas Behl,
INSP01561,05-01-2025,0306,False,1,True,No,na,Gautam Sahota,Needs repair
INSP01224,02-18-2026,SCH0144,Y,True,False,True,No,Forum Minhas,
INSP02111,15-Apr-2025,SCH0214,,Available,True,True,True,Radha Prabhu,
INSP02133,12-Jan-2026,SCH0367,Available,False,True,Under Repair,Nahi,Krishna Viswanathan,Toilets locked
INSP02472,02-Dec-2025,sch_0430,True,1,Nahi,1,True,Wakeeta Dey,
INSP01509,15/10/2025,SCH0292,haan,na,True,na,True,,Good condition
INSP02716,2026-01-09,sch0120,True,True,True,False,,,No remarks
INSP01105,06-05-2025,SCH0153,True,False,Working,True,Hai,Dalbir Sur,Average
INSP00661,28.08.2025,sch0276,Y,Y,True,False,True,Bhavika Venkataraman,Good condition
INSP01270,2025/11/11,SCH0056,True,Available,True,True,Yes,Jeevika Gola,Good condition
INSP00339,2025/08/15,SCH0493,False,Working,Y,True,Not Available,Maanav Luthra,No remarks
INSP00216,03-Aug-2025,SCH-0545,,False,Nahi hai,True,False,Mohammed Varghese,
INSP01616,06-09-2025,SCH0081,True,Nahi,H,N,1,Nisha Wason,
INSP01342,31-Mar-2026,sch_0330,Yes,Haan,1,True,False,Jatin Date,
INSP02646,06-Sep-2025,0226,False,Y,haan,No,Broken,Chaman Maharaj,Average
INSP02965,21.07.2025,sch0460,1,Functional,Haan,Kharab,False,Jagdish Bakshi,Toilets locked
INSP02947,27-Aug-2025,SCH0146,Kharab,Working,True,True,N,Charles Balasubramanian,
INSP01847,10/07/2025,S0469,Haan,True,Y,Broken,Available,Quincy Pau,
INSP01593,2025/10/05,sch0436,Working,True,Not Available,1,False,Janaki Jhaveri,Toilets locked
INSP02047,19.04.2025,SCH0114,True,,True,,True,Aryan Sachdeva,Good condition
INSP00451,2025-07-15,0490,True,True,N,Nahi hai,na,Qushi Tella,Average
INSP02654,07/04/2025,SCH0489,True,True,Y,Nahi hai,Haan,Hardik Bhatia,Good condition
INSP00817,2025-06-07,SCH0301,na,Yes,Haan,True,True,Ayushman Viswanathan,No remarks
INSP01068,13/08/2025,sch0086,True,1,True,,Available,Balveer Jhaveri,
INSP02139,04/03/2026,sch0067,Available,True,,False,True,Widisha Badal,Good condition
INSP00275,2026/02/06,SCH0351,False,True,Functional,True,Yes,Advik Baria,
INSP02367,23-May-2025,S0095,Functional,Y,0,True,Hai,Alka Comar,Needs repair
INSP00866,05-Jan-2026,0103,0,haan,True,True,True,Zehaan Nigam,Needs repair
INSP00102,2025/12/08,S0332,True,True,Working,Available,True,Jalsa Kumer,Needs repair
INSP01502,01.12.2025,sch_0258,Haan,Yes,True,False,True,Arunima Ramakrishnan,Good condition
INSP02938,11-Mar-2026,SCH0014,True,Y,H,False,False,Nidra Barad,Toilets locked
INSP00172,01/04/2025,SCH0334,Nahi,True,True,na,False,Ria Palla,
INSP00108,07/07/2025,SCH0568,Y,True,,Haan,No,Januja Patla,Good condition
INSP02217,01-May-2025,SCH0552,Haan,Yes,True,,False,Girik Prashad,Toilets locked
INSP01522,11-11-2025,SCH-0384,True,haan,Haan,True,False,Amol Khalsa,
INSP00197,2026-01-14,SCH0416,H,False,,Functional,True,Rajata Sarraf,Average
INSP01827,2025-09-08,sch0231,No,True,True,N,Yes,Omaja Bhatnagar,Average
INSP02322,24/03/2026,sch_0304,True,Yes,haan,na,na,Nathan Pathak,Needs repair
INSP02114,2025-10-24,SCH-0388,Nahi,haan,Hai,N,na,,
INSP01968,05/12/2025,SCH0096,haan,Hai,False,Haan,True,Upma Kulkarni,Needs repair
INSP02416,2025-09-03,sch0285,H,True,False,True,Nahi,Varsha Manda,Toilets locked
INSP02121,27-Jul-2025,SCH0414,Haan,False,True,haan,Nahi hai,Ayush Deo,No remarks
INSP02374,17.05.2025,sch_0485,False,True,Nahi hai,True,True,Anirudh Korpal,Average
INSP02464,29/08/2025,S0273,False,True,True,True,True,Baghyawati Sen,Needs repair
INSP02708,26-May-2025,sch0014,False,H,False,N,,Ishanvi Viswanathan,Toilets locked
INSP01963,20/03/2026,SCH0429,True,1,False,True,False,Eshana Singh,No remarks
INSP00296,2026-01-05,sch0300,Haan,H,False,,Working,Jason Randhawa,
INSP00713,04/01/2026,SCH0059,,False,False,Haan,Y,Viraj Mitra,Needs repair
INSP00073,2025/11/06,SCH0560,Nahi,Available,Y,,True,Ishanvi Mander,Average
INSP01525,13/05/2025,SCH0353,True,Nahi,Y,na,True,Timothy Borra,Average
INSP02393,2026-02-06,SCH0328,False,True,Yes,False,H,Orinder Subramanian,Toilets locked
INSP02980,21/12/2025,SCH-0481,False,False,True,Y,True,Prisha Kaur,Good condition
INSP01242,31.12.2025,SCH-0386,False,True,True,True,0,Abha Bal,Average
INSP00482,02-12-2026,SCH0092,True,H,True,Kharab,True,Tejas Maharaj,Good condition
INSP02338,21.05.2025,SCH0542,True,Functional,True,Yes,True,Mason Bhavsar,Needs repair
INSP01531,04-12-2025,SCH0509,na,True,,False,True,Saksham Bera,No remarks
INSP02686,2025-04-20,SCH0243,False,True,Haan,True,Nahi,Vedant Som,Needs repair
INSP01873,08.03.2026,sch0165,haan,True,Available,True,Y,,Good condition
INSP01515,11.07.2025,SCH0029,False,True,True,False,True,Omkaar Krishnan,Average
INSP00332,20-Aug-2025,SCH-0450,1,True,True,True,haan,Fiyaz Chanda,Average
INSP01763,07-02-2025,0420,True,True,No,False,True,,Good condition
INSP01491,12.11.2025,SCH0230,,False,True,False,True,Harsh Sagar,No remarks
INSP01172,2025/11/19,SCH0151,True,Y,Available,False,True,Samaksh Sidhu,Good condition
INSP02580,2025/07/01,sch0546,True,,True,Y,1,Ayushman Sahota,No remarks
INSP02038,2025-04-08,SCH0428,False,True,True,,False,Zaitra Rege,Needs repair
INSP02673,2025/06/14,sch_0214,True,True,True,0,Y,Laksh Babu,Good condition
INSP02185,05-29-2025,SCH0186,Nahi,False,N,Under Repair,True,Timothy Ganguly,
INSP02336,2025-10-16,sch0443,True,True,No,False,False,Lucky Natt,Toilets locked
INSP02395,2025/11/13,sch0141,True,H,Yes,0,False,Madhavi Ben,
INSP00406,16.07.2025,SCH0367,No,True,True,True,Available,Vedika Sodhi,Average
INSP00758,10-Dec-2025,sch_0034,Y,True,True,,Nahi,Inaya Barman,Toilets locked
INSP02115,10.11.2025,sch0381,na,True,False,True,1,Meghana Sama,Average
INSP02303,24.09.2025,sch_0334,Functional,True,Haan,True,True,Vyanjana Tandon,Good condition
INSP01608,05.09.2025,sch_0367,1,N,True,True,Not Available,Bakhshi Sani,
INSP00098,2025/09/14,SCH0520,,False,True,True,False,Mitesh Mahajan,No remarks
INSP01334,24/01/2026,sch_0260,Available,True,Nahi,,na,Amruta Talwar,Needs repair
INSP02513,2025-05-11,SCH0468,No,1,0,Haan,False,,No remarks
INSP00744,2025-06-28,SCH0268,Nahi,Available,H,Nahi hai,na,,Needs repair
INSP00807,20.08.2025,SCH0131,H,Hai,0,,N,Hiral Bhattacharyya,No remarks
INSP02911,28-Nov-2025,S0153,Yes,Yes,Under Repair,,True,Qushi Gulati,Needs repair
INSP02079,13/08/2025,SCH0212,1,Functional,Nahi hai,False,True,Vasana Kaul,No remarks
INSP02630,01-Jul-2025,SCH-0490,True,Haan,Working,True,True,Dayita Choudhry,Toilets locked
INSP01536,04.06.2025,sch_0474,True,True,No,Hai,Kharab,Nandini Parikh,Needs repair
INSP02308,01-09-2026,SCH0486,0,True,,True,False,Ekansh Natarajan,Average
INSP02267,15/05/2025,SCH0347,True,True,True,,Y,Thomas Lala,Toilets locked
INSP02467,13-Feb-2026,sch0435,Yes,haan,Y,False,True,Faris Parmar,
INSP00149,08-07-2025,SCH0465,Available,1,True,False,False,Azaan Sani,Needs repair
INSP01978,26.10.2025,SCH0311,False,haan,False,1,True,Mugdha Badami,Average
INSP02163,10/10/2025,SCH-0043,Yes,1,Hai,,Functional,Ayaan Solanki,Good condition
INSP02304,31.08.2025,SCH0539,Yes,True,True,Y,na,Shivansh Loke,Toilets locked
INSP01316,17.03.2026,SCH0293,0,True,H,Y,False,Ranveer Dutt,No remarks
INSP00693,03-10-2026,SCH0102,True,True,No,,na,,Toilets locked
INSP00819,24-Aug-2025,SCH0058,Y,True,Nahi,,Y,Harrison Shah,Good condition
INSP01729,2026/01/03,SCH0354,True,N,True,No,Nahi hai,Ojasvi Venkataraman,
INSP01387,02-21-2026,sch_0566,False,False,True,haan,False,Samarth Narain,No remarks
INSP01846,2025/07/28,S0163,True,False,No,True,N,Ucchal Ramaswamy,No remarks
INSP02405,24-Jan-2026,SCH0559,False,Y,na,Yes,True,Hemangini Garg,
INSP02430,05-Mar-2026,sch0298,True,Hai,Hai,N,H,Liam Prabhakar,No remarks
INSP01600,2025/09/12,sch_0172,False,True,False,na,True,Radhika Oza,Toilets locked
INSP02485,05-01-2025,sch0334,1,True,True,Available,True,Eiravati Naidu,Good condition
INSP02585,14/02/2026,0555,Nahi hai,True,True,True,na,Benjamin Chatterjee,
INSP00702,12-Dec-2025,SCH0364,Working,True,Yes,,True,Abha Agarwal,
INSP01500,19/03/2026,SCH0094,H,1,True,Kharab,True,Diya Parmer,Needs repair
INSP02794,18.09.2025,SCH0230,Haan,haan,True,True,True,Akshay Pingle,Needs repair
INSP00922,03/12/2025,SCH0132,Y,H,na,Yes,True,,Average
INSP01425,2025/08/21,SCH0409,True,Y,,Y,True,Eiravati Mangal,
INSP01709,08-Mar-2026,sch0270,True,False,,True,Yes,Vasatika Sinha,
INSP00906,27.12.2025,SCH0033,,Yes,Hai,haan,Yes,Anvi Kant,Needs repair
INSP00455,2026-03-16,SCH0205,Hai,1,True,False,Not Available,Ekansh Gulati,
INSP02471,05.08.2025,sch_0431,haan,H,,0,True,Ikshita Shroff,Needs repair
INSP02209,13/11/2025,SCH-0193,Nahi,True,True,False,,Amara Sathe,Needs repair
INSP02656,2025/10/16,0205,na,H,Hai,False,0,Andrew Nigam,Average
INSP02299,2025-08-16,SCH-0449,True,False,haan,Broken,True,Abhimanyu Om,Needs repair
INSP00168,04/09/2025,SCH0568,False,True,H,True,Y,Ranveer Magar,Good condition
INSP00731,2025/11/05,SCH0371,H,,True,False,True,Widisha Dalal,Toilets locked
INSP02277,05-20-2025,0569,False,True,True,False,False,Yatin Magar,Needs repair
INSP01311,2025/05/08,SCH-0145,Nahi hai,Working,Y,False,False,Sudiksha Tank,Average
INSP02422,30/09/2025,sch_0188,na,True,Yes,True,False,Dayamai Luthra,No remarks
INSP00027,11-Aug-2025,SCH0023,H,True,Functional,0,True,,Toilets locked
INSP02098,11-29-2025,sch0329,,Y,Nahi hai,No,True,,
INSP01898,2025/12/23,SCH0418,True,Haan,Hai,Hai,No,Yahvi Divan,Needs repair
INSP01653,07-Mar-2026,SCH0346,True,H,True,False,Yes,Abha Raval,Average
INSP01623,2025/04/24,SCH0257,False,True,Hai,True,True,Rachit Rastogi,Toilets locked
INSP00588,02-10-2026,SCH0309,Y,True,Yes,Yes,0,Dayita Mahal,
INSP01402,2025-04-26,sch_0262,True,Hai,True,False,True,Bhavna Chandra,
INSP00998,2026/02/23,SCH0040,True,haan,haan,True,False,Chanakya Kata,Good condition
INSP01177,2025-09-02,SCH0148,True,H,True,H,Available,Triya Singh,Good condition
INSP01701,14/12/2025,SCH-0256,Nahi,Yes,True,False,False,Vasana Wagle,Toilets locked
INSP01041,17.01.2026,SCH0029,Y,True,True,Working,Haan,Devansh Chaudhary,No remarks
INSP00034,13.04.2025,S0403,True,True,True,True,N,Chanakya Baria,No remarks
INSP02410,2025/05/12,SCH-0417,False,True,N,Functional,True,Harshil Mall,Toilets locked
INSP02739,2025-12-10,SCH0198,Y,True,Working,True,N,Urvashi Kala,Toilets locked
INSP01380,2026/03/03,SCH0181,haan,True,Nahi hai,True,H,Udant Wali,Average
INSP00042,2026-02-23,sch0196,haan,True,Haan,True,False,Varenya Parmer,Toilets locked
INSP01877,15-Oct-2025,SCH0265,True,Y,Y,False,Y,Raghav Doshi,No remarks
INSP02952,2025-11-06,SCH0393,Available,True,Haan,Haan,1,Ishita Chokshi,Good condition
INSP02309,11-Aug-2025,SCH0142,1,1,H,True,Nahi,Tanish Zacharia,No remarks
INSP02741,07-24-2025,SCH0302,True,True,Working,False,No,Aryan Roy,Average
INSP02280,07-12-2025,sch0226,Available,True,Haan,1,No,Anita Parmar,Needs repair
INSP02019,28.05.2025,SCH0282,True,Yes,True,True,True,Samarth Deshpande,Toilets locked
INSP02000,2025/09/01,sch_0217,False,Available,Y,1,Y,Triya Dhawan,
INSP00610,08-06-2025,SCH0062,1,Functional,True,0,Functional,Niharika Nori,Good condition
INSP01133,13/05/2025,sch_0489,True,False,H,Haan,Nahi hai,Yug Halder,
INSP00029,2025/06/03,SCH0132,Available,Yes,,True,True,Arin Lall,Toilets locked
INSP00442,01-Sep-2025,S0564,1,True,True,False,True,Yamini Sridhar,Needs repair
INSP00666,2025/05/27,S0431,,True,False,True,Not Available,Nidra Kashyap,No remarks
INSP02993,2026/02/24,sch0544,Yes,Y,,No,True,Advika Sehgal,No remarks
INSP00494,10-Jan-2026,SCH0537,Haan,False,Hai,Under Repair,False,Lucky Chauhan,Average
INSP01259,2025-05-24,S0338,True,Haan,H,True,Kharab,Daksha Gupta,No remarks
INSP01302,06/02/2026,SCH0286,True,Yes,Y,H,False,Priya Kala,Good condition
INSP02671,28-Oct-2025,SCH0489,True,True,haan,True,True,Owen Dhaliwal,No remarks
INSP02489,24/08/2025,sch_0544,True,True,Yes,False,Available,Oni Khurana,Needs repair
INSP01383,2025-12-01,SCH0133,haan,Nahi,True,,Broken,Robert Bahri,No remarks
INSP01305,15/08/2025,sch_0402,,True,True,,Nahi,Azad Prakash,Needs repair
INSP00237,2025/12/17,SCH0180,,True,True,True,False,Ria Babu,Toilets locked
INSP01986,03-Dec-2025,S0115,False,haan,Y,Yes,Available,Christopher Chakraborty,Average
INSP00552,10-15-2025,SCH-0162,na,True,False,True,Nahi hai,Adweta Gupta,Good condition
INSP00521,13-Apr-2025,0018,True,True,Yes,False,False,,Average
INSP00782,2026-01-10,SCH0162,True,True,Working,1,True,Tanveer Dyal,Toilets locked
INSP01233,2025/07/19,SCH0395,True,1,Available,True,Y,Chatresh Misra,Toilets locked
INSP01139,20.04.2025,sch_0376,True,,True,False,na,Krish Hayer,Needs repair
INSP01906,01/05/2025,SCH-0400,True,True,Haan,True,True,Eta Kanda,Needs repair
INSP00721,04-10-2025,SCH0009,na,Kharab,Broken,Y,Nahi hai,Prisha Chandran,Good condition
INSP00736,2025/05/23,SCH0224,Available,1,True,1,Under Repair,Gautam Kannan,Toilets locked
INSP03000,08-09-2025,0349,False,Haan,Hai,Kharab,True,Bimala Talwar,Needs repair
INSP01751,11/06/2025,SCH0234,H,True,H,True,1,Jonathan Setty,Good condition
INSP00059,09/03/2026,S0030,,False,Available,True,N,Janaki Bora,
INSP00632,2026-02-09,0166,False,Working,True,Nahi,False,Aashi Srinivasan,
INSP01182,05/02/2026,SCH0368,Available,True,True,False,False,Azad Kota,Needs repair
INSP02323,03/04/2025,0176,Yes,Available,Working,Nahi,na,,No remarks
INSP00593,2025-05-23,sch0155,False,H,Available,True,False,Vamakshi Deshpande,Needs repair
INSP01304,07-20-2025,sch_0176,Yes,Yes,True,True,True,Omya Shenoy,Toilets locked
INSP01388,19.12.2025,0351,True,True,True,True,No,Aarav Sandhu,No remarks
INSP02751,2025/07/19,SCH0157,True,,Hai,Haan,Working,,Needs repair
INSP02767,2025-05-05,SCH-0081,haan,True,Not Available,Y,Nahi,Finn Prashad,Needs repair
INSP02055,03.06.2025,sch_0241,Available,Y,H,True,False,Chaitaly Sandhu,Average
INSP02349,2025/05/17,SCH0221,1,True,True,Haan,0,Urmi Gole,Needs repair
INSP00940,28-Sep-2025,S0471,,True,True,Not Available,Functional,Unni Balay,Needs repair
INSP02931,26-Dec-2025,SCH0262,haan,0,Available,True,,Christopher Dutt,Needs repair
INSP01250,09-23-2025,SCH0538,H,True,0,No,True,Edhitha Kata,
INSP00905,2026/02/14,SCH0417,False,Y,Haan,True,False,Harrison Garg,No remarks
INSP02964,11-Jan-2026,SCH-0145,True,1,Kharab,Functional,0,Yauvani Bala,
INSP01280,2025/06/03,SCH0476,Kharab,True,True,,True,Sathvik Gade,Good condition
INSP02526,10-28-2025,sch0484,N,True,N,True,False,Dayita Nayar,Needs repair
INSP00913,2025/05/03,S0592,Under Repair,Yes,haan,haan,False,Aarini Korpal,Toilets locked
INSP02243,2025/06/08,0279,Functional,False,True,False,haan,Sanya Ben,
INSP02511,2025/09/19,SCH0490,Nahi,False,True,Functional,Not Available,Azad Nagarajan,Average
INSP02593,2026/01/29,SCH0452,True,True,True,True,na,,No remarks
INSP01143,12/10/2025,SCH0026,na,True,N,True,True,Gabriel Sankaran,Needs repair
INSP02628,11-Mar-2026,SCH0019,False,Y,False,1,na,,No remarks
INSP00707,24-May-2025,SCH-0558,Functional,True,True,True,na,Dominic Goda,Average
INSP02929,09-May-2025,SCH0302,H,True,Working,Working,Broken,Barkha Purohit,Good condition
INSP01023,07-20-2025,SCH0246,True,True,True,Yes,True,Balvan Gopal,Toilets locked
INSP00746,03-Mar-2026,SCH0565,True,True,Yes,0,True,Maanas Ray,Needs repair
INSP01547,05-12-2025,SCH0095,False,,True,True,False,Harini Mohanty,Good condition
INSP01940,30.08.2025,sch0526,Nahi hai,False,Available,na,True,Urvashi Prabhu,Needs repair
INSP02481,2025/09/21,SCH0466,No,True,,No,Nahi,,Average
INSP02155,07-Nov-2025,sch_0231,N,True,1,,False,Abha Chandran,Toilets locked
INSP02824,2025-04-28,sch_0041,True,True,Y,True,True,Jonathan Dutt,Toilets locked
INSP00514,04.07.2025,sch0016,Yes,Haan,True,True,True,Arunima Dixit,No remarks
INSP00082,24-Sep-2025,SCH-0579,Working,Nahi hai,1,False,Available,,Needs repair
INSP02799,22-Oct-2025,SCH0084,H,False,Nahi,False,Hai,Saumya Tata,
INSP01309,25/09/2025,SCH0584,Haan,True,H,False,Available,Harshil Vasa,Toilets locked
INSP02625,2026-03-08,SCH0443,haan,1,1,False,True,Warinder Din,Average
INSP00915,13/03/2026,sch_0034,True,True,Hai,H,False,Wahab Sehgal,Needs repair
INSP01405,28-Feb-2026,0137,True,Available,1,Yes,True,Kala Mukhopadhyay,Average
INSP01648,05/07/2025,S0169,True,True,True,True,False,Netra Soman,Average
INSP02901,04-27-2025,sch_0192,False,Functional,True,Haan,True,Theodore Toor,Average
INSP01109,26-Nov-2025,S0571,True,True,H,H,1,Urishilla Choudhury,
INSP00151,2025-04-06,sch_0094,True,haan,True,Hai,False,Atharv Radhakrishnan,No remarks
INSP02866,14-Jan-2026,SCH0384,Working,Yes,Available,Kharab,Hai,,Needs repair
INSP00775,20-Oct-2025,sch_0502,,True,True,Yes,True,Garima Oak,Good condition
INSP00330,2025/10/10,sch_0376,Broken,True,Y,haan,False,Reva Bahl,Toilets locked
INSP00007,05-13-2025,SCH0243,True,True,Haan,,False,,Needs repair
INSP02002,17/03/2026,SCH-0175,Nahi hai,1,True,1,False,Yutika Dugar,Good condition
INSP00944,2025/05/15,SCH0438,True,Working,True,True,haan,Chavvi Maharaj,Needs repair
INSP00823,2025/09/22,SCH0031,Haan,False,True,haan,No,Mohini Vohra,Toilets locked
INSP00910,29/08/2025,SCH0553,Working,True,N,Nahi hai,False,Nitesh Pradhan,Needs repair
INSP00182,2025/08/30,SCH0322,N,True,No,True,1,Ekavir Gole,
INSP00165,2025-08-07,S0053,True,True,True,Working,True,Varsha Chakraborty,Good condition
INSP01524,23/04/2025,SCH-0225,False,Yes,Available,Haan,True,Ekaraj Nigam,
INSP00452,01.08.2025,0161,Functional,Haan,No,Haan,Nahi hai,Panini Andra,
INSP01312,11-01-2025,sch_0276,True,H,0,False,Hai,Matthew Issac,Needs repair
INSP01112,30/12/2025,SCH0213,True,1,False,False,False,Barkha Venkatesh,No remarks
INSP01288,2026-01-12,SCH-0360,False,Available,H,True,True,Qushi Bains,
INSP00328,2025/11/10,SCH0567,N,True,True,False,False,Balvan Chakrabarti,Average
INSP01791,09-Apr-2025,SCH0541,False,H,,na,False,Riya Kala,Toilets locked
INSP02793,06-Feb-2026,0563,True,Y,True,Functional,Yes,Nisha Madan,Average
INSP02008,2025/11/25,SCH0028,True,True,True,True,True,Qadim Sabharwal,Average
INSP01859,03-Aug-2025,SCH0487,,True,True,Nahi,True,Vansha Bhat,Needs repair
INSP00313,2025-08-04,SCH0396,True,True,Hai,False,Functional,David Mane,Needs repair
INSP00833,2025-12-13,0326,True,Working,False,1,False,Sanaya Varty,No remarks
INSP01202,01-29-2026,sch_0140,Working,True,True,Not Available,Yes,Pahal Rattan,Good condition
INSP02438,2025-04-07,SCH-0237,Nahi hai,1,1,True,True,Pranav Arya,Good condition
INSP02074,14/01/2026,SCH-0405,Under Repair,True,Nahi hai,H,,Aarav Nazareth,No remarks
INSP02447,2026-03-09,sch0003,Y,Yes,haan,,True,Raghav Pradhan,Needs repair
INSP01482,19-Oct-2025,SCH0234,Functional,True,Nahi hai,0,False,Vanya Vala,Good condition
INSP00778,28-Oct-2025,SCH0421,False,1,True,False,True,Advaith Ray,Toilets locked
INSP00800,02-02-2026,SCH0534,True,True,Hai,False,No,Manthan Dhawan,Toilets locked
INSP00055,2025-07-22,SCH-0392,True,False,False,haan,Nahi,Indira Amble,Good condition
INSP01921,2026-02-28,SCH0395,N,True,True,Hai,,Rachana Ganesh,No remarks
INSP02719,2026/03/10,SCH0233,haan,True,True,True,True,,No remarks
INSP02273,25.05.2025,SCH0483,True,,Available,True,False,Wishi Sachdeva,No remarks
INSP01702,12-27-2025,SCH-0030,False,True,Nahi,Haan,Kharab,Tanvi Mital,
INSP02949,2025-11-12,S0573,True,True,True,True,True,Viraj Sule,Needs repair
INSP00988,02-20-2026,SCH0279,True,True,True,True,False,Zaitra Batra,
INSP02271,28-Mar-2026,SCH0513,Y,0,0,True,True,Ekta Pillai,
INSP01395,11.04.2025,SCH0118,True,True,Y,False,False,Tanay Shenoy,Average
INSP00769,2025-07-11,SCH-0569,True,True,,False,False,Mahika Bedi,Good condition
INSP02790,01.12.2025,sch0578,,True,True,Yes,,Radha Ratta,No remarks
INSP00286,28.03.2026,SCH0503,Nahi hai,1,True,na,True,Ubika Chanda,No remarks
INSP02775,2025-10-06,SCH-0534,1,Available,False,Y,False,Chaitaly Halder,Average
INSP00429,2025/11/21,S0064,Haan,False,True,Yes,Nahi,Zayyan Sura,No remarks
INSP02080,11-Mar-2026,SCH0401,False,Nahi hai,True,Yes,False,Anmol Nayar,
INSP00723,2025/05/23,sch_0551,haan,True,True,Nahi,N,,Average
INSP00952,26-May-2025,sch_0132,N,True,Y,True,Haan,Nicholas Kaul,Good condition
INSP00990,25/06/2025,SCH0386,H,True,False,False,False,Azaan Vyas,No remarks
INSP02935,13/01/2026,SCH0455,True,haan,True,haan,True,Upasna Sama,Average
INSP02882,07-20-2025,S0059,N,Haan,Nahi hai,True,1,Christopher Agarwal,Good condition
INSP00327,03-Dec-2025,SCH0270,Available,True,True,Haan,True,Nimrat Acharya,Average
INSP01384,09/05/2025,SCH0360,Y,Y,Yes,False,,,Average
INSP01725,12-07-2025,sch_0351,Y,Haan,True,haan,na,Amaira Butala,
INSP01087,05-30-2025,SCH0276,True,Not Available,Y,,Functional,Girish Sampath,Needs repair
INSP00342,01-19-2026,SCH-0490,H,True,na,True,na,Rajata Bhardwaj,Average
INSP00148,11.10.2025,sch_0143,True,,True,True,False,Dhriti Ray,
INSP02463,20-Apr-2025,S0258,N,,Available,,False,Manbir Varghese,Average
INSP01108,25/11/2025,S0164,Y,True,Nahi,H,0,Imaran Gara,Needs repair
INSP00849,26/05/2025,SCH0151,1,True,Yes,na,haan,Ayushman Ramachandran,No remarks
INSP00967,17.01.2026,SCH-0117,True,Working,na,True,False,,No remarks
INSP02592,01-Jan-2026,SCH0450,Available,Nahi hai,True,Nahi,Hai,Sara Pandya,Good condition
INSP00662,2026-03-16,SCH0271,H,True,,,False,Chameli Bali,No remarks
INSP01003,15/12/2025,sch_0260,Functional,Y,Functional,True,True,Saumya Toor,
INSP02465,17-Jan-2026,0321,True,Working,True,True,Yes,Faraj Nazareth,Average
INSP02648,14/05/2025,SCH-0023,Haan,True,Yes,,True,Falguni Barad,Needs repair
INSP02792,06-05-2025,SCH-0235,True,Yes,False,True,True,Vansha Chokshi,Toilets locked
INSP01880,2026-01-18,SCH0509,True,Working,True,False,,Abhiram Pall,Average
INSP02960,19.06.2025,SCH-0423,H,True,Yes,True,True,Nirja Sankaran,Needs repair
INSP01204,06/08/2025,sch0543,1,,False,True,False,Jagat Sandal,Average
INSP01991,07-27-2025,sch_0107,Working,True,,True,True,,Good condition
INSP00025,12-01-2025,SCH0038,True,Haan,Working,0,False,Saksham Ganesan,Needs repair
INSP02953,2026-03-04,sch0097,Yes,True,H,na,False,Darpan Natt,Good condition
INSP02207,24.01.2026,0226,Haan,False,True,False,True,Rayaan Parsa,Toilets locked
INSP02189,2025-09-26,SCH0370,True,False,False,True,False,Jeevika Krishnan,
INSP02423,16-Jan-2026,SCH0394,1,True,Y,Available,Working,Utkarsh Behl,Good condition
INSP00876,13/01/2026,SCH0218,Hai,Hai,Functional,True,True,Vasana Dyal,Average
INSP02834,2025-05-19,SCH-0118,True,False,Y,Not Available,True,Mohammed Ramesh,Average
INSP00939,16.10.2025,SCH0251,1,True,Available,Available,,Aadi Misra,Needs repair
INSP02638,15/06/2025,SCH-0174,True,False,True,False,False,Leela Nath,Toilets locked
INSP02968,2025/10/04,SCH0074,Hai,False,Nahi hai,False,haan,Kavya Shan,
INSP00386,16-Apr-2025,SCH0114,True,True,False,N,True,Anthony Kamdar,Needs repair
INSP02418,2026/03/10,SCH0024,Y,H,H,na,False,Rohan Ratta,Good condition
INSP02639,26.03.2026,SCH0071,Available,True,True,True,No,Rishi Mitter,Toilets locked
INSP02316,2025-07-12,S0301,True,haan,Yes,False,True,Jagat Bassi,
INSP02855,16/11/2025,SCH-0108,,1,1,No,True,Zarna Kade,Needs repair
INSP00937,27-Jun-2025,S0395,1,True,1,False,Haan,Harini Kale,Toilets locked
INSP02713,14-Oct-2025,sch_0427,True,True,Hai,,False,Upadhriti Mall,No remarks
INSP00522,24/12/2025,S0509,1,True,Yes,Nahi,True,Jason Swamy,Needs repair
INSP01333,2025/06/28,SCH0210,False,True,True,True,False,Aarini Randhawa,Good condition
INSP01935,10/10/2025,0545,Haan,True,True,False,True,Vyanjana De,Good condition
INSP00936,02-20-2026,SCH-0215,True,Hai,Yes,haan,Nahi,Ethan Raval,
INSP00567,02.04.2025,SCH0526,True,True,True,Nahi hai,True,Nilima Jha,Needs repair
INSP01855,04/01/2026,SCH-0588,Nahi hai,Functional,True,,0,Chakradev Kalita,Needs repair
INSP02553,25.02.2026,sch_0402,True,True,True,False,False,Abhiram Ganesan,No remarks
INSP01646,09/07/2025,SCH-0206,False,,haan,0,False,Gopal Basu,No remarks
INSP02234,24.03.2026,SCH0517,Working,Yes,haan,False,No,Samuel Dhawan,Needs repair
INSP01793,13/04/2025,SCH-0050,True,Hai,Broken,Hai,False,Eesha Sha,Needs repair
INSP01431,13/06/2025,SCH0334,True,Yes,True,True,True,,No remarks
INSP02647,2025-10-18,SCH-0563,True,N,N,True,Yes,Veda Khurana,Toilets locked
INSP01014,28/11/2025,SCH0497,No,H,Functional,True,Broken,Faqid Mishra,No remarks
INSP01929,09-10-2025,0502,Functional,Yes,False,True,True,Meghana Barad,Needs repair
INSP02371,2025-12-02,sch0586,True,Y,False,H,False,Neel Sachdev,
INSP00127,2026-01-09,SCH0495,haan,No,True,True,True,Triveni Tripathi,Toilets locked
INSP02811,2026/02/12,SCH0197,True,True,True,True,True,Nimrat Gupta,Average
INSP01348,04-13-2025,sch_0037,True,True,Working,1,False,Bhavika Prakash,No remarks
INSP00356,2026/01/14,SCH0053,1,True,True,,False,,Toilets locked
INSP00828,2025-07-04,SCH0493,1,True,True,False,True,Ishaan Parikh,Good condition
INSP01640,2026-03-24,SCH0033,True,True,Available,1,Haan,,Toilets locked
INSP00985,2025-04-05,SCH0481,Y,True,Yes,haan,True,Baljiwan Balakrishnan,No remarks
INSP00363,2025-09-20,SCH-0521,H,Nahi hai,1,True,No,Raagini Wason,
INSP00346,08-28-2025,SCH0307,Working,True,Working,Nahi hai,False,Chameli Gulati,Good condition
INSP02780,12-Dec-2025,SCH0072,True,Available,,Nahi hai,False,Charita Mangat,No remarks
INSP02674,03-Jul-2025,sch0539,Haan,Yes,Yes,Working,,Inaya Salvi,Good condition
INSP00712,04/10/2025,SCH0318,False,1,True,H,False,Deepa Rai,Average
INSP02173,2025/09/23,sch0050,True,1,True,Kharab,False,Kashish D’Alia,Toilets locked
INSP00011,04-04-2025,SCH0336,Available,True,True,True,Y,Sudiksha Johal,
INSP02542,12.08.2025,SCH0534,1,0,Available,True,Nahi hai,,Good condition
INSP02117,02-01-2026,SCH0097,True,1,True,Hai,False,Anmol Bhakta,Toilets locked
INSP01835,05/12/2025,SCH0081,True,Yes,Haan,True,False,Garima Rana,Toilets locked
INSP00794,17/08/2025,S0278,True,haan,Nahi,False,False,Benjamin Pai,Average
INSP02906,2025-07-05,SCH-0385,0,H,True,False,False,Siya Dewan,Needs repair
INSP00095,07/01/2026,SCH0222,Haan,Functional,1,Functional,na,Chanakya Sodhi,No remarks
INSP00130,2025/04/28,sch_0329,True,H,True,True,N,Wishi Vasa,
INSP02361,22.04.2025,sch_0489,Hai,True,haan,Yes,na,Xalak Hans,Average
INSP01601,07-21-2025,0468,False,False,Haan,1,Nahi hai,Harinakshi Suri,
INSP01901,2025/08/06,sch0439,Functional,H,Y,Broken,True,Kala Nadig,Needs repair
INSP02757,29/11/2025,SCH0372,True,True,True,True,True,Wakeeta Bawa,No remarks
INSP01933,06-10-2025,sch_0347,True,True,haan,Yes,True,Nihal Salvi,Needs repair
INSP02264,05/10/2025,sch_0370,True,Functional,False,H,True,Manthan Pandey,Needs repair
INSP01866,09/10/2025,SCH0500,haan,True,Y,H,True,,Toilets locked
INSP01659,11-27-2025,sch0107,,H,Nahi,Broken,False,,
INSP00517,06/10/2025,SCH-0051,True,Haan,Available,Y,0,Zayyan Loyal,Average
INSP01858,18/02/2026,SCH0395,True,1,Y,False,0,Eshana Manda,Average
INSP01278,2026-01-07,SCH0561,No,Hai,N,haan,False,Waida Shankar,Needs repair
INSP00951,07/09/2025,SCH0323,False,True,True,True,No,Bina Shankar,Good condition
INSP01121,01/11/2025,SCH0225,True,Working,True,False,True,,Toilets locked
INSP00420,2025-10-15,SCH0148,Yes,H,Yes,True,True,Januja Magar,Needs repair
INSP00923,12-03-2025,SCH0242,,1,H,Haan,Yes,Omkaar Das,Good condition
INSP02319,19/04/2025,SCH0024,Working,Functional,True,Haan,Haan,Azad Chokshi,Toilets locked
INSP00478,08-08-2025,sch0410,1,Haan,Working,False,False,,
INSP02036,12/06/2025,S0171,Y,False,True,No,na,Manan Mohan,No remarks
INSP02296,18/10/2025,SCH-0564,True,True,True,No,Under Repair,Garima Gera,Good condition
INSP01693,20-Sep-2025,S0243,1,Working,Y,False,Broken,Anjali Sandhu,Needs repair
INSP02821,11-22-2025,sch0080,True,True,True,True,Kharab,Vamakshi Guha,No remarks
INSP01472,03/03/2026,SCH0257,True,True,True,Haan,False,Tanvi Kala,Average
INSP01203,09-17-2025,SCH0208,Haan,Available,Yes,False,True,Krish Agarwal,
INSP01670,01/09/2025,SCH0573,Y,True,True,haan,Working,Eesha More,No remarks
INSP02917,01-24-2026,SCH0282,True,True,1,,True,Kashvi Mahajan,Toilets locked
INSP01971,05-07-2025,0008,1,Available,Working,False,Nahi hai,,Toilets locked
INSP02152,16.12.2025,SCH0226,Haan,False,Hai,Haan,1,Samarth Subramaniam,Average
INSP00821,06-20-2025,SCH-0303,,True,Available,Nahi hai,0,Dayamai Kashyap,
INSP01998,23.05.2025,S0187,1,True,True,True,False,Imaran Sawhney,Average
INSP00053,2025-04-05,SCH0112,True,True,Yes,Haan,False,Lipika Agarwal,Needs repair
INSP01249,08-25-2025,SCH0201,haan,Hai,Working,,True,,Good condition
INSP02315,13-Jan-2026,SCH0303,haan,True,False,False,False,Gagan Karan,Toilets locked
INSP02831,19-May-2025,SCH0183,,Under Repair,Yes,Y,False,Samar Sane,Needs repair
INSP02191,2026-01-02,S0514,True,True,Haan,Yes,False,Oliver Balay,
INSP02749,2025-10-18,SCH0209,True,,True,Available,True,Devansh Oak,Toilets locked
INSP01047,30/09/2025,SCH0226,1,1,True,True,,Chandran Ramanathan,
INSP01889,2025/06/24,SCH0071,Yes,True,na,,False,Harrison Dara,Average
INSP00616,2025/11/09,sch_0103,Working,1,True,Working,True,Chanakya Agate,Good condition
INSP01319,15-May-2025,SCH0281,1,Hai,,,True,Kala Kumer,No remarks
INSP00297,2026-01-26,SCH0018,True,Available,Working,False,1,Ayush Anne,No remarks
INSP02137,2026-03-16,SCH0123,Functional,Yes,1,Under Repair,1,Faris Barman,Needs repair
INSP02588,06-Mar-2026,SCH0215,True,Working,True,N,Nahi,,Average
INSP01773,04-Aug-2025,SCH0101,Functional,True,Working,Not Available,True,Rachit Virk,No remarks
INSP00175,18/04/2025,sch_0427,1,Hai,Working,N,Not Available,Abdul Ratti,Average
INSP00132,2026/02/15,SCH-0114,haan,H,Available,True,haan,Benjamin Kari,Good condition
INSP00078,26/04/2025,sch_0434,True,True,Yes,True,False,Tarak Chokshi,No remarks
INSP02053,2026/01/10,S0449,H,H,Working,True,False,Ekbal Kalita,No remarks
INSP00725,05-01-2025,sch_0209,0,haan,Y,False,True,Tanay Kumer,Average
INSP01315,2025/10/07,SCH0375,,True,True,True,Nahi hai,Jagat Thaker,No remarks
INSP01852,30.05.2025,SCH-0465,H,Yes,True,True,No,Falak Gade,Average
INSP02420,27-Jan-2026,sch_0229,True,True,False,Yes,haan,Samarth Chandran,No remarks
INSP02616,01-16-2026,SCH0470,True,True,False,False,Available,Ayaan Bora,Good condition
INSP01373,12-May-2025,SCH0239,True,True,H,True,False,Upkaar Morar,Average
INSP01856,08-25-2025,SCH-0473,True,,True,Yes,na,Janaki Oza,Needs repair
INSP01320,04-20-2025,sch_0125,N,False,Nahi,True,False,Isaac Yogi,
INSP00473,14/08/2025,SCH-0183,1,Haan,True,na,na,Henry Hayre,Needs repair
INSP02290,10-04-2025,SCH0521,True,Available,True,True,True,Matthew Batta,Good condition
INSP00376,08/05/2025,sch_0132,Y,,H,,1,Harish Khosla,Good condition
INSP01909,2025-09-29,SCH-0093,False,False,Nahi,True,Hai,Udarsh Shere,No remarks
INSP00334,12.09.2025,sch0456,Available,False,False,True,False,Aachal Barad,Good condition
INSP02375,12/03/2026,SCH-0288,0,H,True,Nahi hai,Available,Umang Ray,
INSP02425,2026/01/11,SCH0560,True,haan,N,Available,False,Thomas Khurana,Toilets locked
INSP01605,20-Dec-2025,sch_0130,,True,Hai,False,False,Aishani Chokshi,Needs repair
INSP01119,03-Oct-2025,SCH0547,na,True,,False,False,Upadhriti Mallick,Good condition
INSP02971,16-Oct-2025,SCH0249,Nahi,haan,True,True,Nahi,Aadi Shetty,Needs repair
INSP01944,2025/10/24,SCH-0466,True,,Working,True,False,Tejas Bajaj,Average
INSP02385,2025-10-09,SCH-0112,,,True,True,0,Widisha Lad,No remarks
INSP02653,17/09/2025,SCH0591,Haan,0,True,haan,True,Ekaraj Pillay,Average
INSP01343,05-13-2025,sch0565,Functional,Hai,True,,0,,Needs repair
INSP00321,10-20-2025,sch0407,na,True,Nahi hai,na,True,Tamanna Om,
INSP01620,31/08/2025,SCH0170,True,0,No,True,False,Harsh Shankar,Toilets locked
INSP02574,14.09.2025,S0237,False,False,Y,False,Haan,Brijesh Pandey,Average
INSP02061,2025-12-06,SCH0494,,na,True,1,False,,Good condition
INSP02220,18.03.2026,SCH0477,True,1,True,False,No,Nihal Merchant,Toilets locked
INSP01674,2025/07/07,SCH0260,False,,Yes,False,True,Charles Kala,Toilets locked
INSP01943,05/01/2026,SCH0457,True,True,Yes,N,False,Riya Ravi,Average
INSP00261,09-07-2025,SCH0508,Yes,H,1,False,True,Jai Rai,Toilets locked
INSP02478,15/02/2026,sch0452,False,Available,True,na,False,Arjun Andra,Average
INSP02040,12/11/2025,SCH0045,True,0,haan,Hai,Working,Noah Parmar,No remarks
INSP00690,2025-09-23,SCH0218,Available,Working,Available,True,Haan,Anusha Kadakia,Average
INSP00902,09-29-2025,SCH0592,True,0,True,True,Yes,Manbir Sagar,No remarks
INSP02027,2025/06/06,SCH0355,N,True,Haan,False,Hai,Eiravati Bava,Good condition
INSP00139,27.03.2026,SCH0517,Y,Hai,H,True,False,Brinda Krishna,Good condition
INSP01918,2025-07-27,SCH0025,False,Yes,Kharab,True,True,Chatura Palla,Average
INSP01829,2025-12-28,SCH0558,Hai,False,Yes,True,Y,,Good condition
INSP01574,29.12.2025,SCH0125,Y,Y,Working,False,False,Hritik Tella,No remarks
INSP00320,23-Jun-2025,0452,True,N,Haan,True,False,,
INSP00654,28/11/2025,SCH0506,1,True,N,True,0,Peter Jhaveri,
INSP02138,04-18-2025,sch_0461,haan,Yes,Functional,True,True,Leela Basak,Average
INSP02586,30/07/2025,SCH-0193,Working,True,Nahi,True,True,,No remarks
INSP00559,2025/10/26,SCH0133,,,True,haan,True,Dayamai Andra,No remarks
INSP02188,2026-03-10,sch0555,Yes,Functional,,True,N,Rushil Chakrabarti,Average
INSP00113,2026-02-09,SCH0441,,True,False,Haan,haan,Neelima Ganguly,Good condition
INSP00532,08.05.2025,sch_0322,Nahi,Haan,True,False,Haan,Chanakya Kala,Good condition
INSP00225,06/03/2026,SCH0440,N,True,1,True,H,,Needs repair
INSP00724,2025-09-08,sch_0237,Broken,False,True,Working,True,Gaurav Seshadri,Good condition
INSP02555,2025/10/27,sch_0254,Y,True,Working,Nahi hai,True,Amruta Nayar,Toilets locked
INSP02703,09-14-2025,SCH0179,Functional,haan,Y,Working,haan,Isaac Kibe,Good condition
INSP01434,15/12/2025,SCH0010,True,True,False,Kharab,True,Abhimanyu Bhalla,Good condition
INSP02453,03.06.2025,S0291,True,True,False,Kharab,False,,Good condition
INSP02891,12-Nov-2025,sch0436,Hai,True,True,False,Haan,Gautam Hora,Good condition
INSP01459,2025-09-22,SCH0096,True,True,1,False,,Anya Khanna,Toilets locked
INSP02841,21-Feb-2026,sch_0407,False,Y,True,True,False,Hemal Tak,Average
INSP00847,16/02/2026,SCH0485,Y,Yes,Working,True,False,Omisha Shenoy,Toilets locked
INSP00194,10-Sep-2025,SCH0297,True,Kharab,Haan,H,False,Anmol Raval,Good condition
INSP01465,30.09.2025,sch_0550,True,True,False,,True,Tripti Kar,Good condition
INSP00947,2025/06/03,SCH0440,Hai,Y,True,False,True,Anvi Dara,
INSP02022,27-Aug-2025,SCH-0257,True,True,Yes,True,Haan,,Average
INSP01630,10.04.2025,0210,True,True,Y,1,Hai,Gavin Sekhon,Toilets locked
INSP00118,14/07/2025,SCH0432,Working,H,True,Kharab,No,Anita Agarwal,
INSP00646,01-06-2026,sch_0136,False,Yes,True,Functional,False,Tanish Dhingra,Average
INSP01871,24.12.2025,SCH0028,Y,True,Working,True,False,Madhavi Dutta,No remarks
INSP00004,11-20-2025,sch0322,True,Hai,True,False,1,Yachana Dyal,Needs repair
INSP00075,12-07-2025,sch_0493,True,1,False,,False,Farhan Nagi,Good condition
INSP01756,12/02/2026,S0287,False,True,False,True,True,Anvi Ray,
INSP00468,26.09.2025,sch_0531,False,H,True,True,Under Repair,Jairaj Malhotra,No remarks
INSP00006,17-Jun-2025,SCH0315,Yes,haan,True,Functional,False,Chaitaly Yadav,
INSP01247,30/04/2025,sch0229,True,haan,True,True,False,Upkaar Gara,Toilets locked
INSP00920,29-Sep-2025,SCH-0324,Haan,True,,True,,Dayita Handa,Good condition
INSP00229,19.06.2025,SCH0506,Nahi,Haan,True,na,0,Naksh Koshy,Toilets locked
INSP01064,2025-11-02,SCH0558,True,Working,True,Yes,True,Benjamin Krishna,Toilets locked
INSP00243,28/10/2025,sch_0581,True,Kharab,False,False,1,Jai Doctor,Needs repair
INSP02403,05-16-2025,SCH-0232,Broken,Hai,No,False,Working,Matthew Rastogi,Good condition
INSP01161,09.06.2025,SCH-0037,True,True,True,True,False,Varenya Viswanathan,
INSP02645,2026/01/11,sch_0397,Nahi,True,True,True,True,,No remarks
INSP01527,2025-04-26,SCH-0560,True,False,True,True,No,Pavani Banik,Toilets locked
INSP01606,05-03-2025,SCH0002,Not Available,haan,H,True,No,Charita Halder,
INSP02927,01-May-2025,SCH0209,Yes,Working,True,True,False,Zashil Shetty,Average
INSP01317,14.07.2025,SCH0315,1,True,1,Working,True,Harita Chatterjee,
INSP02677,19-Jun-2025,SCH-0064,True,True,True,N,Nahi hai,Indira Johal,Toilets locked
INSP01990,04/01/2026,SCH0287,,True,Available,True,Yes,Samesh Keer,Toilets locked
INSP02476,2026/02/19,SCH0268,1,True,False,False,Yes,Ronith Doctor,Good condition
INSP01976,2025-10-12,SCH0209,False,Haan,True,,Haan,,Average
INSP01762,2025/12/18,SCH0509,1,False,False,Functional,Hai,Patrick Cheema,Average
INSP01306,2026-03-01,S0462,True,,True,H,Available,Ojasvi Chahal,No remarks
INSP01542,2025/08/21,0062,False,True,Hai,True,False,Rehaan Saini,Good condition
INSP00623,28/11/2025,0047,True,True,,Nahi hai,True,Abdul Kar,Needs repair
INSP02437,06/03/2026,SCH0017,Y,True,0,,0,Teerth Mandal,
INSP01494,10.03.2026,SCH0014,Nahi,True,Haan,False,False,Pahal Batra,Average
INSP00111,06-07-2025,0060,True,Haan,True,H,No,Benjamin Varty,No remarks
INSP02276,2025-07-25,SCH0405,Haan,True,True,False,False,,Toilets locked
INSP02388,09.12.2025,SCH0217,False,False,Haan,True,False,Edhitha Lall,Average
INSP01170,21-May-2025,SCH0571,True,True,Hai,False,Yes,Vidhi Dutta,Needs repair
INSP02589,2025/09/05,S0396,False,N,Functional,Nahi,True,Gagan Iyengar,Good condition
INSP00233,12-29-2025,SCH-0303,0,Functional,Hai,True,Functional,Yagnesh Wali,Toilets locked
INSP00067,29/12/2025,sch_0546,Nahi hai,Yes,True,No,True,Alexander Devan,
INSP02847,31.03.2026,SCH0432,True,Available,True,True,Nahi,,
INSP02073,02-05-2026,SCH0228,True,Haan,True,Functional,True,Irya Hayer,No remarks
INSP02193,31/12/2025,SCH0479,Available,Functional,Y,haan,Nahi,Ojasvi Peri,No remarks
INSP00537,05-31-2025,SCH0144,True,Hai,True,Haan,Nahi hai,Parth Rau,Average
INSP00126,19/01/2026,SCH0033,0,False,H,0,na,,Good condition
INSP02134,04-01-2025,S0213,False,1,1,True,False,Rehaan Chaudhuri,Needs repair
INSP01255,02.09.2025,SCH0568,Y,H,Yes,True,1,Amol Sidhu,Needs repair
INSP02787,2025-08-10,SCH0311,True,haan,False,True,True,Luke Ramakrishnan,Good condition
INSP01977,2025/11/10,SCH0194,True,True,H,haan,False,Advaith Chana,
INSP02590,06-20-2025,sch_0005,1,True,1,False,Y,,Needs repair
INSP02483,2025-06-27,SCH0237,,H,1,True,True,Bhanumati Balay,Needs repair
INSP02076,2026-02-03,sch_0183,True,True,Functional,True,1,Kashvi Agarwal,Good condition
INSP00485,11-Jul-2025,SCH0435,False,True,True,N,H,Rachit Rattan,Toilets locked
INSP01655,27.09.2025,sch0024,True,0,Hai,Kharab,False,Jai Aggarwal,No remarks
INSP02814,02-Oct-2025,SCH-0295,Yes,Nahi,True,haan,False,Reva Dasgupta,Toilets locked
INSP02680,20.02.2026,SCH-0119,True,Hai,Hai,Haan,Y,Rohan Ramesh,Average
INSP02529,2025-07-19,SCH0041,Yes,Available,No,True,1,Advik Raja,Needs repair
INSP01775,2025-12-06,SCH-0180,True,True,Functional,True,Haan,Logan Sachdeva,No remarks
INSP00919,09-Mar-2026,SCH0222,Hai,True,True,Haan,Nahi hai,Nitesh Om,Toilets locked
INSP01647,02-08-2026,SCH-0445,True,Haan,False,,False,Baghyawati Dada,Average
INSP01027,2025-04-11,sch0318,True,,0,1,True,,No remarks
INSP01031,03-19-2026,sch_0423,True,haan,True,,na,Daniel Peri,No remarks
INSP00883,16-Dec-2025,SCH-0191,Functional,True,True,True,False,Bhanumati Bhatnagar,Toilets locked
INSP01336,01-05-2026,SCH0263,Nahi hai,True,Yes,Yes,Nahi hai,Megha Samra,Needs repair
INSP02342,13.09.2025,0121,Haan,N,Hai,H,False,Leela Brar,No remarks
INSP00365,2025/05/07,SCH0482,Y,True,haan,True,False,Michael Narula,Toilets locked
INSP02126,22/06/2025,SCH0298,Functional,Yes,,True,False,Chanchal Palan,Average
INSP00028,30-Mar-2026,SCH-0591,False,,True,Nahi,Nahi hai,Bhanumati Mallick,Needs repair
INSP00474,2025/09/04,SCH0496,Hai,H,False,True,False,Vihaan Barman,Good condition
INSP00526,16.05.2025,S0587,True,H,True,Functional,Haan,Yuvraj Kannan,Good condition
INSP00726,20-Oct-2025,S0261,Working,0,True,True,False,Jason Majumdar,Toilets locked
INSP00056,11/08/2025,sch_0086,True,True,H,False,Nahi,Veer Sama,
INSP00639,2025/11/27,SCH-0211,N,True,Hai,True,True,Vasudha Kurian,No remarks
INSP00303,31.07.2025,sch0172,N,True,True,Nahi hai,True,Chatresh Manne,
INSP02743,27-Mar-2026,SCH0242,,True,True,False,False,,Good condition
INSP01277,04-Nov-2025,sch0061,na,Y,False,True,False,Wridesh Yohannan,Toilets locked
INSP02772,05-01-2025,S0518,Functional,False,1,True,False,Upadhriti Som,Average
INSP00625,2026-03-08,sch_0034,True,Haan,True,Kharab,Under Repair,Imaran Konda,Good condition
INSP02056,21/01/2026,S0230,,Hai,Y,,Hai,Advika Kala,
INSP01281,2026/01/20,SCH-0458,Nahi hai,True,0,False,,Ishaan Lal,Average
INSP01050,07/10/2025,SCH0587,,True,H,True,Haan,Finn Babu,No remarks
INSP00337,2025-11-08,sch_0492,1,True,False,Functional,False,Ranbir Dayal,Good condition
INSP00048,07/03/2026,SCH0324,1,haan,Nahi hai,0,na,Charan Kala,Needs repair
INSP00107,29/05/2025,SCH0128,True,True,Y,False,Y,Mugdha Narula,Average
INSP01080,2025-12-04,SCH0150,True,True,No,True,True,Kashvi Bahl,Average
INSP02287,2026/02/14,sch_0322,Available,True,True,False,Y,,
INSP02262,2026/02/05,S0176,True,Y,True,False,Nahi hai,Sanaya Goyal,Good condition
INSP01145,2025-10-06,SCH0024,True,True,False,False,False,Rachana Walla,Average
INSP02510,16/07/2025,0427,H,True,True,True,True,Jackson Pradhan,Needs repair
INSP02297,20/09/2025,SCH0072,Hai,H,True,False,Working,Gayathri Sharaf,Toilets locked
INSP01837,03.05.2025,SCH0193,Y,Haan,True,True,True,Widisha Sarma,Average
INSP01754,11-Oct-2025,SCH0294,1,True,Functional,Nahi hai,na,Nitara Sampath,Good condition
INSP01102,01.06.2025,sch_0039,,haan,N,na,na,Frado Kota,
INSP01969,2025/12/30,sch_0297,Working,True,Available,True,Nahi,Ikshita Singh,Average
INSP00524,27/12/2025,sch0567,True,True,haan,,,Triveni Pant,No remarks
INSP02281,16/07/2025,SCH0259,True,Available,True,haan,False,Umang Chaudhry,No remarks
INSP01429,09-01-2025,S0316,haan,True,True,False,False,Nathan Sahni,No remarks
INSP02742,2025/04/23,SCH0231,True,True,True,Kharab,na,Barkha Bala,Good condition
INSP00604,03-Aug-2025,SCH0552,H,True,True,True,Functional,Bhavini Narang,Needs repair
INSP01490,05-Jul-2025,S0316,Kharab,na,haan,Hai,True,Ryan Bhargava,Toilets locked
INSP02475,04-07-2025,SCH0496,True,Hai,True,True,No,Onkar Karan,
INSP00061,05.11.2025,SCH0518,False,Yes,True,No,N,Anamika Kapur,Good condition
INSP02890,2025/07/29,sch0008,Functional,N,Haan,Hai,True,Samaksh Aurora,Needs repair
INSP00672,2025-11-30,sch_0230,Y,False,True,Available,False,Victor Bhakta,Average
INSP00093,21/07/2025,SCH-0366,False,True,0,N,Available,Yamini Maharaj,Average
INSP00667,13-May-2025,SCH-0412,1,True,Working,True,,Suhani Nath,
INSP01888,11-Apr-2025,SCH-0417,Functional,Available,Hai,N,Kharab,Krisha Ravi,Good condition
INSP00281,2026-03-02,sch0477,Kharab,False,True,False,Nahi hai,Hemani Chopra,Toilets locked
INSP01720,2025/06/15,SCH0337,Yes,True,Hai,False,N,Radhika Kalla,Good condition
INSP00360,2025-10-20,SCH-0382,False,No,Haan,False,True,Aarna Sharma,No remarks
INSP00900,2025-11-22,SCH0036,Hai,True,H,Nahi,False,Nicholas Roy,Toilets locked
INSP01936,23/09/2025,sch_0141,False,Hai,Available,Haan,Available,,Good condition
INSP01995,23/03/2026,SCH0223,Yes,Haan,Y,Yes,Nahi,Advaith Prabhakar,Good condition
INSP01726,2025/11/13,sch_0316,True,Nahi hai,Hai,True,True,Chakradhar Kapoor,Average
INSP00761,07-01-2025,SCH0520,False,H,haan,haan,H,Vasana Keer,Toilets locked
INSP02159,04-Apr-2025,SCH-0090,Y,,na,Yes,False,,Needs repair
INSP02758,2025-12-23,sch_0096,False,Functional,Nahi,Nahi hai,False,Ishanvi Ratti,Average
INSP00043,15-Jul-2025,SCH0032,Nahi hai,H,,True,No,Unnati Shankar,
INSP02174,30.04.2025,SCH0509,Broken,Haan,H,1,False,Rachana Sem,No remarks
INSP00205,16/11/2025,SCH0411,,False,True,True,True,Brijesh Virk,Toilets locked
INSP01474,2025/11/04,SCH-0548,True,0,,H,,Ekapad Keer,Average
INSP02101,2025-10-07,SCH0004,Hai,Yes,Yes,No,False,,
INSP00069,2026-02-18,SCH0532,True,1,Haan,Broken,False,Anika Warrior,Needs repair
INSP01876,2025/10/01,SCH0587,H,Yes,Y,H,True,Finn Khurana,Needs repair
INSP02600,10-Sep-2025,0414,Y,Nahi hai,Yes,H,Haan,Faraj Mishra,
INSP02232,2025/07/17,SCH0375,Available,True,No,False,Working,Baghyawati Oak,No remarks
INSP00138,22/08/2025,sch_0075,True,0,False,False,True,Ira Atwal,Toilets locked
INSP00797,2025-05-06,SCH-0319,Yes,True,Functional,No,True,Pranav Krishna,Needs repair
INSP02181,08/05/2025,SCH0033,True,Yes,Yes,Working,False,Fariq Lad,Toilets locked
INSP02129,2026/03/04,S0244,Nahi hai,Nahi,True,True,1,Pavani Pal,Average
INSP00759,22.09.2025,SCH0246,0,,False,False,1,Jhalak Thaman,No remarks
INSP00542,2026-02-22,SCH-0411,Working,Y,1,False,False,Bhavna Subramanian,Average
INSP01020,2025-05-13,SCH0178,Nahi hai,Functional,True,False,False,,Average
INSP02412,24-Jul-2025,sch_0457,Broken,True,0,na,Nahi hai,Naksh Ghosh,Average
INSP00166,2025/07/05,S0309,False,True,True,,H,,
INSP00249,29-Oct-2025,SCH-0371,1,,Available,No,Yes,Onkar Dua,Toilets locked
INSP01332,2025-04-23,sch_0220,haan,True,True,False,No,Ekansh Nayak,Good condition
INSP02018,07/10/2025,S0471,False,1,Working,1,False,Eiravati Jani,No remarks
INSP00447,02-01-2026,S0143,True,Yes,True,True,False,Dalaja Rao,Needs repair
INSP01359,2025/05/20,SCH0446,No,True,True,Haan,True,Anmol Mand,Needs repair
INSP02146,25-Dec-2025,SCH0085,False,True,Yes,True,True,Gavin D’Alia,Toilets locked
INSP01330,04-01-2025,SCH0463,True,Yes,True,Yes,H,Champak Warrior,No remarks
INSP00153,15.10.2025,sch0540,True,H,Y,Yes,True,Geetika Kulkarni,
INSP02151,14-Jan-2026,SCH0371,True,True,True,Hai,Hai,Indali Walla,Good condition
INSP00435,11-19-2025,S0189,True,Working,True,,True,,Needs repair
INSP02123,2026-01-23,0226,Working,N,haan,True,na,Warjas Mall,Good condition
INSP00578,2025-12-24,SCH0109,haan,True,True,False,False,Andrew Ahuja,Toilets locked
INSP02515,01-Jun-2025,SCH0135,False,True,Yes,1,True,Ijaya Karpe,No remarks
INSP02882,07-20-2025,S0059,N,Haan,Nahi hai,True,1,Christopher Agarwal,Good condition
INSP01849,2025-05-14,S0345,haan,Haan,na,Functional,True,Qasim Kanda,
INSP00763,18-May-2025,sch_0092,True,Yes,Available,True,H,Isha Kohli,
INSP00389,16/08/2025,sch_0238,Available,haan,Functional,Hai,False,Aradhana Bumb,Average
INSP00236,09/11/2025,0329,True,True,True,False,Functional,Fariq Sen,Average
INSP02740,29.05.2025,SCH0543,Nahi hai,Hai,True,haan,False,Tanmayi Puri,Average
INSP01985,12/11/2025,SCH-0531,Under Repair,Available,True,True,Nahi,Tanvi Padmanabhan,Good condition
INSP00268,30.12.2025,SCH0206,,True,Hai,Yes,Y,Irya Mody,Needs repair
INSP00771,05-09-2025,SCH0309,1,,Haan,Nahi hai,Kharab,Om Shenoy,
INSP02166,12/12/2025,SCH0471,,,True,,Yes,Harshil Bhargava,Good condition
INSP00438,28/04/2025,S0417,True,0,True,False,False,Mitali Nair,Needs repair
INSP00674,2025/04/15,SCH-0059,False,True,1,Working,,Chaman Naik,No remarks
INSP00250,06.03.2026,sch_0098,True,1,True,Yes,False,Ojas Doshi,Average
INSP02202,05/03/2026,S0312,Y,True,H,0,,Lakshmi Sami,Good condition
INSP01575,17.09.2025,sch_0311,True,haan,Working,Y,Nahi,Irya Narasimhan,Good condition
INSP02143,13.02.2026,sch_0452,Hai,Y,Kharab,No,False,Lila Taneja,Average
INSP02082,2025/04/13,SCH0181,haan,Yes,,1,False,Krisha Bal,No remarks
INSP02753,2025-09-28,S0270,haan,1,True,,Functional,Raagini Wason,No remarks
INSP02701,2025-09-07,0025,Haan,True,haan,No,Not Available,Krishna Korpal,Toilets locked
INSP01966,2026-03-13,0281,Y,Y,False,False,True,Vihaan Varma,Good condition
INSP00449,2025-08-15,SCH-0310,,Y,True,False,True,Anay Ben,No remarks
INSP01470,03-07-2026,SCH0268,0,1,haan,True,Hai,Anika Sahota,Toilets locked
INSP00717,16/02/2026,SCH0242,True,1,Working,haan,na,Bachittar Talwar,Toilets locked
INSP02682,2025-09-23,SCH0574,Working,True,haan,False,True,Raagini Dube,No remarks
INSP02750,02.10.2025,SCH0187,True,True,True,False,True,Sara Chandra,Good condition
INSP02049,2025-06-16,SCH0259,True,True,Haan,Yes,0,,Average
INSP01902,2026-02-24,SCH0417,False,haan,True,Yes,True,Ekanta Ganguly,Good condition
INSP01169,01-Jun-2025,SCH0435,Hai,1,No,Yes,na,Nikita Borah,
INSP00083,30.12.2025,S0130,Working,True,True,True,Nahi hai,Jai Sheth,
INSP02550,01/03/2026,sch_0330,haan,No,,Working,False,Eesha Banerjee,Needs repair
INSP01461,2025-07-23,SCH0590,1,True,True,True,True,Qarin Wali,Needs repair
INSP01894,2025/12/18,SCH0238,Working,True,True,False,Nahi,Kai Oak,Average
INSP01669,07.04.2025,SCH0080,False,True,Working,Under Repair,Functional,Charan Sura,Needs repair
INSP02001,20-Apr-2025,SCH0425,True,1,Functional,No,haan,Jagvi Gour,
INSP00476,25-Oct-2025,SCH0241,Yes,True,,1,N,Leela Palla,Toilets locked
INSP00518,31.08.2025,SCH-0272,1,1,Y,Haan,N,Alka Shere,No remarks
INSP00405,2025-09-03,sch0290,True,True,False,False,True,,Good condition
INSP00385,05.03.2026,SCH0387,True,Yes,True,H,Hai,Kritika Setty,Toilets locked
INSP02762,09-Apr-2025,SCH-0238,No,0,True,,na,Faraj Sagar,No remarks
INSP02153,2025-11-04,SCH0354,Yes,True,True,Available,False,Vasatika Suresh,Needs repair
INSP01634,16/01/2026,sch0469,,Functional,True,No,Nahi,Chaman Chhabra,No remarks
INSP01191,20.09.2025,SCH-0272,haan,True,Broken,Yes,Haan,Vihaan Ramaswamy,Toilets locked
INSP00689,2025/11/07,S0017,False,False,True,Under Repair,True,,
INSP01241,18/07/2025,SCH0170,Nahi,True,Yes,,No,Jai Mandal,Toilets locked
INSP00063,2025/07/20,S0464,1,Working,Working,Working,No,Harsh Nagy,Average
INSP00853,23/04/2025,SCH0329,True,True,Hai,True,,Atharv Balakrishnan,Good condition
INSP02892,02/03/2026,SCH0225,Not Available,True,True,No,True,Sai Ram,Toilets locked
INSP02606,24.07.2025,sch_0429,False,1,haan,True,Not Available,Ria Bedi,Needs repair
INSP01263,07.12.2025,SCH0540,False,False,True,,Haan,Gabriel Jaggi,No remarks
INSP00224,2025-12-13,sch0562,True,Y,False,False,True,Manan Patla,No remarks
INSP02194,2025/08/22,SCH0263,False,na,True,0,Y,Qarin Suri,Average
INSP00374,2025/04/07,sch_0017,True,Y,True,True,Available,Fitan Yogi,Needs repair
INSP01825,21-Apr-2025,SCH0214,True,True,1,H,Under Repair,Lekha Chaudhari,Good condition
INSP02668,16.08.2025,sch0580,False,Functional,haan,Hai,True,Upkaar Khurana,No remarks
INSP00645,2025-10-18,SCH-0589,Available,True,Nahi,Functional,False,Amaira Padmanabhan,Average
INSP02731,2026-01-11,SCH0585,True,Yes,True,True,True,Wakeeta Merchant,Needs repair
INSP02822,2026-01-13,SCH0432,,Yes,True,True,Hai,Zayyan Oza,Good condition
INSP00010,10-11-2025,SCH-0020,Broken,haan,No,Hai,Available,Wriddhish Golla,Needs repair
INSP01945,17-Mar-2026,SCH0235,Y,,True,Not Available,True,Garima Devi,Good condition
INSP01839,11-18-2025,SCH-0497,Y,True,Hai,Nahi,,Mugdha Lad,Toilets locked
INSP00709,02-13-2026,SCH-0377,haan,Y,,True,True,Pooja D’Alia,No remarks
INSP00256,07.03.2026,SCH0478,,haan,True,True,H,Yashasvi Gade,No remarks
INSP01618,2025-11-22,SCH0116,False,,True,True,False,Upma Savant,No remarks
INSP00390,09-24-2025,sch0042,True,True,True,Y,Yes,Xavier Keer,Needs repair
INSP01582,2025/12/01,S0279,Hai,Functional,True,False,False,Ojasvi Bassi,Needs repair
INSP00925,2025-12-11,SCH0488,0,,haan,False,Y,Dalaja Nath,Good condition
INSP02037,09-03-2025,sch_0410,True,True,Working,Haan,True,Sarthak Bhatti,Toilets locked
INSP02527,2025-12-27,S0430,Nahi hai,True,Y,True,Under Repair,Chatresh Mohan,Good condition
INSP01225,21.06.2025,SCH0596,N,1,,Y,Nahi,Janani Mitter,Needs repair
INSP01947,06-29-2025,sch_0514,True,True,True,Nahi hai,False,Nirja Toor,Average
INSP00740,10-06-2025,SCH0008,True,True,True,False,Yes,Praneel Chahal,Toilets locked
INSP00041,22.09.2025,sch0116,True,Available,Haan,True,,Tanveer Garde,Needs repair
INSP00869,2026-02-21,SCH0441,haan,Y,True,Nahi,True,Warinder Bhardwaj,Average
INSP00540,01.10.2025,SCH-0067,True,H,N,1,Available,Osha Kara,No remarks
INSP01299,2025/11/01,S0075,True,,True,Haan,Haan,Warjas Jani,Toilets locked
INSP01372,08-Jan-2026,0206,No,True,False,1,0,Upma Guha,No remarks
INSP01146,2025/04/22,SCH0341,True,Y,Available,True,Nahi hai,Reyansh Yogi,Needs repair
INSP01032,16-Jan-2026,sch_0195,True,True,Nahi hai,0,True,Aarnav Mittal,Average
INSP00373,26.04.2025,S0524,1,False,False,haan,H,Benjamin Modi,
INSP00668,06.07.2025,sch_0127,,Y,Hai,True,False,Qabil Desai,Needs repair
INSP00358,02-25-2026,SCH0051,Functional,Yes,True,False,H,Ekapad Bava,Toilets locked
INSP00968,02-23-2026,S0203,True,haan,True,Hai,True,Gavin Bera,Needs repair
INSP01354,20/04/2025,SCH0506,Haan,True,Y,Y,False,Irya Amble,Average
INSP01036,2026-01-24,SCH0586,Working,Yes,H,Hai,haan,Jack Rai,
INSP00471,06-12-2025,SCH-0042,Working,Functional,haan,True,,,No remarks
INSP01397,13.02.2026,SCH-0596,False,True,Hai,Kharab,False,Hamsini Sekhon,Good condition
INSP02756,2025-05-21,sch0252,True,No,True,,True,Saksham Hora,
INSP01550,08/11/2025,SCH0403,False,,0,True,H,Teerth Narain,No remarks
INSP01257,18-Sep-2025,sch_0192,haan,Hai,Nahi hai,Nahi,Broken,,Needs repair
INSP02095,07.06.2025,sch_0258,True,1,Hai,Kharab,True,Bakhshi Bali,Good condition
INSP01556,18-Mar-2026,SCH0331,True,True,True,True,1,,Needs repair
INSP02722,12-01-2025,sch_0084,Working,1,True,False,False,Madhav Dhawan,Good condition
INSP01251,10-24-2025,SCH0232,True,1,Working,False,False,Ekanta Kuruvilla,Good condition
INSP01700,07.12.2025,SCH-0208,Nahi hai,True,True,False,False,Kamala Murty,Average
INSP01253,04/05/2025,SCH-0421,haan,Yes,,True,,,
INSP02923,28/08/2025,S0344,True,True,Functional,False,False,Darpan Dhaliwal,No remarks
INSP00080,01.10.2025,SCH0526,False,Nahi hai,False,True,Nahi,Jasmit Sampath,Average
INSP01173,01-11-2026,sch0398,False,1,Yes,True,True,,Good condition
INSP00815,2025/09/22,sch0419,True,True,True,True,True,Ayaan Din,Toilets locked
INSP01853,16/08/2025,sch_0132,True,,True,False,True,Advik Korpal,Good condition
INSP02221,26.03.2026,sch_0499,False,Functional,,haan,0,,Good condition
INSP02765,2025/09/11,SCH0103,na,1,True,False,No,Pratyush Khosla,No remarks
INSP02106,04-07-2025,SCH-0466,Y,True,True,True,Y,Elijah Dugar,Good condition
INSP00134,2025/04/24,sch_0266,True,True,True,Haan,False,Hredhaan Shere,Needs repair
INSP01141,09-23-2025,SCH-0018,True,H,True,N,Nahi,,
INSP00934,2026/01/24,SCH0156,H,Working,Hai,True,False,Nitesh Varughese,Toilets locked
INSP00929,2025/04/01,sch_0534,Hai,0,,,N,Noah Deol,No remarks
INSP00824,2025-11-17,SCH0427,True,Functional,Haan,,,Harsh Konda,Average
INSP01532,2025-12-05,SCH-0003,True,Yes,H,True,Working,Bakhshi Butala,Toilets locked
INSP01215,28/06/2025,SCH0143,False,Functional,N,True,N,Jason Gill,Average
INSP00505,25-Feb-2026,SCH0109,False,True,True,Working,Nahi hai,Ekavir Tara,
INSP02046,12.04.2025,sch_0228,Under Repair,No,1,True,Yes,Warda Mander,Needs repair
INSP02396,12/09/2025,SCH-0579,False,1,True,False,False,Alka Dua,Needs repair
INSP01997,14/06/2025,sch0142,H,True,Functional,True,,,Needs repair
INSP02435,17-Apr-2025,0249,Available,na,True,False,True,,Average
INSP01959,22.05.2025,SCH0567,Not Available,False,True,1,Haan,Hredhaan Madan,Good condition
INSP01385,2025/11/18,S0212,True,Available,True,Yes,Nahi,Shravya Aggarwal,No remarks
INSP00895,2026-01-17,SCH-0204,True,True,1,False,False,Vasana Chaudhuri,No remarks
INSP00829,14.11.2025,SCH0086,True,Haan,No,True,Yes,Amara Choudhry,Good condition
INSP00052,2025-12-07,SCH-0320,False,True,Yes,Nahi,Kharab,Daksha Kapadia,Good condition
INSP02524,2025-04-23,SCH0558,True,Functional,True,1,No,Harrison Bhatnagar,Good condition
INSP01684,2025-09-19,SCH0248,Haan,True,True,False,True,Ekalinga Sachdeva,
INSP02707,12-03-2025,SCH0472,True,True,Hai,True,,Aarush Agate,Toilets locked
INSP01764,2026-01-31,sch_0019,Yes,True,haan,,Yes,,Good condition
INSP02643,07-31-2025,SCH0183,Haan,Hai,Haan,haan,True,Samuel Dugar,Needs repair
INSP00653,2026-02-07,SCH0572,Yes,True,Nahi,N,False,Aarini Narasimhan,
INSP00173,06.07.2025,S0151,H,Y,Working,True,,,Good condition
INSP00039,2025-09-18,SCH0246,No,Y,na,Y,H,Ikshita Lanka,Needs repair
INSP01331,10.12.2025,SCH0498,1,Yes,False,Available,Yes,Nitesh Baria,No remarks
INSP00714,24/01/2026,SCH0147,True,Yes,haan,,True,Anamika Borde,No remarks
INSP00091,06-Jan-2026,SCH0496,haan,True,False,True,True,Triveni Rao,Average
INSP00046,14-Nov-2025,S0280,True,H,True,Y,No,Naksh Ray,Good condition
INSP01206,17.07.2025,sch_0278,H,Hai,True,Haan,False,,No remarks
INSP02603,2025/09/15,sch0203,True,False,haan,1,True,Qushi Merchant,Needs repair
INSP02718,20/02/2026,SCH-0318,H,True,,True,False,Manan Joshi,Good condition
INSP01828,2026-01-25,SCH0586,True,True,haan,True,N,,Average
INSP01156,03/08/2025,SCH0214,True,True,Broken,False,False,Logan Kuruvilla,Needs repair
INSP01325,2026-03-13,SCH0278,True,Haan,Y,Hai,False,Isaac Prabhakar,Average
INSP00217,2026/02/18,sch_0082,Functional,haan,Yes,True,False,Ekani Sahni,No remarks
INSP00511,2026-01-20,SCH0265,False,True,False,Nahi hai,No,Turvi Sundaram,Toilets locked
INSP01681,10-Jul-2025,sch0037,Yes,Hai,Kharab,True,0,Anjali Dua,Good condition
INSP00500,2025/08/23,SCH-0062,na,True,Broken,Functional,H,Ekta Pandey,
INSP02609,10.09.2025,SCH-0057,True,,0,True,0,Manbir Sood,No remarks
INSP01857,04-11-2025,SCH0436,False,True,True,False,haan,Amol Dutta,Needs repair
INSP01389,2025-05-26,S0306,Yes,haan,True,na,Y,Omaja Bal,No remarks
INSP01520,23-Apr-2025,SCH0498,Nahi hai,True,H,False,False,,Toilets locked
INSP02387,11.07.2025,sch0062,H,1,False,Y,False,Unni Chauhan,Needs repair
INSP02861,16/08/2025,sch0016,Functional,True,Nahi hai,Haan,True,Vrishti Goel,Toilets locked
INSP02077,07-17-2025,sch0077,,False,True,True,False,David Patel,Average
INSP01541,23.01.2026,SCH0123,False,na,True,True,True,Yagnesh Buch,Average
INSP01218,12-Dec-2025,SCH0433,True,True,True,True,False,Priya Sen,
INSP01417,07-19-2025,SCH0094,haan,True,Yes,True,,Reyansh Tara,Needs repair
INSP02218,2026-01-26,SCH0013,True,Hai,True,True,True,Yashodhara Gopal,Average
INSP02650,04-Nov-2025,SCH0582,1,True,Functional,,No,Nicholas Garg,Toilets locked
INSP01677,2025-10-19,sch_0599,True,1,Yes,False,True,Tanvi Kannan,Average
INSP01198,28.04.2025,SCH0322,True,haan,na,False,No,Panini Narang,Needs repair
INSP01543,2025/04/23,SCH-0365,1,,True,False,False,Vritti Bassi,Average
INSP02540,06-22-2025,SCH0230,Yes,H,True,True,True,Hemal Jain,Good condition
INSP00954,30/10/2025,sch_0158,1,True,Haan,False,,Vritti Tara,Average
INSP00751,2025-08-23,SCH0538,Not Available,Yes,Yes,na,True,Lohit Karpe,Needs repair
INSP00235,10/04/2025,sch_0222,na,Haan,,na,,Isha Devan,Toilets locked
INSP00733,2025/04/04,0235,True,Haan,Y,N,False,Anamika Srivastava,No remarks
INSP01269,2025/10/04,sch0488,haan,True,True,na,,Ojasvi Rattan,
INSP01157,11.08.2025,SCH0361,Y,True,Nahi hai,Yes,haan,Wishi Bhardwaj,Good condition
INSP02706,2026/02/28,SCH0450,False,True,haan,0,1,Yoshita Jani,Good condition
INSP02446,01.05.2025,sch_0338,Haan,False,True,1,Haan,Urmi Thakur,Toilets locked
INSP01210,02-04-2026,S0287,False,Yes,Y,True,H,,Good condition
INSP01066,16.10.2025,sch0334,Available,Yes,True,False,False,Zarna Oommen,Needs repair
INSP02157,25/01/2026,SCH0488,True,Y,Nahi hai,Y,No,Samaksh Pant,Toilets locked
INSP01063,2025-05-30,0554,True,Kharab,True,na,Y,Siddharth Divan,No remarks
INSP01168,2025-10-11,SCH-0442,False,True,1,Hai,True,Ranveer Yohannan,Average
INSP01493,04/12/2025,SCH-0330,True,Yes,True,True,Y,Chaitanya Chand,Average
INSP02604,14.04.2025,SCH-0411,True,True,Functional,Yes,Yes,Anay Karan,
INSP00885,2025-11-12,SCH0531,,True,Haan,False,False,,Good condition
INSP00144,22.05.2025,SCH0229,Hai,Y,Nahi hai,No,True,Brijesh Yadav,Toilets locked
INSP02478,15/02/2026,sch0452,False,Available,True,na,False,Arjun Andra,Average
INSP00851,17/01/2026,0412,,True,True,na,Yes,Devansh Sanghvi,
INSP00718,09.09.2025,sch0555,Y,H,Haan,True,na,,No remarks
INSP02985,04.12.2025,sch_0271,True,True,H,False,Nahi,Adya Vasa,Average
INSP02503,08/06/2025,SCH0196,False,Yes,Yes,True,Y,Lavanya Talwar,No remarks
INSP00265,13-Jun-2025,sch_0321,Functional,,,True,Under Repair,Chavvi Upadhyay,No remarks
INSP00076,2026/01/22,S0330,True,True,Yes,Yes,No,Girik Venkatesh,
INSP02493,16.11.2025,S0339,True,Kharab,True,Hai,Functional,Meghana Sehgal,No remarks
INSP00396,2025/10/19,S0593,True,Yes,False,No,True,Chandran Solanki,
INSP02678,11-19-2025,SCH0451,True,True,True,False,True,Fariq Dixit,No remarks
INSP02225,2025-10-18,sch_0263,False,Haan,True,False,False,Falguni Ramanathan,Toilets locked
INSP02942,2025-07-02,SCH0254,False,False,True,,False,Yash Bhakta,Average
INSP00397,28.08.2025,sch_0572,True,Hai,,False,False,Gaurang Soni,Toilets locked
INSP01366,14.07.2025,sch_0012,1,False,Under Repair,Nahi hai,,,Needs repair
INSP02631,2026/03/04,sch0527,False,True,H,Hai,,Ayushman Apte,Toilets locked
INSP01904,14-Feb-2026,SCH-0289,Nahi hai,True,na,haan,False,Chaman Hans,Needs repair
INSP00596,12-14-2025,0055,Hai,0,1,True,False,Sanya Bhargava,No remarks
INSP02110,10/07/2025,SCH0565,Working,Working,Yes,0,Kharab,Jagdish Kothari,Good condition
INSP01297,08-02-2025,SCH0020,Hai,Available,True,1,N,Krish Chaudry,Toilets locked
INSP01822,05.05.2025,SCH0073,N,Haan,Hai,No,Yes,Tanmayi Sridhar,Toilets locked
INSP00873,09.09.2025,sch_0507,Hai,haan,True,True,N,Vrinda Halder,No remarks
INSP02902,19.04.2025,SCH0217,1,True,H,Y,True,Chasmum Sheth,
INSP02327,2025-11-04,sch0273,True,,Working,True,True,,Good condition
INSP01549,06/09/2025,SCH-0328,True,True,True,No,Nahi,Pranav Tata,Needs repair
INSP00037,27.06.2025,S0369,False,False,True,H,Yes,Forum Tata,No remarks
INSP02658,2026-03-13,sch_0515,Functional,True,haan,True,False,Nathan Jain,Good condition
INSP02144,10-Jun-2025,sch0315,Available,Y,Y,True,0,Krishna Munshi,Needs repair
INSP02689,11-Feb-2026,SCH0028,Working,True,Nahi,True,Available,,
INSP00978,2026-03-10,SCH0041,True,True,Haan,True,True,Sai Prasad,No remarks
INSP01572,2025/05/31,SCH-0442,False,1,True,False,False,Lucky Khurana,No remarks
INSP01123,04-16-2025,SCH0003,True,True,1,False,True,Omaja Shanker,Average
INSP02240,28-Apr-2025,SCH0160,1,haan,1,H,Nahi,Prisha Raghavan,Good condition
INSP02505,2025/12/16,SCH0461,False,True,Haan,Working,True,Oliver Goda,Good condition
INSP01893,28.02.2026,SCH0560,Haan,Hai,Hai,na,,Yash Singh,Average
INSP00676,09-11-2025,SCH-0514,,True,False,H,False,Sudiksha Thaker,Average
INSP00729,02-09-2026,S0555,1,True,Y,haan,True,Yashasvi Parsa,No remarks
INSP00413,21-Apr-2025,sch_0468,Not Available,haan,Yes,True,False,,Average
INSP01517,10-11-2025,SCH0208,True,True,False,False,True,Lohit Shenoy,Needs repair
INSP01650,19/07/2025,S0566,True,True,False,Nahi,Y,Ria Dyal,Toilets locked
INSP00826,2026-02-10,SCH0062,na,H,True,Nahi hai,H,Upasna Badal,Average
INSP00617,08-29-2025,sch_0474,False,Available,1,True,N,Peter Gulati,No remarks
INSP00115,19-Jan-2026,SCH-0070,Not Available,Y,Hai,Y,1,Wriddhish Shere,Toilets locked
INSP00418,17.02.2026,SCH0265,True,haan,True,Functional,True,,
INSP01626,16.05.2025,sch_0196,True,H,,True,True,Harish Pathak,Good condition
INSP02002,17/03/2026,SCH-0175,Nahi hai,1,True,1,False,Yutika Dugar,Good condition
INSP00090,2026-02-13,SCH0175,Haan,False,True,False,Yes,Nidra Goswami,Toilets locked
INSP02083,2025/06/11,sch0441,True,Working,Nahi,Under Repair,False,Januja Rajagopal,Toilets locked
INSP00754,11-17-2025,SCH0437,0,,H,False,False,,
INSP02547,25.09.2025,sch_0331,True,Haan,True,No,False,Anjali Handa,Toilets locked
INSP01631,16/06/2025,SCH-0016,Y,Kharab,1,na,False,Abeer Vora,Good condition
INSP00012,2025-10-18,SCH0202,True,False,True,Y,No,Pavani Nair,Toilets locked
INSP02445,16/04/2025,SCH0533,True,True,haan,False,Yes,Omisha Konda,Good condition
INSP00285,20.09.2025,sch_0327,N,Hai,True,haan,H,Gauri Gill,Good condition
INSP01067,26.02.2026,SCH-0080,True,True,False,True,False,Bhavna Modi,Needs repair
INSP01192,16-Jun-2025,SCH0600,True,True,Haan,True,False,,No remarks
INSP01441,2025-06-06,sch0133,True,Y,True,,,Harsh Vohra,Needs repair
INSP02944,2025-12-26,SCH0334,True,True,Available,True,Haan,Chanakya Wagle,Needs repair
INSP02943,2026-02-15,sch_0206,True,True,True,False,Yes,Ranveer Mani,Toilets locked
INSP02850,2025-10-13,0204,haan,True,haan,True,,Jeremiah Buch,Average
INSP01569,20/10/2025,SCH0189,True,haan,False,True,False,,
INSP02428,10/01/2026,SCH0254,Nahi,Yes,1,Hai,N,Dayamai Yadav,Needs repair
INSP02710,09/10/2025,sch_0447,False,Y,H,N,Hai,Alka Mani,Toilets locked
INSP01688,2025-07-29,sch0466,Y,False,Hai,False,True,Mason Bahl,Average
INSP00852,2025-09-05,sch0435,False,True,haan,Available,False,Triveni Bhagat,Toilets locked
INSP02208,2025/04/05,SCH0390,False,True,True,False,True,Dev Char,Needs repair
INSP00896,22/06/2025,S0132,True,Yes,Y,True,0,Advaith Grewal,Needs repair
INSP00497,22.12.2025,SCH-0510,Nahi hai,True,True,Haan,False,,Needs repair
INSP02306,17-Dec-2025,SCH0100,Hai,Hai,False,False,False,Mason Lal,Average
INSP01783,20-May-2025,S0474,Available,True,False,Haan,False,Bishakha Narain,No remarks
INSP00336,24/08/2025,sch_0132,Haan,haan,True,Nahi,False,Dayita Sibal,Toilets locked
INSP00516,2025/05/10,SCH0197,True,1,Haan,True,0,Nimrat Chada,
INSP01349,30/06/2025,SCH0249,Yes,False,True,N,N,Abhiram Radhakrishnan,No remarks
INSP01016,2025/07/20,SCH0029,True,True,True,True,False,Joshua Bali,Good condition
INSP02951,2025/05/04,SCH0061,Working,haan,False,False,False,Abhimanyu Srivastava,Good condition
INSP01262,22/07/2025,sch0195,Hai,Y,False,Hai,Haan,Joshua Sastry,Toilets locked
INSP01782,10-04-2025,sch_0100,True,True,Functional,True,Working,Siddharth Sarin,
INSP02570,2026/03/22,S0028,Y,False,Yes,Nahi,True,Kalpit Bava,Needs repair
INSP01786,2025-11-27,SCH0166,1,,Yes,Functional,Working,Pahal Venkataraman,Average
INSP02071,30.10.2025,sch_0396,True,True,Yes,1,True,Vrinda Parmar,Toilets locked
INSP00357,16/05/2025,SCH0010,Haan,Working,True,False,Kharab,Yashvi Bhat,No remarks
INSP02995,2025/06/21,0598,1,True,Hai,Y,False,Zilmil Contractor,
INSP01313,24/09/2025,SCH0600,Under Repair,False,True,Haan,Nahi hai,William Pall,Toilets locked
INSP01636,02-27-2026,0187,,Y,True,True,Working,Reva Venkatesh,Toilets locked
INSP00551,2025/04/09,SCH0036,False,haan,True,1,Nahi hai,Vinaya Shukla,Good condition
INSP02389,2025-07-06,sch0273,1,na,Yes,True,H,Wishi Baral,No remarks
INSP02480,2025-12-18,SCH0055,H,Y,Haan,Kharab,Nahi,Kamya Swamy,Average
INSP02522,18/04/2025,S0393,Nahi hai,True,True,Nahi,Y,Keya Karnik,
INSP02266,21/12/2025,SCH-0089,H,1,Y,True,True,,No remarks
INSP01228,2025-11-05,SCH0142,False,na,True,False,True,,Average
INSP02818,2026-03-25,SCH0585,True,True,Haan,Yes,True,Rayaan Nori,Average
INSP00958,02-28-2026,SCH-0125,Haan,Y,0,True,No,Veer Andra,Good condition
INSP01774,26/01/2026,0004,Nahi,Kharab,Yes,Y,False,Irya Devan,No remarks
INSP02142,25/05/2025,sch0089,True,Y,True,Nahi,N,Gauri Sangha,No remarks
INSP01009,10-13-2025,sch_0106,Nahi hai,H,Y,True,True,,Needs repair
INSP01093,02-27-2026,SCH0073,H,True,H,Haan,True,,Good condition
INSP02907,07-Sep-2025,0288,True,False,,True,Nahi hai,Dominic Dua,Average
INSP00997,14/06/2025,sch_0599,True,True,Available,True,Nahi,Wriddhish Jaggi,Toilets locked
INSP01680,07-06-2025,SCH-0107,True,True,Yes,False,No,Mohini Choudhury,Good condition
INSP00154,01.06.2025,SCH0260,,No,haan,0,False,Ladli Dora,Toilets locked
INSP02925,06/04/2025,0296,0,Hai,Broken,1,False,Aarav Chad,Good condition
INSP00581,2025/10/31,0326,na,True,Haan,Available,haan,Patrick Ramakrishnan,Toilets locked
INSP01471,04-13-2025,SCH-0539,True,True,haan,True,1,Dayamai Swamy,Good condition
INSP00704,29/08/2025,SCH-0056,False,Haan,H,False,False,Akshay Choudhry,Needs repair
INSP01213,13/07/2025,0464,True,Hai,True,,Yes,Jhalak Chawla,Needs repair
INSP00897,27-Jan-2026,SCH-0202,True,True,H,True,Nahi hai,,
INSP00488,2025-07-28,S0254,Haan,True,Hai,na,True,,Toilets locked
INSP00560,2025-04-05,SCH0005,False,True,Y,True,False,Atharv Krish,Toilets locked
INSP01142,01.08.2025,S0523,True,True,Hai,True,Haan,Samesh Korpal,Good condition
INSP01120,30-Nov-2025,SCH0371,True,Available,True,False,False,Eesha Sarkar,Needs repair
INSP00513,30.05.2025,S0317,Haan,Yes,Hai,Nahi,Not Available,Faqid Mittal,
INSP00634,23.05.2025,SCH0551,True,Broken,Y,False,,Rushil Datta,Toilets locked
INSP02717,2025-05-11,SCH-0132,Haan,False,Y,Nahi hai,Working,Jagrati Sarna,Average
INSP01665,2025/12/05,SCH0010,Yes,Y,True,Yes,Working,Owen Lall,Needs repair
INSP01013,09-15-2025,sch_0091,,Yes,Yes,0,na,Chakrika Gole,Good condition
INSP01932,23-Nov-2025,SCH-0076,True,True,True,True,Yes,Amruta Sankar,Average
INSP01151,17-Jan-2026,SCH0539,H,haan,haan,Y,,Zansi Sarin,Toilets locked
INSP02948,03.09.2025,SCH0021,0,True,True,N,,Isaiah Bava,Toilets locked
INSP00117,19-Feb-2026,SCH-0532,Nahi hai,True,,Nahi hai,N,Vritti Bahri,Needs repair
INSP00741,29/06/2025,SCH-0568,True,True,True,False,True,Zinal Majumdar,Toilets locked
INSP02904,04-21-2025,sch_0451,True,haan,True,No,haan,Caleb Sha,Toilets locked
INSP01975,2025/10/01,sch_0497,Haan,True,Y,False,False,Advik De,Average
INSP01082,27/11/2025,SCH0108,haan,haan,N,True,True,George Bandi,Needs repair
INSP01811,30-Jan-2026,S0260,False,Functional,False,False,True,Elijah Kapoor,No remarks
INSP00831,23/06/2025,SCH0206,,True,True,Y,No,Zaid Gour,
INSP00120,23-Jun-2025,SCH0416,Y,True,,Kharab,1,Triveni Kara,Good condition
INSP00657,2026-02-21,SCH-0022,H,N,Y,True,Y,Parth Dewan,Average
INSP02873,01-12-2026,SCH0360,True,H,True,False,False,Anay Boase,Good condition
INSP02830,07.02.2026,SCH0494,N,False,True,False,True,Vidhi Madan,Average
INSP02333,2026/01/25,SCH0590,True,True,Broken,No,True,Yuvraj Butala,No remarks
INSP00636,20.01.2026,SCH0086,True,Under Repair,Hai,,Nahi hai,Adweta Jaggi,Good condition
INSP00370,09-18-2025,SCH0403,False,No,True,N,True,Vasatika Rana,Average
INSP00269,23/08/2025,S0481,Yes,True,Working,True,False,Zashil Rout,Toilets locked
INSP02704,04-06-2025,SCH0466,Yes,True,True,True,,Manthan Peri,
INSP00047,2025/10/07,sch0354,False,Working,True,False,na,Vritti More,Good condition
INSP00992,07-18-2025,SCH0593,True,False,True,Hai,Working,Vasana Shanker,
INSP00877,2025/04/05,SCH0114,Haan,Not Available,1,False,False,Nirja Mutti,Toilets locked
INSP00774,2025/10/05,SCH0077,haan,Broken,1,Nahi,True,Chaaya Bose,Needs repair
INSP01220,15/03/2026,SCH0068,H,True,Hai,False,Haan,Fiyaz Brar,Average
INSP01127,26.01.2026,SCH0283,False,Kharab,True,0,True,,Good condition
INSP00005,06-17-2025,sch_0123,True,True,Y,,False,Darpan Dani,Average
INSP01596,28.01.2026,SCH0199,True,True,Under Repair,Hai,False,Tanmayi Toor,Needs repair
INSP02312,31/07/2025,SCH0431,True,Hai,H,False,H,Tanvi Dass,No remarks
INSP00901,10/12/2025,0096,haan,True,No,Hai,Available,Neel Roy,
INSP02492,07/06/2025,SCH-0495,0,Yes,N,False,False,Quincy Goel,Average
INSP01078,2025-12-10,SCH0135,True,Haan,,False,Hai,,Average
INSP00838,03/11/2025,SCH0233,False,True,No,Yes,False,Eesha Boase,Average
INSP00682,06-22-2025,SCH0445,haan,True,H,False,True,Samuel Bassi,Needs repair
INSP01716,04-24-2025,SCH-0429,Available,True,Functional,Y,Working,Urishilla Chandran,Average
INSP02353,10/05/2025,sch_0329,True,haan,Hai,Haan,False,Amrita Walla,Average
INSP02618,12-14-2025,SCH-0063,N,True,False,True,haan,Vedant Sandhu,Good condition
INSP02362,2025-08-11,SCH-0366,True,True,1,True,na,Harshil Tella,Average
INSP02198,2026/01/22,sch_0586,True,haan,True,No,False,Tarak Palla,
INSP01149,16/10/2025,S0501,,haan,True,Working,Hai,Yachana Nagy,Good condition
INSP00575,03/08/2025,SCH0077,True,True,False,Not Available,True,Tanay Misra,
INSP00051,11-01-2025,sch0243,Functional,True,Haan,Hai,Nahi hai,Noah Behl,Average
INSP00854,12-Jan-2026,SCH0525,True,True,Working,True,Nahi hai,Varenya Raghavan,Average
INSP01983,2025/10/15,0101,False,,Functional,True,Working,Ganga Boase,Needs repair
INSP01824,03/05/2025,SCH0203,H,H,True,H,False,Vivaan Raghavan,Needs repair
INSP00834,2026-02-23,SCH0566,Nahi,1,Yes,False,Hai,,Needs repair
INSP01116,2025/09/27,sch0090,Yes,1,Haan,True,False,Advika Mitra,No remarks
INSP01167,10.08.2025,SCH0305,1,True,Under Repair,True,False,Neha Singhal,Good condition
INSP02519,03.04.2025,SCH-0379,True,Y,True,1,H,,Average
INSP01907,17.09.2025,SCH0131,Haan,,Y,na,na,Alka Natt,Needs repair
INSP00972,09-29-2025,SCH0581,Not Available,Hai,True,1,Y,Yashica Char,Toilets locked
INSP02702,2025-11-07,SCH0024,Available,True,True,Hai,1,Owen Korpal,Needs repair
INSP00400,2025/05/15,SCH0141,True,True,haan,False,,Saumya Sangha,Average
INSP02560,24/08/2025,SCH0570,0,True,True,True,False,,Needs repair
INSP02369,14.10.2025,SCH-0401,True,True,Working,,Hai,Zaid Mann,Toilets locked
INSP00020,2025/05/04,sch0025,True,True,False,True,True,Kashvi Sathe,
INSP00685,07.03.2026,SCH-0389,True,N,Haan,True,False,Shravya Sami,Good condition
INSP00036,24.12.2025,SCH-0125,False,Hai,1,True,Y,Dev Deshmukh,Good condition
INSP02972,22-Nov-2025,sch0321,,Y,Working,,Not Available,,
INSP00525,02/06/2025,SCH0203,True,True,Working,False,False,Chatura Sur,Needs repair
INSP02456,03-14-2026,S0051,1,True,True,True,Hai,Nicholas Sachar,No remarks
INSP00921,2025/09/23,SCH0037,Haan,True,1,False,Haan,Anthony Sangha,No remarks
INSP01842,2026-03-12,sch_0371,Functional,Hai,H,True,N,Forum Dugar,Good condition
INSP01891,11/01/2026,SCH0184,,True,Y,True,True,Om Chaudhuri,No remarks
INSP00538,2026-03-18,sch_0343,True,True,False,N,True,Rushil Rajagopal,Good condition
INSP01706,2025/10/06,SCH0593,False,0,True,Available,True,Nirja Dugar,No remarks
INSP00696,27/06/2025,SCH0441,False,Hai,True,Y,True,Krishna Kale,Average
INSP00246,2026-03-10,sch_0196,True,False,Yes,True,1,George Kadakia,
INSP00785,02-Mar-2026,SCH-0276,True,True,H,True,False,Ekalinga Chauhan,Toilets locked
INSP01410,19-Sep-2025,SCH0076,Y,True,haan,False,na,Xiti Naik,Average
INSP02538,04-Aug-2025,SCH-0308,1,True,True,True,Hai,Yasti Dhawan,Good condition
INSP00155,12/05/2025,SCH0096,True,True,True,False,,Vincent Toor,No remarks
INSP01687,18-Jun-2025,SCH0444,False,1,Nahi hai,Yes,No,Lajita Sandal,Good condition
INSP00626,09.09.2025,sch0456,True,False,Yes,True,Y,Jhalak Kibe,Toilets locked
INSP02734,2025/11/14,SCH-0320,True,True,,False,Broken,Theodore Sarkar,
INSP02547,25.09.2025,sch_0331,True,Haan,True,No,False,Anjali Handa,Toilets locked
INSP01347,2025-09-29,sch0505,True,True,True,Nahi,True,Jack Dutt,Needs repair
INSP00570,13.03.2026,SCH0043,Haan,False,True,True,,Yadavi Krishnamurthy,Average
INSP02725,23-Mar-2026,SCH0281,True,True,True,True,Working,,Needs repair
INSP01759,2025/10/05,SCH-0416,False,True,Yes,Hai,True,,Good condition
INSP01817,2025/06/23,S0368,True,True,True,Haan,False,Daksh Narasimhan,Toilets locked
INSP02066,2025-10-16,SCH0151,False,False,True,No,True,Triya Bedi,Good condition
INSP00128,2025-05-27,SCH0312,Y,False,True,False,Yes,Yashasvi Manda,Average
INSP01992,09/06/2025,SCH-0382,H,Available,True,True,0,Indali Gandhi,No remarks
INSP02007,20-Dec-2025,SCH0217,Working,True,True,,True,Darika Atwal,Toilets locked
INSP00981,26.01.2026,SCH0476,Haan,Hai,Available,H,True,,Good condition
INSP01771,2025-08-11,SCH0085,Haan,Not Available,,True,N,Azaan Ramanathan,Toilets locked
INSP00191,03-09-2026,sch_0213,Y,haan,True,,False,Maanav Pai,Toilets locked
INSP01140,07.08.2025,SCH0159,False,True,Haan,H,,Theodore Krishnan,Needs repair
INSP00993,29/10/2025,sch0165,Kharab,False,haan,False,False,Ria Sandhu,No remarks
INSP00700,08/01/2026,SCH0596,True,Hai,Yes,True,True,Hiral Issac,Good condition
INSP00607,06/07/2025,S0321,haan,True,haan,na,Nahi hai,Chandran Balay,Good condition
INSP00181,05-02-2025,SCH0560,True,H,Functional,True,False,Chameli Kadakia,
INSP00302,24/12/2025,SCH0187,False,Functional,Functional,False,True,Girik Kumer,Toilets locked
INSP02545,09/11/2025,SCH0290,False,True,Hai,True,Kharab,,
INSP02918,07.01.2026,SCH0132,True,True,Hai,,Y,Omkaar Mody,Toilets locked
INSP01061,21-Jan-2026,SCH-0078,Available,1,Functional,H,Nahi hai,Vyanjana Gera,Average
INSP02962,13-Jul-2025,sch_0082,True,True,No,True,False,,
INSP00290,12-28-2025,S0416,,True,,1,True,Warjas Vala,
INSP02566,27/10/2025,SCH-0535,True,True,Nahi hai,True,1,Sai Ratti,Toilets locked
INSP01070,2025-05-19,sch_0265,False,True,False,Available,Yes,Hemal Padmanabhan,
INSP02525,10/02/2026,SCH0124,True,True,True,0,Nahi hai,,Needs repair
INSP02206,08-Jul-2025,SCH0541,Kharab,False,True,False,Y,Amruta Sankaran,Toilets locked
INSP01244,16.03.2026,S0382,No,1,Functional,True,,Janani Arora,Good condition
INSP00017,13/07/2025,0453,True,True,Hai,,1,Aadhya Bajwa,
INSP00928,07/03/2026,SCH0085,Kharab,H,True,Not Available,True,Yashoda Halder,No remarks
INSP00547,2025-12-06,0279,,True,Yes,True,H,Gagan Shankar,Good condition
INSP00659,04/01/2026,SCH0286,False,Yes,Y,N,Yes,,Good condition
INSP02844,26.02.2026,SCH0022,na,Y,Hai,na,Nahi hai,Jairaj Bora,Average
INSP02876,2025/09/04,sch_0195,True,,,Hai,False,Qushi Bal,
INSP01505,09-May-2025,SCH0430,Available,True,H,True,True,Zayan Bhavsar,
INSP00960,2025-07-14,S0185,True,True,Working,False,,Teerth Gole,Needs repair
INSP02332,2025/12/24,SCH-0287,Haan,Y,True,N,Haan,,No remarks
INSP00798,01-14-2026,sch0593,True,True,1,False,True,Harinakshi Modi,Toilets locked
INSP00226,2025-08-08,sch_0064,True,False,0,Y,False,,Toilets locked
INSP02075,04-16-2025,sch_0567,False,H,H,False,0,,Good condition
INSP01800,13-Aug-2025,SCH-0404,True,Haan,Available,1,Y,Lavanya Varty,No remarks
INSP02486,20-Aug-2025,SCH0425,True,False,True,Nahi hai,0,Ayaan Sabharwal,Average
INSP01642,26.11.2025,SCH0239,True,True,True,,True,Vasudha Jayaraman,Average
INSP02278,22.12.2025,SCH0502,,H,Haan,True,Nahi hai,,Needs repair
INSP02086,11.10.2025,sch_0161,True,Y,True,Haan,0,Fariq Sekhon,Average
INSP01694,03/02/2026,SCH0220,False,False,True,Broken,False,Ekansh Naik,Good condition
INSP02798,2025-09-12,S0037,Hai,1,Functional,Y,False,Samaksh Munshi,
INSP01046,03-04-2026,S0052,True,True,Nahi hai,Available,False,Kalpit Gandhi,Average
INSP00470,05/08/2025,sch_0462,True,True,No,1,na,Alka Sule,Good condition
INSP00955,2025-12-12,SCH0116,False,Working,True,False,haan,Ati Behl,No remarks
INSP02175,01-Nov-2025,S0020,H,True,haan,False,Y,Triya Sibal,No remarks
INSP02736,09/11/2025,sch0228,True,Yes,True,No,No,Avni Grewal,
INSP00640,17.10.2025,S0424,True,1,True,True,na,Qabil Balasubramanian,Good condition
INSP02921,10-26-2025,sch_0287,Hai,0,,0,,Gopal Sibal,Average
INSP01219,01/11/2025,SCH0302,Available,Yes,True,True,N,Sachi Raju,Toilets locked
INSP01159,16.02.2026,sch_0338,True,,True,False,Yes,Naveen Sabharwal,Average
INSP01416,2025/05/01,SCH0252,1,True,H,True,0,,No remarks
INSP02853,13/06/2025,0544,True,True,H,True,Hai,Zehaan More,Toilets locked
INSP01528,22-Nov-2025,SCH-0047,False,True,True,Hai,Y,Megha Saini,
INSP01196,2025-07-27,sch0553,Not Available,True,No,0,True,Gaurika Narasimhan,Average
INSP01301,09-24-2025,SCH0118,Y,True,True,True,True,,Needs repair
INSP02580,2025/07/01,sch0546,True,,True,Y,1,Ayushman Sahota,No remarks
INSP01604,2025-08-12,sch0477,Haan,True,No,Y,Nahi hai,Ikbal Guha,Toilets locked
INSP00161,2026-03-14,SCH0060,False,False,True,True,1,Advaith Kapur,Toilets locked
INSP01705,06.04.2025,SCH-0380,Yes,Functional,No,False,True,,
INSP00957,27.08.2025,sch0319,False,True,True,Y,Available,Isha Patel,Needs repair
INSP01002,27.10.2025,SCH0208,True,Y,True,True,Under Repair,Harsh Jani,Toilets locked
INSP00878,20/07/2025,SCH0534,True,Available,na,Functional,N,Bhavani Sodhi,
INSP01920,04.04.2025,SCH0293,True,1,Yes,1,False,Veda Singh,Average
INSP01885,12/03/2026,sch_0199,False,True,True,,Kharab,Om Dewan,Toilets locked
INSP02201,08-24-2025,sch0059,True,True,Y,False,0,Frederick Kohli,
INSP00099,03-06-2026,sch_0123,Working,True,True,True,N,Chandran Savant,Average
INSP02970,10-23-2025,sch0522,True,Yes,Yes,Nahi,False,Amruta Hari,Good condition
INSP02558,21-Oct-2025,SCH-0111,Not Available,True,0,haan,False,,Toilets locked
INSP00254,02/09/2025,sch0406,Haan,Yes,True,Yes,False,Jonathan Pillai,No remarks
INSP00104,2025-07-17,sch_0205,True,True,Yes,,Available,Advaith Bhavsar,
INSP01446,25/03/2026,sch0539,True,True,True,True,,Harsh Mall,Good condition
INSP01444,2025-04-22,SCH0521,True,True,True,False,Nahi hai,Nakul Saxena,No remarks
INSP01649,14/11/2025,SCH0082,True,Available,Available,False,na,Anya Sankaran,Toilets locked
INSP00587,05-May-2025,SCH0268,Haan,Y,Haan,True,No,Jagat Patla,Good condition
INSP00628,2025-06-30,sch_0081,True,1,Haan,Haan,na,,Average
INSP01697,2025-07-27,sch_0449,True,Haan,0,Working,Y,Ansh Rout,No remarks
INSP02102,03-03-2026,sch_0422,True,H,True,No,False,Amruta Patel,Needs repair
INSP02200,2025-10-28,SCH0476,True,,True,True,Working,Nidra Radhakrishnan,Average
INSP00404,2025/07/22,S0015,True,True,Haan,na,haan,Rayaan Gill,Good condition
INSP01155,10-03-2025,SCH0458,H,Available,Nahi hai,False,0,Aashi Bajaj,No remarks
INSP02256,23/05/2025,sch_0597,True,,True,False,True,,
INSP02864,11-10-2025,SCH-0473,True,Available,True,False,No,Zehaan Krishnan,Toilets locked
INSP01683,2026/02/20,SCH0152,Not Available,True,False,True,True,Daniel Balay,Average
INSP02057,29.11.2025,sch_0369,Haan,True,True,Haan,False,Baljiwan Saxena,Good condition
INSP02987,24/06/2025,SCH-0131,,1,Y,0,Functional,Kevin Gade,Needs repair
INSP00453,2025-10-07,sch_0026,,True,Functional,Hai,Nahi,Bishakha Nagar,No remarks
INSP02302,2026-02-15,sch_0536,haan,False,True,True,True,Amara Mahal,No remarks
INSP01328,2025-04-18,SCH0081,Haan,,haan,Nahi hai,False,Dayita Menon,Toilets locked
INSP02050,07-Jan-2026,SCH0280,Functional,True,H,Hai,na,Aashi Prashad,Toilets locked
INSP00881,05-17-2025,SCH-0184,True,1,Nahi,Available,0,Nandini Tella,Average
INSP00843,2026/02/10,SCH0229,No,,True,Yes,False,Vaishnavi Salvi,No remarks
INSP00624,01/09/2025,SCH0256,False,False,,False,True,Darsh Datta,Average
INSP02394,2025-08-27,SCH0377,True,Haan,False,na,na,Laban Luthra,No remarks
INSP02914,07-09-2025,SCH0543,1,Y,Hai,True,Y,Unni Varma,Needs repair
INSP01788,2025-11-12,S0495,na,True,True,True,True,Kai Sankar,No remarks
INSP00263,2025-10-18,S0444,Not Available,Y,1,Nahi,False,Keya Randhawa,Needs repair
INSP01635,15.12.2025,SCH-0393,True,False,,True,N,Vasudha Venkatesh,Average
INSP01439,29/11/2025,SCH0577,Y,Yes,Hai,Haan,Haan,Ekiya Nayak,
INSP02199,2025-08-13,SCH0383,True,True,True,True,Working,Orinder Dutta,Average
INSP01970,08-08-2025,SCH0164,,True,Functional,False,False,Pavani Gola,Average
INSP02521,12/09/2025,SCH0443,Available,True,haan,Nahi hai,Y,,Good condition
INSP01803,22.02.2026,SCH0314,Functional,True,True,True,True,Triveni Goel,Needs repair
INSP00641,07/04/2025,SCH-0079,True,haan,Yes,,H,Devika Kumar,No remarks
INSP02386,2025-12-31,S0357,True,False,1,True,False,,
INSP02599,20-Feb-2026,SCH0191,,True,,Hai,Nahi hai,,
INSP02973,03/03/2026,SCH-0028,True,True,True,True,Nahi,Faqid Parmer,Needs repair
INSP01960,28/02/2026,SCH0240,True,0,True,False,True,,Good condition
INSP00489,19/02/2026,SCH0195,Yes,Available,True,H,Nahi,Kavya Gade,Good condition
INSP01844,12-21-2025,SCH0048,True,,True,,True,Harinakshi Gole,Average
INSP01735,19.06.2025,SCH0107,Y,True,True,True,Hai,Eshana Bhatia,Needs repair
INSP00147,2025/07/09,SCH0201,Available,True,Hai,True,True,Tejas Hora,Average
INSP01535,09.06.2025,SCH0247,True,True,Functional,Nahi,,Yutika Dugal,Toilets locked
INSP01987,05/12/2025,SCH-0274,True,Available,Available,False,False,Jai Sarkar,Needs repair
INSP01370,31-Jan-2026,sch_0165,False,False,Yes,Y,Yes,Manan Ravel,No remarks
INSP02451,07-11-2025,SCH0371,Y,Nahi hai,N,Nahi,na,Maanas Patla,
INSP01831,12-10-2025,S0181,,Yes,True,True,False,Vrinda Comar,Good condition
INSP02812,14-Nov-2025,SCH0371,False,,Y,False,1,,
INSP00660,01-Sep-2025,SCH0055,H,Nahi,False,True,na,Ranbir Mitra,No remarks
INSP01795,2025-04-23,S0197,True,True,Nahi,Y,Haan,Jacob Gaba,Good condition
INSP02512,2025-04-03,SCH0096,False,True,Nahi hai,1,True,,Average
INSP00187,22.10.2025,sch0527,H,True,True,True,True,Ganga Murty,No remarks
INSP01148,2025/09/06,SCH-0363,True,Y,True,True,1,Darika Sarna,Good condition
INSP00609,12-05-2025,SCH0593,False,True,True,Working,haan,Falak Kamdar,
INSP02192,2026-02-27,sch_0231,True,1,True,False,False,,No remarks
INSP02800,20/05/2025,SCH0019,True,True,Functional,Nahi hai,Yes,Rajata Salvi,Good condition
INSP01931,23.07.2025,sch0045,,True,True,True,False,Veer Naik,
INSP00198,27/12/2025,SCH0403,Y,False,True,Y,True,Gaurika Kaur,Needs repair
INSP02328,2026/03/27,sch_0161,Working,True,Yes,True,H,Charvi Parmer,Needs repair
INSP00294,18/03/2026,sch_0064,True,Nahi hai,True,,0,Michael Badami,
INSP00767,2025-08-23,SCH0248,True,True,True,True,Nahi hai,Devansh Ganesh,Average
INSP00401,14/07/2025,SCH0040,Yes,Working,False,Working,True,Gunbir Sekhon,Average
INSP00123,09/11/2025,SCH0312,Yes,True,True,,False,Pahal Parmar,
INSP00203,18.07.2025,SCH0274,False,1,haan,False,Kharab,Aadhya Sarna,Good condition
INSP00836,13.02.2026,SCH-0504,Functional,Yes,Y,1,False,Brinda Joshi,Good condition
INSP02295,2025/09/05,SCH-0446,Nahi hai,True,True,,False,Yochana Mahal,
INSP01440,11.12.2025,0352,0,True,H,Yes,True,Damini Comar,Good condition
INSP01734,27-Jun-2025,sch0372,Available,na,True,True,True,Christopher Sharaf,
INSP01696,11-Oct-2025,sch0578,Yes,,Not Available,Working,,Pavani Vyas,Toilets locked
INSP02749,2025-10-18,SCH0209,True,,True,Available,True,Devansh Oak,Toilets locked
INSP01708,04-16-2025,SCH0037,True,na,False,Nahi,Working,Amol Keer,Average
INSP00773,2025-09-09,SCH0413,True,True,True,False,1,Vidhi Karpe,Toilets locked
INSP01154,09-12-2025,0503,False,1,True,haan,False,Vincent Modi,Toilets locked
INSP01662,13/09/2025,SCH0219,Kharab,False,True,haan,Yes,Upma Mammen,Good condition
INSP02433,2025-08-15,sch0237,False,True,Hai,True,Hai,Harini Dhar,No remarks
INSP01760,02.09.2025,SCH0413,True,True,True,1,Not Available,Chaaya Garg,Average
INSP00855,01-26-2026,SCH0431,H,1,True,Yes,Functional,Sanya Ganesan,Average
INSP01590,2025-12-23,sch0340,H,H,True,Y,True,Hardik Mistry,Good condition
INSP02268,09.11.2025,0542,True,True,Haan,False,N,Nitesh Bhavsar,No remarks
INSP00642,07-11-2025,SCH0387,True,True,True,True,True,Kamya Sahota,Average
INSP00002,02-26-2026,sch0529,Hai,Haan,False,na,True,Charita Rout,Toilets locked
INSP02161,21-Apr-2025,sch_0299,True,No,False,Haan,False,Isha Rattan,Good condition
INSP00699,2025-07-09,sch_0148,H,1,True,True,True,Mitali Kakar,Average
INSP01637,2025-07-04,S0445,True,True,False,,False,Chandani Bedi,
INSP01292,2026-03-14,SCH-0203,,na,True,haan,False,Xavier Banerjee,Toilets locked
INSP02999,2025-12-07,SCH0514,False,H,na,Functional,False,Harita Deep,Needs repair
INSP02490,10-06-2025,S0527,True,True,0,True,False,Yatin Nayak,
INSP01521,02-Jul-2025,SCH0515,na,True,0,Broken,False,Dalaja Comar,Needs repair
INSP01854,31/01/2026,sch_0201,Working,True,False,Y,True,Yasti Savant,Toilets locked
INSP01137,2025/11/05,SCH0358,True,Y,True,True,True,,Toilets locked
INSP00394,2025-10-05,sch0114,1,True,True,True,True,Dhruv Jain,Needs repair
INSP01632,07-31-2025,SCH0269,False,True,True,Nahi,No,Baghyawati Dash,
INSP01999,2025-10-11,SCH-0558,True,True,False,True,Kharab,Oscar Bir,Needs repair
INSP00664,09.10.2025,SCH0235,True,False,True,haan,Nahi hai,,
INSP00684,24-Aug-2025,sch0586,True,True,H,True,True,Edhitha Palla,Average
INSP01258,05-May-2025,SCH0388,Available,True,Yes,False,Yes,Chandani Comar,
INSP00318,21.08.2025,SCH0387,H,True,Functional,Yes,False,Triveni Walla,Needs repair
INSP00649,12/10/2025,SCH-0223,Yes,True,1,haan,,Kamala Parikh,Needs repair
INSP01435,05/05/2025,S0545,Functional,True,haan,True,Not Available,Harish Shroff,Average
INSP01480,2025/10/16,SCH0004,False,True,True,Yes,haan,Meghana Sahota,
INSP00710,2025/12/13,S0336,Available,True,Y,Haan,True,Chanakya Nayak,Good condition
INSP01283,2025-07-12,SCH-0021,Nahi hai,H,False,True,False,,Good condition
INSP01769,2025/07/13,S0186,True,True,True,na,Broken,Yauvani Gulati,Needs repair
INSP00973,22.03.2026,SCH0534,False,Y,1,H,1,Dipta Lad,Toilets locked
INSP02676,05/11/2025,SCH0385,Hai,False,False,,,Thomas Munshi,Good condition
INSP02681,19-Oct-2025,SCH0557,True,True,True,Working,,Qasim Dugar,Good condition
INSP01307,2025/10/12,SCH0534,False,True,False,haan,,Gauri Chaudhari,Toilets locked
INSP01401,18.06.2025,SCH0519,Yes,0,True,False,Y,Liam Sandhu,Average
INSP01409,07-Aug-2025,sch_0110,Hai,True,Working,True,True,Pahal Pillay,Average
INSP02238,07/12/2025,sch_0140,Yes,True,1,H,Nahi,Kamya Tripathi,Toilets locked
INSP01497,31.07.2025,SCH-0535,False,,True,False,True,Chaaya Lalla,Average
INSP02039,27.12.2025,SCH0024,True,Yes,No,True,Hai,Luke Mann,Good condition
INSP01530,05-Jun-2025,SCH0182,N,True,Nahi,True,True,Janya Swaminathan,No remarks
INSP01664,30.11.2025,sch0076,False,Haan,True,Nahi,True,,Good condition
INSP01355,28/02/2026,SCH0254,,True,False,True,,Abhimanyu Gera,Good condition
INSP01583,2025-12-01,sch0590,Working,False,True,N,False,Guneet Pai,Average
INSP00322,25-Aug-2025,SCH-0408,True,Nahi,Y,False,True,Harrison Sharaf,Toilets locked
INSP01644,08/01/2026,sch_0229,Yes,True,True,Yes,False,Ekapad Butala,Average
INSP01052,02.08.2025,sch_0263,True,True,Working,False,,Avi Borra,Good condition
INSP00796,25/03/2026,SCH0552,True,True,True,,True,Harita Prabhu,Good condition
INSP02694,2026-02-19,sch0590,Working,No,True,True,Nahi hai,,Needs repair
INSP01598,2025-05-01,S0028,H,Functional,,True,True,Tanveer Doctor,Good condition
INSP02605,08-31-2025,SCH0052,N,1,Nahi hai,Functional,Kharab,Zashil Khurana,Toilets locked
INSP02730,17-Mar-2026,SCH-0524,False,Available,N,True,Kharab,Ishanvi Gokhale,No remarks
INSP02626,18/06/2025,sch0050,Yes,haan,Nahi hai,na,False,,
INSP01820,01-Jul-2025,S0195,haan,False,Kharab,False,False,Ekiya Golla,Good condition
INSP01723,02.02.2026,SCH0304,No,True,Nahi,Nahi,False,Advika Babu,
INSP01184,04-08-2025,0073,H,True,Working,True,Haan,Aarnav Karan,No remarks
INSP02573,15-Oct-2025,S0264,True,True,True,True,False,Netra Mahal,Average
INSP01060,2026/02/15,SCH0598,True,Hai,False,True,True,Urvashi Mitter,Average
INSP00541,25/07/2025,SCH-0485,True,True,H,True,Working,Vasana Hegde,
INSP01679,2025/08/10,SCH0325,Functional,na,True,True,False,Mitali Deshmukh,Toilets locked
INSP02797,13.06.2025,SCH0594,True,True,Hai,,,Vinaya Oommen,No remarks
INSP00747,27-Nov-2025,sch0027,True,True,True,True,1,Darsh Raja,No remarks
INSP02533,12-28-2025,SCH0182,Hai,Hai,True,True,Haan,Ekanta Bhandari,No remarks
INSP01758,27-Jul-2025,sch_0427,True,Haan,Y,Yes,True,Anjali Sani,
INSP01924,12-Oct-2025,SCH0438,Functional,True,Y,True,False,Rayaan Lala,No remarks
INSP00096,06-13-2025,S0244,True,True,True,False,False,Vrinda Karnik,
INSP01021,01-Jun-2025,0103,1,haan,H,False,Yes,Yoshita Borah,
INSP00564,2026-03-12,SCH0182,N,True,False,,False,Jonathan Kanda,Toilets locked
INSP02791,02-Jul-2025,sch0056,True,,,na,Hai,Max Agate,Average
INSP00864,2025/05/26,SCH-0212,Y,Working,False,Haan,Broken,Zashil Srivastava,
INSP01485,09/07/2025,SCH0107,Hai,1,Nahi,True,False,,No remarks
INSP02940,2025-08-02,S0356,False,False,True,True,Y,Falguni Ganesan,No remarks
INSP01882,23-Mar-2026,S0223,,Y,0,Yes,False,Chatresh Muni,Toilets locked
INSP01039,2026-01-26,SCH-0254,Working,False,True,True,No,,Toilets locked
INSP00207,2025/06/10,SCH0297,True,Haan,True,True,haan,Qadim Taneja,No remarks
INSP00393,30/12/2025,SCH0098,True,,True,True,,Abdul Mitter,Needs repair
INSP02843,2025-04-21,SCH0269,False,Functional,Available,True,True,Chaaya Pall,
INSP00871,26/10/2025,sch0510,True,No,,False,na,Upadhriti Dhar,Average
INSP00398,14/11/2025,SCH0292,Y,False,True,na,True,Ekansh Magar,
INSP02815,15/05/2025,sch_0173,False,False,True,False,True,Azaan Pingle,Toilets locked
INSP02896,09/06/2025,SCH-0075,Not Available,No,False,,Available,Praneel Deo,
INSP01029,05/10/2025,SCH0282,Yes,No,False,True,True,Mitali Sane,Needs repair
INSP02691,16.01.2026,SCH0084,Haan,True,1,True,True,Krishna Mukhopadhyay,
INSP01486,2026-01-19,SCH-0210,Yes,Nahi,H,,Hai,Caleb Sha,Needs repair
INSP02661,06-Sep-2025,SCH0555,True,True,Functional,N,Hai,Netra Tiwari,Needs repair
INSP00961,2025/04/23,0355,Hai,Yes,Functional,Nahi,Under Repair,Aadi Kuruvilla,Toilets locked
INSP01571,2026-02-15,SCH0236,Y,Yes,Haan,False,Nahi,Damini Iyengar,Needs repair
INSP02774,03-02-2026,S0534,True,False,False,Hai,True,,Good condition
INSP01896,07-22-2025,sch_0507,True,True,Working,False,True,Naveen Narain,Needs repair
INSP02732,2026-03-17,SCH0156,Not Available,False,True,True,True,Dayamai Goyal,Good condition
INSP02147,05.11.2025,0367,Y,True,Haan,Haan,False,Ayushman Dixit,No remarks
INSP00805,11-25-2025,SCH0174,na,1,True,Haan,Haan,,Needs repair
INSP01752,31.01.2026,0229,,True,,True,0,Abha Thakur,
INSP02455,10-27-2025,SCH0439,Yes,True,True,Y,False,,Needs repair
INSP00503,2026/03/21,SCH0389,Nahi hai,Hai,True,Nahi,No,Krishna Dave,Toilets locked
INSP02978,29-Jan-2026,SCH0039,,haan,True,Nahi,Under Repair,Kamya Goswami,Needs repair
INSP00780,06-Jun-2025,SCH-0295,Haan,0,True,,True,Balveer Sani,Toilets locked
INSP01864,2025-05-16,sch_0221,Nahi hai,1,True,False,Kharab,Aditya Ganguly,
INSP00201,17/05/2025,SCH0024,True,True,haan,False,Nahi hai,,Good condition
INSP02183,20-May-2025,SCH-0267,True,haan,,Working,True,Niharika De,Average
INSP02089,2026/02/19,SCH0557,,True,False,Kharab,False,Eesha Minhas,
INSP02279,2025-07-18,sch_0443,Y,True,True,haan,,Jonathan Bava,No remarks
INSP01797,19.08.2025,SCH0267,True,True,Y,,True,Anthony Mani,Good condition
INSP00379,09-17-2025,sch0024,True,False,True,,False,Aarini Nagy,Good condition
INSP02337,2025-08-01,SCH0355,1,,Yes,False,True,Chatresh Datta,
INSP00419,07-07-2025,SCH0522,Yes,True,Nahi hai,True,True,Tanveer Vala,Good condition
INSP01699,07-28-2025,sch0012,False,True,False,Hai,Nahi hai,,
INSP00392,2025/09/25,sch0403,Functional,H,H,,1,Orinder Nanda,Needs repair
INSP02641,07/03/2026,0233,0,Y,Nahi,False,Haan,Baghyawati Johal,Toilets locked
INSP01523,10.06.2025,SCH0463,False,haan,Kharab,True,False,Frado Chandran,Needs repair
INSP01163,2025/10/12,SCH0377,True,Available,True,False,False,Xiti Chandra,Needs repair
INSP01496,2025/04/20,sch_0300,True,Y,Yes,Under Repair,False,Umang Raman,
INSP02696,2025/11/14,SCH-0159,True,Hai,True,0,False,Saumya Buch,Average
INSP02028,03-Sep-2025,0104,True,Y,True,Haan,Yes,Falak Patil,
INSP01153,2025-10-21,sch_0049,1,Y,True,Hai,True,Bimala Hayer,Average
INSP01368,05.12.2025,sch_0132,Functional,Not Available,H,False,False,Radha Tara,Good condition
INSP02569,25/03/2026,0148,N,False,Y,False,Available,Warinder Chatterjee,
INSP00065,26/11/2025,sch0368,Available,Working,Hai,True,Under Repair,Aarna Kala,
INSP02063,2026-02-06,SCH0136,False,Available,H,H,H,Brijesh Sule,Needs repair
INSP01181,2025-09-26,SCH0285,0,H,False,False,N,Waida Shan,Toilets locked
INSP00493,05.03.2026,sch_0472,True,Hai,Nahi,Functional,,Daksh Thaker,Needs repair
INSP00380,22/01/2026,SCH-0578,True,Yes,H,Yes,True,,Toilets locked
INSP02236,01-21-2026,SCH0526,Yes,True,True,Nahi,Nahi,Damyanti Pant,
INSP00764,04/09/2025,SCH0222,N,Y,1,1,True,Girik Sethi,
INSP02265,2026-02-06,SCH0420,Haan,Haan,True,1,True,Mekhala Pingle,
INSP00792,2025-12-22,SCH0419,H,1,True,True,True,Girish Barad,Average
INSP01077,13/02/2026,sch_0302,True,1,True,True,True,Jatin Sarma,Toilets locked
INSP00879,11.11.2025,SCH0588,True,True,Available,False,na,Yashodhara Chaudhuri,Good condition
INSP00338,13.03.2026,SCH0512,Y,Under Repair,Functional,haan,True,Hredhaan Bumb,Good condition
INSP02768,12/01/2026,sch0095,Yes,haan,True,True,Nahi hai,Alka Srinivasan,No remarks
INSP02344,2026-01-03,S0343,Hai,Hai,True,Y,0,Nathaniel Kata,Toilets locked
INSP01017,04/06/2025,SCH0331,False,False,haan,1,False,Kala Wason,Good condition
INSP01276,14/06/2025,sch_0343,True,H,No,N,False,,Good condition
INSP00456,04-10-2025,sch_0302,Yes,True,Available,Available,True,Aahana Contractor,Good condition
INSP00816,25/06/2025,sch0492,True,True,Yes,False,False,Amol Brahmbhatt,Average
INSP02318,03-08-2026,sch_0523,haan,Y,,Y,False,Brijesh Pai,Average
INSP00996,2025/06/23,SCH0389,False,True,False,Broken,Yes,Sathvik Pillai,Needs repair
INSP01982,24-Aug-2025,S0100,Yes,Available,True,N,Working,Avi Ratta,No remarks
INSP00202,27.05.2025,sch_0045,False,True,True,Nahi,True,Upadhriti Bandi,Average
INSP00162,2025/07/11,SCH0395,Working,Yes,Broken,Y,False,Anmol Nagy,
INSP01580,2025/11/04,0043,True,Working,No,Kharab,False,,Needs repair
INSP02778,2025-12-05,SCH0574,True,Haan,Hai,True,False,Adweta Deep,Toilets locked
INSP02450,16/10/2025,SCH-0375,Yes,True,H,Y,0,,
INSP00703,31-Aug-2025,sch0463,haan,True,Working,Working,Broken,Indali Mann,Good condition
INSP01501,02-May-2025,SCH0596,True,Y,True,Under Repair,haan,Ekaja Chhabra,No remarks
INSP01130,2025-12-28,SCH-0411,False,Hai,1,Nahi hai,False,Omkaar Bora,Toilets locked
INSP02614,07.08.2025,SCH-0263,Hai,Haan,,True,Haan,Charles Barad,
INSP01022,04.01.2026,SCH-0261,Working,na,H,True,0,Yashawini Mani,Needs repair
INSP01922,06-02-2025,sch_0228,True,1,True,True,Working,,Needs repair
INSP01586,05.04.2025,S0182,Under Repair,Functional,True,True,na,Rudra Puri,Toilets locked
INSP01956,15/07/2025,sch_0409,No,Y,True,True,False,Warhi Prasad,Good condition
INSP02254,2025-12-31,SCH-0528,True,True,No,True,N,Triya Oommen,Average
INSP00035,28.08.2025,SCH0336,Working,True,Working,True,Broken,Warhi Gulati,Toilets locked
INSP00776,04/07/2025,SCH0091,na,False,True,True,True,Jatin Ahluwalia,No remarks
INSP02557,2026-02-06,SCH0078,False,haan,Nahi,No,Y,Laksh Khatri,Needs repair
INSP01479,01.12.2025,S0245,False,haan,Functional,True,True,Ekalinga Banerjee,Good condition
INSP00252,04/10/2025,SCH0111,Y,True,haan,1,False,Mohini Soni,
INSP01391,03/06/2025,sch0083,False,True,na,False,1,Riya Pandey,Average
INSP02140,15/05/2025,sch_0450,True,Y,False,H,True,David Bhardwaj,Good condition
INSP01364,02.08.2025,S0391,True,True,Functional,True,1,Kalpit Dixit,Needs repair
INSP02946,2026-02-16,S0479,True,Hai,False,Broken,True,Ethan Balay,No remarks
INSP02613,2025/04/22,S0288,,Nahi hai,True,False,False,,No remarks
INSP02825,05-18-2025,sch_0563,True,Haan,Yes,False,Broken,Vidhi Borah,
INSP02042,23/08/2025,SCH-0255,False,Nahi,True,True,Hai,Omya Kurian,Toilets locked
INSP00242,23/05/2025,SCH-0160,True,True,,True,Y,Samaksh Kaul,Needs repair
INSP02062,2026-01-08,sch_0366,Yes,Haan,,True,True,Panini Mukhopadhyay,
INSP02364,2025-07-31,S0288,True,Functional,,,haan,Saumya Dyal,No remarks
INSP00601,27/09/2025,S0260,True,True,False,Kharab,Nahi,Dominic Sehgal,Needs repair
INSP02436,11/11/2025,SCH0229,True,False,False,Available,Nahi,Indira Ganesan,
INSP01298,07/11/2025,sch_0410,False,False,Haan,,True,Mitesh Gokhale,Toilets locked
INSP02215,01-03-2026,SCH0108,Kharab,Haan,Available,Under Repair,Y,Vrinda Srinivasan,Toilets locked
INSP02889,2025/11/06,SCH0258,False,Haan,H,1,,Viraj Dua,Average
INSP02069,2026-03-27,sch_0164,,Y,H,False,Haan,,No remarks
INSP00647,2025/10/06,S0385,True,True,Not Available,False,0,Akshay Saha,Average
INSP01529,20/11/2025,S0412,Nahi hai,True,Working,haan,False,Nikita Pandya,
INSP02880,23/07/2025,sch_0151,Hai,True,True,False,Nahi hai,Anmol Saxena,Toilets locked
INSP01268,31/05/2025,SCH-0550,haan,Y,False,Working,Functional,Oni Jaggi,Average
INSP01900,10-Aug-2025,SCH-0293,,False,True,Yes,False,Priya Sankar,Good condition
INSP00563,2025/08/30,SCH0221,False,False,1,Nahi hai,Nahi hai,Lohit Uppal,Good condition
INSP02910,09/06/2025,sch_0070,Haan,Hai,No,True,True,Krisha Tailor,Toilets locked
INSP02735,2026-02-09,sch0373,Functional,False,haan,True,False,Hardik Ray,
INSP01118,07.08.2025,SCH-0382,Working,Yes,False,Nahi,Haan,Aishani Keer,Needs repair
INSP00190,17/12/2025,SCH-0053,Haan,False,True,False,False,Rayaan Hayer,Average
INSP01807,2026-03-10,sch_0300,True,haan,Yes,True,False,Jhalak Gopal,Needs repair
INSP00976,2025/04/02,SCH-0068,Yes,Working,Haan,Available,No,Umang Dora,Needs repair
INSP02748,09.04.2025,sch0562,True,True,True,False,Y,Bhavika Balakrishnan,Needs repair
INSP02048,03-03-2026,SCH-0142,Y,Y,,Available,True,Dhruv Shanker,No remarks
INSP02559,23-Feb-2026,sch_0007,No,haan,True,1,True,Patrick Tak,No remarks
INSP01083,12-16-2025,SCH0139,Yes,Hai,False,,False,Inaya Reddy,Toilets locked
INSP00475,01-May-2025,SCH0196,0,True,True,N,Nahi,Yoshita Parmer,Average
INSP02905,10.11.2025,SCH-0086,True,Available,Yes,True,Nahi,Avi Keer,No remarks
INSP00748,16/04/2025,SCH-0141,Y,True,True,0,Yes,,Needs repair
INSP02301,20-Aug-2025,SCH0509,False,Working,True,True,haan,,Good condition
INSP00022,20-Feb-2026,SCH-0268,True,Y,H,True,False,Aarini Baral,Good condition
INSP00460,06-15-2025,sch0398,1,True,True,Nahi hai,False,Charita Agate,
INSP01185,02-26-2026,SCH0279,,True,Yes,,Under Repair,Ekta Kamdar,Average
INSP02325,09-01-2025,sch_0008,Y,haan,Under Repair,True,Kharab,Qushi Loyal,Average
INSP00956,2025/06/03,0367,False,True,H,0,0,Gauri Bali,Toilets locked
INSP01216,08-13-2025,SCH0040,N,True,Yes,Yes,haan,Kalpit Varkey,Needs repair
INSP02434,05-10-2025,sch0105,False,Available,Haan,Broken,False,Pahal Shukla,Toilets locked
INSP02854,2025/09/09,SCH0217,Hai,True,True,False,True,Tejas Aurora,Needs repair
INSP01516,27.05.2025,SCH0504,False,haan,H,Yes,Working,Dhruv Chander,Toilets locked
INSP02392,2026-01-07,SCH0224,True,True,Yes,False,True,Gayathri Panchal,Average
INSP00770,2025-05-12,SCH0349,,,1,No,Nahi,Unnati Ram,Toilets locked
INSP01686,2025-08-24,sch_0452,True,1,H,True,False,,Average
INSP00131,12-08-2025,SCH-0169,haan,Y,Hai,Y,na,Kala Dubey,Average
INSP02920,2026-01-31,SCH0315,True,True,True,False,True,Lakshmi Mangal,Toilets locked
INSP02136,22-Jan-2026,SCH-0114,False,True,Yes,H,Haan,Chaitaly Bhasin,
INSP01483,24/07/2025,SCH0354,True,Functional,True,True,True,Yashoda Sehgal,Good condition
INSP00331,2025-12-04,SCH0420,True,True,1,True,True,Balhaar Chatterjee,Average
INSP01239,2025-07-22,SCH-0174,Y,,True,True,N,Qarin Mukhopadhyay,Needs repair
INSP00467,2025-05-05,SCH-0438,Hai,Y,Y,haan,True,Leela Bumb,Average
INSP02170,16/05/2025,0490,True,True,Y,Hai,False,Akshay Muni,
INSP01639,2025/09/09,SCH-0305,Yes,True,True,True,False,,
INSP02415,2025-10-23,SCH0259,Y,Yes,Yes,False,False,Akshay Bahri,No remarks
INSP01096,2025/07/10,SCH-0435,,Y,Yes,Yes,False,Caleb Bhakta,
INSP01131,09/08/2025,SCH-0035,True,False,True,True,True,Chanchal Modi,Good condition
INSP01295,2025-09-29,SCH0549,No,H,,True,True,Gaurang Raman,Good condition
INSP00861,11-01-2025,SCH0301,True,True,,Available,False,,No remarks
